# Resource object code (Python 3)
# Created by: object code
# Created by: The Resource Compiler for Qt version 6.7.2
# WARNING! All changes made in this file will be lost!

from PySide6 import QtCore

qt_resource_data = b"\
\x00\x01T\x89\
\x89\
PNG\x0d\x0a\x1a\x0a\x00\x00\x00\x0dIHDR\x00\
\x00\x01h\x00\x00\x01h\x08\x06\x00\x00\x00z\xe5a\xd5\
\x00\x00\x00\x09pHYs\x00\x00.#\x00\x00.#\
\x01x\xa5?v\x00\x00 \x00IDATx\xda\xec\
\xbdY\x8cl\xdby\xdf\xf7[\xc3\x9ej\xe8\xe9\xf4\xe9\
s\xee=\x97\xe7\x0e\xe2$\x93\x12E\x8b\x14EJ\xb4\
\x02[\xb2d\x0d6d\xc3\xb0\x848\x08\xfc\x94 \x88\
\x8d /yH\x82\xbc\xe4%H\x1c @\xe0\xd8\x81\
\x03\x1b\x88\x1c\xd8\xb2\x8d\x88\xb6%k\x08ej\xb2i\
\x92\x16\x07q\xbc\xe4\xbd\xf7\xdc3v\xf7\x19\xba\xbb\xc6\
=\xad\xb5\xf2\xb0k\xed\xdeU\xa7\xba\xaa\xcfp\xc9;\
\xec\xef`\xa3\xeb\xd4\xb0kW\xd5\xde\xff\xf5\xad\xff\xfa\
\x7f\xff\x0f\xdah\xa3\x8d6\xdah\xa3\x8d6\xdah\xa3\
\x8d6\xdah\xa3\x8d6\xdah\xa3\x8d6\xdah\xa3\x8d\
6\xdah\xa3\x8d6\xdah\xa3\x8d6\xdah\xa3\x8d6\
\xdah\xa3\x8d6\xdah\xa3\x8d6\xdah\xa3\x8d6\xda\
h\xa3\x8d6\xdah\xa3\x8d6\xdah\xa3\x8d6\xdah\
\xa3\x8d6\xdah\xa3\x0d\x00\xd1~\x05m\xbc\x19\xe2\xf0\
\xf0\xd0Ykq\xce\xe1\xff\xfa\xad>Y\x85x\xe8\xb6\
1f\xe5~\x95R\x0f\x9f\xf4\x8d\xfd8\xe7\x10B\xd4\
\x9b\x94\x92K\x97.\xb5\xd7E\x1b-@\xb7\xf1\xf6\x8f\
\x83\x83\x03\xd7\x04C\x0f\xb8\xfeoQ\x14\x00H)k\
\x80\xf4\xb7\x01\xb4\xd6\xf5\xed\xe6_\x7f;\x08\x82\x95\xef\
\xef\x01\xbc\x09\xf8\xcd\xcd\xbf\x7f\xf3\xb8\x9a\xc7)\xa5|\
h\x90\xf0\xc7\xb8\xb7\xb7\xd7^?m\xb4\x00\xdd\xc6[\
\x07\x8c}\xf6\xeb\xc1,M\xd3\xb9\xec\xb4\xf9\x17 I\
\x92\x1a\xf0\x94R\xf5&\xa5\x04\xc0Z\xbb4s~\x92\
h\x82q\xf3}\xac\xb5\x18c\xea\xdb\xce9\xb2,[\
\x0a\xec\xfe\xf5>C\xf7\x99x\x9b}\xb7\xd1\x02t\x1b\
o\x9a\xb8s\xe7\x8e\xb3\xd6R\x96%\xd6\xda:\xeb\xf4\
 \x1b\xc71B\x889\xf0\xd5Z\xcf\x81\xf4\xb2\x0c\xf6\
i\x01\xb2\x07\xce\xc5\xfd=\xea~=\xf5b\x8c\xa97\
k-\x93\xc9d\x8e\x96Y\xcc\xb2/_\xbe\xdc^c\
m\xb4\x00\xdd\xc6\x1b\x17\x87\x87\x87\xce\x83P3\xcb\xf4\
\x80\xa4\x94\x22\x08\x02\x82  \x0c\xc39\x00^\x07\x84\
>\x83]zr.y\xfd\xe2\xff\x9b`~\x9e\xc7\x97\
\xbd\xc7\xd3\x08c\x0ceYR\x14E\xbd\x19c\xe6\x06\
\x1c?P\xb5\xa0\xddF\x0b\xd0m<1]a\x8cA\
\x081\x07\xcaB\x08\xb4\xd6\x04A\x80R\xaa\xce\x90\x17\
\xb9\xe3e\x19ls1\xce\x87\xcf\xba\x1f\x07(W\xbd\
\xc6?\xf6F\x03t\x93\x82\x11B\xd4\x80\xec\x07\xb0<\
\xcf\xeb\xef\xaf,\xcbz\xa6\xe1\x1f\xbfz\xf5j{\x0d\
\xb6\xd1\x02t\x1b\xeb\x01\xd9\x03H\x13\xbc\x8c1H)\
\xeb\xec\xd8g\xca~\xf1\xae,\xcb\xa5\xc0\xdb\xcc\xaeW\
\xd1\x0b\x1e\xa0\xcf\x02\xcee\x8f\xaf\xe2\xa4\x1f\x15p\x9f\
V\x06\xbd\x8e\x1eq\xce\xd5\x00]\x14\x05eYb\x8c\
!M\xd3\xb9\xec:\x08\x82v\xf1\xb1\x8d\x16\xa0\xdb\xa8\
\xe2\xd6\xad[\xcegw>\x1bl\x82\xb0\xcf\x94\xfd\xb6\
\x98Q\x87a8\x07\xd0gQ\x0cg\xfd}T\xa0\x5c\
\x05\xc8\xcb\xf6\xf1\xa4\x00\xfc8\xafo.&.\x93\xf9\
5\x9f7\x99L(\xcb\x92<\xcfkZ\xc4\x83u\xcb\
a\xb7\xd1\xfe\xf8\xef\xc0\xb8y\xf3\xa6\xcb\xf3\xbc\xce\x96\
\xb5\xd6\x84aH\x14E5 7el\xcd)y\x93\
\xce\xf0\x8b\x81\x8b\xa0\xd4\xdc\x9a2\xb5e\x7f\x9b\x1c\xf4\
y\x00\xf6QAx\x15\xc7\xfd4\x00\xda\x0fjg=\
\xaf\xc9?\xaf\x03u\x0f\xd4i\x9a\x92\xa6i\xfd\xfb\xf8\
\xcc\xba\x05\xeb\x16\xa0\xdbx\x9b\xd2\x17~Z\xdd\xe4|\
\x85\x10t:\x9d\xa5\xea\x8aeJ\x8a&0{\xe0\x9b\
N\xa7\x0f\x81nsa\xac\x09\xf6\xcd\xf7=/\x10>\
nV|^\xb5\xc6\x93>\xfe\xa8Y\xf5\xba\x81\xa4\xc9\
a[k\x19\x0c\x06s\xaa\x11\xbf\x06\xd0\x82u\x0b\xd0\
m\xbcE\xc3W\xe5y\xf9\x9b\xbf\xc0\xfd\x94;\x8a\x22\
\x92$\xa9\xa9\x8cE\x99Xs\xc1/\x0c\xc3\x87\xb2<\
\xcf\xa3\x1ac\xeaB\x91\xb3\x16\x02}\x16\xd8\xbco\xf1\
\xf6\xd3\x02\xe6e\x8f\xaf\xcb\xa0\x9f6@7Axq\
\x86\xb0.\x13o\x0e\x9e\xcd\x05\xd7\xa2(\x98N\xa7\xa4\
i:W\xd8\xd3R -@\xb7\xf1\x16\x8b;w\xee\
8\x0f\xca\xd6Z\xf2<GkM\x14EDQD\x18\
\x86\x0f]\xfc>{n.\xfe\xf9\x98N\xa7s\xda\xdf\
E\x9a\xe3I3\xd8E\x8ev\xf1\xf9g\xbd\xc7y\x14\
\x1c\xdf\x0d\x80>\xaf\xccoq\x01uQ~\xd7<\xce\
\xe6\xe3\x8b\x8fy\xb0\x9eL&\xe4y^?\x1e\x04A\
[$\xd3\x02t\x1boF@~\xe6\x99g\x04T\xdc\
\xf2d2\xa1(\x0a\x82  \x8a\x22z\xbd\xde\x1c\x98\
.fi\xddnwN\x92\xb6(\x07[\xc7\xa1\x9eU\
\x08\xe2o/R*O\x9a=\xaf\xd3F\xaf\xcb\xbc\x17\
o\x9fE;|7\xd4\x1dO#\xee\xdd\xbb7\xa7K\
WJ\xe1\xcf\x876Z\x80n\xe3{\x1c\xfb\xfb\xfbn\
<\x1e3\x99L\x00\xe8v\xbbt\xbb]\xb4\xd6s`\
\xd3\xe4\x8e\xbdd\x0e \xcf\xf3:;nr\xd4\xe7\xcd\
R\xd7\x99\x19\xad\xcb\xaa\xd7\x01\xee\xba\x0c\xfa\xac\x0c\xb6\
\xc9\x9b?*@\xbfU\xc0\xb99\x08\x0e\x06\x03\xc6\xe3\
1eY\xd6\xbfq\x0b\xd4-@\xb7\xf1=\x02\xe5,\
\xcb\xf0J\x8c&\xe8\x86a8'\x87[\x94\xcb\xf9,\
\xdaoEQ\xd4\x5cuY\x96uF\xece^\xeb\x00\
{]\x06\xbdN\x85q\x96\x8a\xe3\xac,{\xf1\xff\x8b\
\x94\xcc\xe2\xed\xa6\xdb\xdd\xe3\xec\xff{\x1d\xeb\x0am\xac\
\xb5s3\xa4\xa2(\x98L&\x8cF#\xa6\xd3i\xad\
\xd0\xb9r\xe5J{\xad\xb7\x00\xdd\xc6\x1b\x19\xb7n\xdd\
rY\x96Q\x14\xc5\x1c0\xf6z=\xfa\xfd>J\xa9\
ZO\xeb\xa5Yq\x1c\xcf)3\x8a\xa2 \xcb2\xfc\
~\x9a\x8b\x80\x8b\xa0\xb0\x08\xbe\xcb@\xec\xbc\x00}^\
\x10_\xa5\xf2XEs\x9c\x07\x80\xd7\x1d\xcbY\x9f\xef\
\xcd\x1c~\x80n\xaae\x8c1\xf5y0\x9dN\xeb\x05\
]\xa5\x14\xefz\xd7\xbb\xdak\xbe\x05\xe86\x9ef\xdc\
\xbe}\xdb\xa5iJ\x9e\xe78\xe7\xeaE\xbf0\x0c\x89\
\xe3xN\x01\xe0U\x1aQ\x14!\xa5\xac3c\xffz\
\x9fQz\xda#\xcf\xf3\x87\xca\xb4\x9b\xaa\x8eu~\xca\
\xeb\x00r\x11\x18\xcf*h9\x0b|\x97Y\x8d\xae\xcb\
|\x97Q$\xe7q\xc4{3R\x1b\xeb\x06\x08\xa5T\
\xad\xaeY\x9c\xfdx\xb0\xf6\x19\xb5\xafZ\x0c\xc3\x90\xe7\
\x9e{\xae\xbd\xf6[\x80n\xe3q\xa2)\x93kf@\
A\x10\xd0\xe9tj\xf0]\x94\xb9y\x9a\xc3?f\x8c\
a:\x9d\xce\xc9\xe2\xfcE\xed\x01\xd9+3\x16\xb3\xe1\
\xc7Q7\xac+\xc1~\x14\x80^\xf5\xfeM\xd0j\xce\
\x00\x96\x1d\xfb:\x8e|\x19\x80\xbf\x95\xa2Y(\xd3\x9c\
)\xf9\x85\xc3&U\x95\xa6i\x0d\xd4\x9e\x1ay\xe1\x85\
\x17Z\x0ch\x01\xba\x8d\xf3\xc6\x9d;w\xe6\x8aJ\xf2\
<G)E\x18\x86$IRs\xcc\xbe\xdc\x1a \x8e\
\xe3\xdaW\xd9s\x90\x1e\xd8\x17\x81\xcf_\xac\xcdR\xed\
\xc5.&\xcd\x8b\xfd,\x0e\xf7Q2\xe7\xb3\xe8\x8ee\
\x8f\xaf\xa22V\x0d\x1eg\xbd\xaf\x9f\x01\xac\xcb\xbc\xdf\
\xacY\xf5\xba\x0c\xda\xff\x9e\xfe\xf7[\x9c\x0d\xe5y^\
\x0f\xda\x9e\x12\x19\x8dFx\xb5\x8f\x07p\xadu+\xd3\
k\x01\xba\x8duTF\x9e\xe7\xf5\xe2\x9f\xb5\x96\x8d\x8d\
\x0d\xe28&\x8a\xa2\x9a[\x04\xe8t:u\x15 P\
kc\xd34\xadA\xb5Y\x9d\xe63\xadf\x96\xb5X\
T\xb1\x0a\x10\x9e\x94\xd6X\x050\xab2l?CX\
\xacb\x5c\xe6\x9c\xf7(\x19\xb4\x0f_\xf8q\xde\x99\xc0\
\x9b\x0d\xa0\x9b\xb4T\xf3{\xf3\x80\x1d\x04Am\x7f\xea\
\xe9/\x0f\xd4Y\x96qxxX\x9f\x17Z\xebv1\
\xb1\x05\xe86\x9aT\xc6\xde\xde\x9e\xb8s\xe7N\x0d\xcc\
Y\x96\x01\xa7\x0b\x7fA\x10\xd4\x15dA\x10\xd0\xef\xf7\
\x89\xe3\xb8\x06\x97\xc1`\xf0\x10\x85q\x96\xbb\xdc2\x10\
vN %\x08\x07\xd6\x95X{\xea\xff\xa0\x94b\x9a\
g\xb3\x0bX#QH\x02\xacqX\x0b\xc2:\x8a\xc0\
\x9b%9\xa40\x08g\x91\xc2\x01\x16!\x1c\x16\x83\xa0\
\xda\xbf\x16\x12%%ZH\xe4\xec\xd4\x0b\x83K8g\
1\x14\x08\xed@\x97\x18W\x90\x17\x13\x0a\x93\x93g\x96\
\xa2\xc8\x18\xe7\x13\xc6\xd9\x88q:&-\xa7\x14&\xa7\
t%\x03;XZ\xf8\xe1\xb7m6\x90R\x12\xe9\x88\
8\xec\x90\xc4}\xbaI\x8fN\x94\x10\x04\x11\xdd(\xa0\
\x13w\xe8$\x1bH\x11\x80\xd3`\x00\xd7\xb8B\xaa\x8f\
\x83u\x15\xcf\x8b\x10H\x05BJ,\xd5\x82\xadu\x02\
'$\x02\x85\x93\x12\x078\x07\x88Yf\x8bC#P\
\x12p\x16\x8c\x01\xe702\xc18\x87\x93\x0e\xa9$8\
\xb0\x85E\x18\xd0RbU\xf9t.\xf43\x06\x1a\xa5\
\x14\xc3\xe1\x90\x93\x93\x13\xb2,\xab-d[\x89^\x0b\
\xd0\xef\xf8\xd8\xdf\xdfwi\x9a\xd6\xd3\xcd(\x8a\xe8v\
\xbb\xb5C\x9c\x97\xc1\xc5qL\xb7\xdb%\x8a\xa2\xdac\
\xd8g\xd9^&\xb7h\x0e\x7fV&\xb6\xf8w:\x9d\
V\x95\x84R\xa1\xb4\x98\xcb\xae\x9d\x15\x846\xa0\xa4\xc4\
XK)\x0cBY\x08$B+\x84\x828\xcff\x19\
\xba\xc3Y\x85E\x22\x84F\x0a\x8d\x10\x8a0\xb8P\x9d\
h\xda\x81\xb2\x18i\xc8\xcd\x94I:&\xcb\xa6\x1c\x98\
o3\x1e\x0f9\x1a\x1c\xf1\xe0\xe4\x1e\xc7\x83\xfb\x0c\x86\
\x0f\x18\x8c\x87\xa4\xe9\x84\x81\xbc]\xc9\x00\x9d\xa1\xb4\x05\
\x16\x83\xc1\x80\x04+-\xddQ\xb8\xf4s{\x80\x1e\x84\
c\x84\x03f\xc3\x8b\x12\x1a%\x03\xb4\x0c\x10BpQ\
^%\x0cczI\x8fng\x83\xad\x8dm.l\xef\
\xb1w\xe1\x22\xfd\xde&\xef\xda\xfe\x01zI\x8f\xcd\xee\
\x16!\x11\x12\x8d\x04L\x09X\x874\xb3\xac\xdd\xab\x05\
\x85\x01Q\x02\x06\x09\xc8@b]5\xa09+\x01\x09\
b\xd6G\xd1A\xa0\xc1X\x83q\x16;\x03s\x0c\x84\
R\xa3\xb4\xa64O\x06\xd0\xeb\x0a\x8d\xfc:\x86\x10\x82\
\xf1x\xcc\xf1\xf11i\x9a\xd6\xd9v\x9bQ\xb7\x00\xfd\
\x8e\xcc\x9c\xa7\xd3)^\xcb,\xa5\x9c\xf3\xc7h\x16P\
x\xde9\x08\x02\xca\xb2d<\x1e\xd7\x0b\x7f~*\xfb\
pV|j\xb6\xb3\xceM.\x0a\xc29]\xb4E\xcc\
e\xa4I\xacg\x19\xe2\xec5\xe2\xb4\xabJa\x0d\xbd\
2\xc6\x09@I\xa4R\xa80@(Y\x01\xa9sL\
\x8a\x03\x06\xe3\x01\x07\xc7\xfb\x1c\x9e\xecsot\xc0\xbd\
\xe1\x01\xf7\x06\x87\x0c'C\x8e\xcd]\xca2\xa70%\
\xce\x19\xa4\x16\x08-\x913\xf1Hh6f\x5cH\x95\
\xca\x0a!@\x9eN\xe7\x03\x91\xaf\x04\xe8BV\xb3\x0d\
ag\xcf\xb1\x02\xec\xe9s\x0b=\xc0\xda\x0a\xa8\x5c\xe9\
\xb0\xe5\xcc\x90H\xcelV\xcb\x84~g\x93\x9d\x8d\x0b\
<\xb3\xfd\x0cW.<\xcf\xf3\x97_\xe0\xf9g_d\
w\xfb\x22\xdb\xfa\x05\xb4Rh?'p\x0eW\x16\xe0\
\x5c\xf5\x9eB\x01\x12\x8b\xc3\x08\x09B`\x84\xc4I\x81\
\x10\xc0h\x00J\xa2\xb4F\x05\x1a\xb0\x98\x19\xbd%\x11\
\x08\x19>Vf\xecc\xb1\xa7\xe3YY\xb4_X\xce\
\xb2\xac^\xc3\xf0\x12\xbe(\x8a\xda\x8c\xba\x05\xe8wF\
\xdc\xbau\xcby\xca\xc2Z[K\xe2|g\x12\x0f\xbc\
q\x1c\xd3\xe9t\xd0Zc\x8c\xa9\x17v\xbc\xd4n\x19\
u\xb1(\x93k^\x9cgQ\x1c\x02[g\xcb\x16\x81\
\xa0\xd2\xd3JU\xedo`\x1f \x9cD:I@@\
D\x82v\x1aaDE\x05ll\x82*)EJ\xc6\
\x90\xe3\xc9!\xb7\xef\xbd\xca\xad\xfd\xd7\xb8\x7f|\x97\xfd\
\x07_g\x9aM\x18\xa4\xc7\x8c\xcb1\xa5Hq!\xa0\
K\x90\xd0\xe7\xea\xec\x98\xcc\x0c\xb4\xc4\x8c\x1e\xa8>C\
\xc7\x84s\xa7\xa9\x07Z\xe7\xaa\xfb&Q\xb8\x94\xab\xad\
9\xec\xac\x92\x96\xc9\x19g\xa1\xfc\xbe*N\x87QP\
\xd4\x1c\xac\x923`\xb7\xa7*\x08\xdb\xcdp\x06L\xe1\
0S\x07\x85\x22  \x0e\xba\xc4A\xcc{\x9f\xff~\
v\xb7\xf7x\xfe\xca\xbby\xfe\xd9\xf7\xf2\xcc\xd6\xbb\xd8\
\xea^\x22Q=\x04\x12\x97\x82\x10U\x86m\x01\xebr\
\x1cE\x95>KG\xa4\xba\xe0D-\x93\xab>\x96\xf5\
\x1f\x16A\xf0\xd48\xece@\x1d\x04A\xad\x99nV\
\x98zi\xdep8\x9cki\xd6.$\xb6\x00\xfd\xb6\
\x8d\x9b7o\xba\xd1hD\x96e\xb5OF\x92$\xb5\
\xe3\x9co\xb2\xda\xcc\xa4\x8f\x8f\x8f\xeb\xc2\x12o\xe6\xee\
3#\xff\x9ae\x19\xe4\x22/{\x16Hg\xe9\x08\xa5\
\x02\x94\x8e\x11\xcc\xd4!\xae\xc4a\x00K\xa4{\x15P\
\xb9j\xe0\x90\xba\xe2\x9b\x9d\xab(\x95o\x8f\xbf\xca\xdd\
\x07\x87\x5c\xbb\xfd\x1dn\x1e\xbc\xc2\x83\xf1m&\xe51\
V\xa4Xa\xd0\xeab\xcdQ;)j\xf0\xa9U%\
\xd3\x99&[\x9cZ\x9dZ<@B\x99\x0cgG\xef\
ykq\x9a\x0d#\x11bM!\x89\x9e-2\xd6\xcf\
kxUc\x89\xec\x85\xd9`VV\x94\x85\xf2\xe5\xe1\
\xd5\xb3'Ec\xc1U\xceT0\xe2t\x11n8\xb9\
\x850\x12ac:z\x93\xbd\x8d+\xbc\xf0\xec{y\
\xe9\xf9\xf7sy\xf7Y>\xf6\xfeO\x12\x05\x01\x91\x8c\
\x09Q`\x0d.\xb7\x88\xb2\x1a#2\xe9\x07\x1b\x89\x14\
\x95i\x95P\xd5\x00R\x1a\x83\xc0>Q\x06}V\xb1\
\x91\x7f\xed\xe2\xf9\xb3XB\xefm\x04\xc6\xe31B\x08\
\xba\xddn\x9bM\xb7\x00\xfd\xf6\x8a\xd7_\x7f\xddM\xa7\
\xd3\xba\xf0\xc3\x97\xdf\x86a8\xd7R*\x8e\xe3:\x93\
\xf6\x17\xc5h4zhu~Q\x12\xd7\xe4\xa0\xfdE\
\xb6\xacK\xf6\xb2\xbfJZ@b\xac\x9ce\xd1\xa6Z\
\xd8\x92\x06!-\xbd\xe1\x05\x08\xc0\xc5\x05S=\xe4 \
\xbb\xcd\xab\x87/\xf3\xed[\xdf\xe0\xce\xbd;\x1c\x8f_\
\xaf\xb8rcp\xa2Zc\x93Z\xe1\xbc[^Y\x95\
c\x07*@\xa3\xb0\x85\xc3\x95\xe0L\xf5\xbe\xb23\xc6\
Y\xb1\xe4\xf8f\xb2\xb0\xa6N\xd9\x09\x16\x9d9b7\
^\xf9\xddOl\xb7q\xb6\xdb\x87\xbe\x97@6\xad>\
\xed\xdc\xecA\x08G\xd7nV\xc5>\xb6\xa0\x14%R\
\x0b\x5c`qb\xd61%\xecW\xfb3\x16[\xe6\x98\
\xac\xc0\x16e5\x94\x08\xc1\xc5\xe02\xcf=\xfb<\x1f\
|\xf7\x87\xf9S/\xfd\x10\xcf_|\x0f\xbb\x9dg\x89\
D\x02\x16\xa6b\x82\x12\x0aiC\x9c\x11\xd5\xf85;\
\xa6\xd2\x96h\xf5d\x95\x8c\xeb\x14)\xc6\x98\xda\x07\xdc\
\xeb\xa7\x9b\xe7\xa9_\x07\x19\x8f\xc7\x8c\xc7\xe3Z\xf6\xd9\
.$\xb6\x00\xfd\x96\xe7\x99\xfd\xb4u0\x18\x90e\x19\
I\x92\xb0\xb1\xb11\xe7\xc1l\xad\xa5\xdf\xef\xd3\xedV\
@\x92\xa6i\x9d\xb5\xa4iZ\xcb\xa2\xfc\xc5\xe3\xa7\xde\
\xfe\x82k\xf2\xc7\xcb\xb2\xe5u-\xa7\x04%\xc68\x8c\
\xad\xa4k:T\xd5b\x1e\x19\xa5\xc90d\xdc\xb9{\
\x9b\x97o|\x93W\xf7_f\x7ft\x93\x91;\xa1T\
\x19V\x97\x84\xb6r\xc3\x13(\xa4\x0c\x90bFI\xb8\
jA\xcc\xa8\xc3\x9aQpN@\xe9\xc1B\xa1\x84$\
\x97\xe9CS\xf19?\xea\xa2\xf9\x99N\xf9\xf6\x19\xc3\
\x81u\xc9J\xa7\xbdH\x97K\x01\xcb\x09\x10(R1\
+\xf4\x90\xae\xf1}\x9a\xfa;U\xceg\x9aTj\x17\
!\xb0\xae\xa4,+\xd5L\x91o!%h\xadP\xda\
!\xa4\xc19\x8b\x9b\xa9;\x5c\xe9\xb0\x05P\x04\x84t\
\xb8\xb8\xf1\x1c\xef}\xf1\x07\xf8\xe0\xfb~\x90\xe7\xaf\xbc\
\xc8\xbb\x9fy\x89H\xf4\x08\x891\x85 \x9f\x9aY\xe2\
/Q\x81\x9c\x0dd\xe7\xa30V\x01\xf4Y\xdf\xd1\xa2\
\xbb\xe1b\xe3\x00\xdf \xc0g\xd3'''s\x8b\x88\
R\xca\x96\xf6h\x01\xfa\xad\x15\xfb\xfb\xfbuK\xa9\xc1\
`@\x10\x04t\xbb]z\xbd\x1eB\x88\xda\xc77\x08\
\x02\xb6\xb6\xb6\xeab\x83\x93\x93\x13\x06\x83\xc1\x5c\x01A\
\xd3\x8b\xd9\x97\xf1\x02\xb5\x82\xa39Em\x82o\xb3\x03\
\xc7*\x90\xd6J`\x0d +\x9e\xd1Rp2~\xc0\
\xed\x83\xeb\xdc\x7fp\x87\x7fu\xfc\xff`\xf2\x82\xb2(\
\x10\x0eB\xa1\x08\x94\x02\xeb\xaa\xac1\xe8\xe2\xdcl*\
n*jD8\x87\x14\xae\xa25L\xaf\xca\xac\x85\xc5\
\x091\x9b\xbe[JWb\x9c%\xb6\xf1)\xe5\xe1\xa8\
\xa9\x93\xfa\x04\x95\xe1\x8cn\xa9\x92K!+\x99\x9b\x90\
\xd5sJ\xbb\xbc\x12\xd0\xef#\x98\x01\x90qM\xed\xf7\
i\x1e\xae\x99\x9fu8\xe7j*CJ\xc9P\xcc\xca\
\xa7\x9d\xa8U\x1b\xca\x81\x12\x12-\x15NTUy\xd6\
\x80\xc5\xe1\x908Y\xc9\xed\x002U\x19\x16)!\xab\
\xc5\xd0<\xc7\xda\x92@*\x82P\xf3\xb1\x9d\x9f\xe7\xfd\
/}\x80?\xfd\x81\x8f\xf2\xfc3\xdfGgF)\x15\
EAir\x94\x8c\x9e\xce\x85~\x06@\xfb\x81\xd0\x7f\
\xfefk\xb3E\xba\xc3\x03\xf5t:\xe5\xc1\x83\x07\x0c\
\x06\x03\xfa\xfd>Q\x14\xb5\x8d\x03Z\x80~\xeb\x80s\
Y\x96L\xa7S\xa6\xd3)A\x10\xb0\xbd\xbdM\x92$\
dYVg\xc5[[[\x84a\x88\x7f\xae\xe7\xa6\xfd\
\xc5\xd1\x04\xd9&\xa5\xe1/\x18\x7f\x9f5\xd9l\xf6^\
\x01Oi\xc1\x22@(\x90\x8a\xa2\xac\xb2dE\x81\xa0\
\xc0Z\x875\x92\xd2)\x8c\x0d\xe8\x07\x01.\xc8\x18\xb8\
\xbb\x5c{\xf05\xbev\xf3\x8b|{\xff\x1b\xdc\x9f\xde\
#w\x05\xdb\xe1\xc6\xea\x13H\xcd.\xe0\xd9\xfbW\xf8\
9+%wP\xb8\xd3\x85J\xd1\x00_I\x05\x82%\
M\xaf\x8f\xd3\xc51\x1f%\xee\xa1L\xb0y\xdb\xd8l\
\xe5\xf1I\x11?4(5\x07\x80\xc0\xc8\xfa=\xe7\xb3\
\xcd\xd3l\xdd\xb0\xb0\xb8*N\xab\x13\x95\xa7v\xdcl\
\x10\xf1\xc7.E5m(W\xab0\xc6\xee\x84\xb2p\
t\xc2\x1e\xef\xbd\xf2\x01>\xfe\x81O\xf2\xd1\x97~\x8c\
\x17w\xdeMGnA\xae)KCn\xa7XU \
\x02\x89S\x12K\xf5\xfb\x06\x85\xc0\x94\xd5\xc2\xa3\xd6\x95\
\x5c\xd2Y\x8d+\x05\xa6\x04\x19\xaf\xee\x9a\xbe\xae\x14\xbe\
I\x9b5\xdd\x10}\xb5\xeb\xdd\xbbwk\xa5G+\xc9\
k\x01\xfaMKgxI\xdbd2\xe1\xf8\xf8\x18\xa5\
\x14[[[t:\x9d\xba\x19\xa8\xd6\x9a\xcd\xcdM\x92\
$\xc19W[Bz\x87\xb9\xe6\x22`\x93\x02Yl\
I\xd5\xfc\xbf\x0c#l\x99cKS\x83\x8a1\x86\xc2\
\x94\x14\xd6\x10J\x0bVbJ\x01FV\xe0\xad\x1d\x22\
\x04\x11\x09\xbey\xeb\xcb\xdc9\xbc\xce\xab7\xbf\xc1\xe1\
\xe0\x06\x99\x9c\x12$\x12\x19)P\x123SA\x9c9\
\xc5\x16\xb6\x06[1\x03\xae\xb9\x81e\x96\xa5\xe9Fs\
YkK\x98M\xddM\xb0\xbc\x92\xb0:9\x15\x18\xbb\
\xb4\xdf\xa1\xbf/\x0aW\x03`\xb9\xa4xgYvX\
\xef\x97y=\xb9-Og.B(X\xcc4\xdd\xc3\
}\x1a\xfd\xa2\xaa\xb1\x16%\xf4\xca\xe3\xb3T.s\x85\
u\xa4\xa3\x0c2\xc9\xb3[\xcf\xf1\x03\xdf\xf7a\xdes\
\xf5}\xfc\x99\x1f\xfe\x04\xfd\xee\x1e\x1d\xb9\x8bt\x9a\x22\
\x05S\x96H\x91\xe1lF\x86CJM\x10D\x08\x02\
\xca2\xc7\xd8\x02\xa5\x1cQ\x1cR\xa4nm\x16\xbd\x8a\
\xab^\xbc\xedgl\xcd\x96j'''\x8cF#\x94\
R\xf4\xfb\xfd6\x9bn\x01\xfa\xcd\x15w\xee\xdcq\xbe\
\x13\xb3\x17\xfew\xbb]\x92$\xa9\x81\xd9w\xcd\xf6\x9c\
\xf2\xc9\xc9\x09GGGs\x05&\xcd\xecyN\x9b\xdc\
\xc8\xa0\x9b\x9b\xb5\x96Lh0\x06a,8\x83\x10\x15\
\x0f*\x84\xc0\x09G\x08L\xc6\x05Y.\x09\x93\x0e*\
q\xdc\x9f\xbc\xce7\xae\x7f\x81\xd7n~\x9d\xefLo\
al\x86u\x05\x81\xaedW\x0aE\x9e\x95\xe4yA\
\xd4\xd5k\xa7\xce5\x981\xef\xdba\x85\xc5\x98\xca\x1f\
\x22\x90\xaa\x91I\x9f^\xf8F\xda\x06pSK\xfe\xbc\
\x94.\x5cR\x1d\xd8\xdcL\xaeV\x1f\x9f6K\x07\xb6\
\xfa\xffAc@h\xe8\xab\xbd:D\x9a\xf9\x8aL\xcb\
\xfc\xc0\xa9t\x17\xb1\xe0e\x22i\xd2.f\xf5\xc9S\
H\x90\x16\xa7-V\xb9J\xc1RXLj)\xf3\x92\
\xab\x9bW\xf8\xc8\x87~\x9c\x1f\xfb\xf0\x9f\xe7\x85\x8b\x1f\
`C\xec\x10Y\x8d\xb6\x0eW\xe4\x8cd%\xc9\xb4\xae\
d\x92\x8e\x01K\xd4I\x10\xc2\x91\xa6)\xb1J\x9e\x08\
\x94\x17U\x1e\x8be\xf6>)\x19\x0e\x87\xb5\x09\x93\xd6\
\x9a\xe7\x9f\x7f\xbe\xc5\x96\x16\xa0\xbf\xf7q\xf3\xe6\xcd\x9a\
\xd2(\x8a\x82n\xb7[\xf3\xca\x93\xc9\x04\xe7\x1c\xdb\xdb\
\xdbt:\x1d\x00\x06\x83\x01\xc3\xe1\x90,\xcb\x1ej)\
\xe5\x01\xa4\xd9\xc2h\xf1o\x13\x9c\x9dsL\x0bK\xa4\
\x03\x94\x90\xe0\x1c\xb6(1\xa6\xa0t\x95t\xcc\xa0\x89\
:1\xa5\xc8\xb8q\xf7\x15\xbev\xeds\xbcr\xf8E\
\xc6\xee\x0e**Hu\x17!A\xb8\xaa@\xc2\xe4\x06\
\xe94I\xd8%\x0a\x13&\xf9\xe8\xdc\xdf\x85\x9b\xd1\x04\
\xae\x01tR\xea\xd9b\x99\xa1,fj\x89\x86\xa9O\
\x96e3\x0dr\x80\xd6!Z\x07h\x15\xa2T\x80\x94\
\x92\x8dYU\xa5\xf7<\xf6\x9b\x07\x89@u\xd6d\xd0\
\xd9\xdc\x80\xd7\x5chu\xce1*F\xf5\xfd\x15\xaf\x9f\
\xd3\xec\xe9\x18\x84\xa7\xdc\xb4\x15\xcc\x16\xcd$RW\xc7\
Q\x98\xd3\xdfC\xcc\x06\x169\xd3\x92W\x0b\x8a\xf9\xca\
\xe3\x8bD\x97\xd2\xe6\xa4fJ)\x0b\x84r\x08\xad\xd0\
b6#\x99\xf4\x98\x8c\x87\x84F\xf2\xdew\xbd\x97?\
\xf7#?\xcd'~\xf0'\xd9\xeb^\xa5\x98*\x14\x11\
\x93\xe9\x08!s:\xfd\xaay\xc1x\x92aMH\x12\
o`\xccpe\xf6|^3\xaa&@/6\xb5\xf5\
\x96\xa7\xa3\xd1\xa8\xaeD\x0c\xc3\x90N\xa7\xd3. \xb6\
\x00\xfd\xbd\x89\x83\x83\x03\xe7\x0d\xd1}\x96\xbc\xb1\xb1A\
\x14E5?7[\xe1\xae\xcb\xb3G\xa3\x11\xe3\xf1\xb8\
v\x99\x13B\xd4\xb7\xfdE\xee\xc1\xe1\xac\xca\xc0\xc5\xff\
kU)\x05\xf2\xccb\x0a\x8bP\x0a\x19(\x1cP\xda\
\x82C{\x97\xdb\x87\xaf\xf2\x9d\x9b_\xe1\xce\xc9\xb7\x19\
\xb9\x07\xd8\xb0\xc0\xca\xca'#*\x12\x9cth}j\
\xfa^ZC\x9eW>\xd2I\xb4\x1a\x00\xbd\x83\x9aR\
\x0a\xe1\xa7\xf8\xee\x14\xe0l\xd1\xe4\x8e+\xe0\x09\x82\xb0\
\xee\xf4\xb2\xdb\xbd0{}\x80\xd6\x01\x81\x8e\x08\x82\xa8\
\x06hc\x8a\xd5\x1ci\xb9\xc6\xed-\xd0K\x81\xc6\xdf\
\xd6\xd2\xceu+/\xcb|\xae\xbb\xcc\xe1\xe8\xa0\xa2\x8c\
\x8a\x82\xa2\xcc)\x8d\xa95\xe1B\x08\x8c\xcc\x91R\xcf\
y0c\xab\xd9@\xb3\x1b\xcdY1\x99fDQ@\
\x18i\x9c\x14\xd5@V\x96\x08Wy\x96\x0c\x0bK'\
\x09\x89\x02A:\x1c\x93\x0dJ\xf66\xaf\xf2c?\xf2\
S\xfc\xe8\x0f\xff\x04\x1f\xda\xfe\x01\xa4\x08)r\xc83\
\x8bDVV\x01\xce\x92\xe5c\xd4\xac\x90\xe7\xbcn}\
\xcbZ\x82\xadr\x15lv\xc4\xf1\xdfS\xd3\xd6tk\
k\x8bg\x9f}\xb6\xc5\x99\x16\xa0\xbf{\xb1\xbf\xbf_\
7g\xf5Y\xb3\x97\xc9\x95e\x89\x10bN:7\x1a\
\x8djyR=\xfd\x9f\x81qM\x0f42\xbc\xe6\x85\
}\x16\xcdQ\x03\xb4\xab\x16\xfe\x8a\xd2V\x19\x9e\x16\xa4\
\x22\xe5\xfe\xc9=\xee\x1d\x1d\xf2\x1f\xf6\x7f\x87I~\xcc\
(\xbfG\xa1Rd\x18\xa0T\x1fcz\x94\x85\xe2\x82\
\xcc*\x8e\xdcT>\x17\x04\x02\xa9+z\xc2\xe2\x08\xec\
\xeaJ6\xe1\xed.KW\x9b5iq\x0aXJ(\
\x82 \x22\x0e#\xe2\xb8\xf2\xb2\x8e\x83\x98@\x87U\xe3\
\x01\x17\xe2U\x15\xae\xfe\xd8\xa7\xe5\xe9B\xab\x95\x8b|\
rM\xa1Ji\x1e\xb68\x9d\x03\x1b\xeb9\xea\x06\x10\
\x89\xd3\xe2\x8el\xa6\xd2(\xca\x9c<O\x99d)\xd3\
i\xa5\x07.M^-\xde\xf9\x0c\xdc\xd9J\xd1\x22\x04\
B\xc9\x99\x09\xd5j\x8aHu\x14en(\xb3\x1c\xac\
 \x90\x01\x81\x08\x113\x90\xcf;C\xb2\xd4\x80\x8b\x88\
\xa3>\x02\xc54\x1dR\x9a):\x80\x9fy\xf1?\xe2\
\xe3?\xf2\x17\xf8\xd0{~\x0aU\x5c`r\x5c\x10\xa8\
\x92N7E\x881Y\xd9\x7fb\x0ezY\xd7\xf1&\
\x05\xd2l\x16\xa1\xb5\xae\xd5K\x83\xc1\xa0\xa6\xfc\x92$\
i\xb9\xe9\x16\xa0\xdf\xf8\xb8}\xfb\xb6\xf3>\x05~\xf1\
hss\x13\xa5\x14\x93\xc9\x04)%\xdb\xdb\xdb5\xd7\
|\xe7\xce\x9d\x87\xbad73\xe5\xc5E\x97E\x9e\xd9\
\xbfn\xf1\xf1z\x91&\x1d\x13u\x12T$\x19\x95#\
\x0eG7\xb9v\xf7e^\xbe\xf9Un\x1e^\x87\xee\
\x14\x15*d \x11R\xe2\x9c\x04\x13\xa0\x5c\x8ct!\
B\x0cO%}\xceal\x81\xb1\xb6*\xd6\xd0\x0a\x8a\
u\x95z\xd5B\x9e-]U\x0e\xae\x02:q\x97n\
\x5c\x99>mo\xee eu\xe1j\xa1\xc1\xc9J\x0f\
m\x1d 0\xa6\x04\xc4\x99\x1cs^\x16g\x82\x8b\x10\
\x0f\x17\xae<\xf4\x1c\xa5\x1e\x02\x95\xe6\xff\x95\x90\x0b\xe0\
?\xaf\x98\x91ZW\xa5\xda3^\xda`\x1a3\x04\xc3\
\xd1\xc9\xf1\x0c\xb8'L\xb3\x09y\x99c08aA\
I\xc4\x1a\xb3\xa3I\x91\x11*\x8dV!X\x813\x06\
k\xa8g%\x85\x98\x00\x12%\x13\x04\x92\xac,f\xe0\
\xec\x88:\x9al\x7f\x82\x16=>\xf0\xd2\xc7\xf8\x99\x1f\
\xff\xcb|\xf8\xfd\x1f'q\x09\xd9p\x823\x16\x1d$\
OLo,J\xf1\x9a\x9e\xe1\xcdB\x97\xe6\xbe|6\
\xfd\xe0\xc1\x83\xbaE[\xa7\xd3i\x95\x1e-@\xbf\xb1\
\xe0\xec\xab\xa9|V\xb0\xb1\xb1\xc1x<\xc6\x18\xc3\xc6\
\xc6\x06\x1b\x1b\x95,\xcd;\x83\xe5y>GO4\x81\
\xd6S\x1c\xcb\xc0\xd9\xd3\x1c\xfe\xef\xe2s\xea\xc5E\x01\
(\xb8?:\xe4\x1b7\xbe\xcc\xb7\xee\xfc1\x0f\xca\x1b\
\xd8\xee\x98\xa0c\x11\xd9%\x8c\xb1\xb3LR\x12JG\
 \x0b\x84\x9b l\xc6P\xc7\x88\x99\xcb\x9bD!\x9d\
<\x95\xcd\x89\xf5F;\x05%\xb1\x8e\xe9u\xfalt\
7\xe9\xc5=:Q\x8fH\x06\x08\xa1f*\x88\xd9B\
\x9e\x158[\xc9\xf0\x84P(\x04\xb9.\x1a\xe0hf\
\xb7O)\x9e@\x06K\x81\xf5T\xae\xb7z\x91pq\
\xe1r\x11\x84N'+\x0b2\xbb\x99\x5cN\x98\xa4V\
w@UAX\x97\xabK\x87Vq5\x90\x0aCZ\
L\x18\xa5CNF'\x0cF'L\xf3\x14\xc5j\x0e\
ZJ}z~\xcc\x06|#-\xa5\xad\x0aa:\xee\
\x19\x10\x19\x96!\xd6M+\x0e\x5cD`\x13L\xa9\xc9\
B\x81\x96)\xe5\xf8.rZ\xf0\xfe+\x1f\xe6\xa7>\
\xf6\xd7\xf9\xd8\xfb\x7f\x91\xdd\xde6\xa3\xe9\x83\x95\x19\xf4\
\xba\xa6\xbdM\x1f\xf1\xc5\xccY)U'\x19~V\xe8\
\xf5\xfd\xcdn=\x0f\x1e<\xe0\xe4\xe4\x04)%\xbd^\
\xaf\x05\xe9\x16\xa0\x9fn\x1c\x1e\x1e\xba\xa6\x1f\x86R\x8a\
$IH\x92\x84\xe9tZ/\x88$I2g\xdb8\
\x1c\x0e\xebr\xd9e\xd9\xaf\xb5\x16Y\x8c\x91:\xc2\xa1\
\x99f\x86\xd2\xd8\xd9\xc9n(\xca\x8cR\xda\x0a\x84J\
\x83('H\x91Q\x16\x02S\xf6\xd1\xea\x02\xdf\x89\xff\
%\xdf\xb9\xfe2\xdf\xba\xf1MN\xd2cd\xec\x08\xa4\
\x02+\x10VP\xd8b\xae\xcb\xb7\xbf\xb0|\x16\x1f\xce\
\xac/\x9d\x00'+\x03\x9f\xcak\xa2\xc4\xe2PB\xa2\
\x10\xb3\xacW \x8c\x22P\x01qX\xf9\x85\xbck\xf7\
\xfb\xea\xa9\xad\xcf\xc4\x17\xdd\xf4VO\xaf\xd7\xf1\xb4\xf2\
\x0d\xfeu\xd7\xbd\xff\xea\x01\xc0\x98\xf2\xa1E\xb3\xe6\xef\
\xbd\x7f\xff\x16\x93|\xcax<$\xcd\xc78i@\x81\
\xd4\xf3zw\xe7*p\x0eT\x08\xae\xea\x8cc\x8a\x02\
\x14s\xc5I\xbe\x0c\xbb\xfe\x9eE\x88s\x96P\x03\xce\
0<\x1e\x22l\xc0\x9f\xfa\xfe\x1f\xe2\xa3?\xfc1\xfe\
\xf2\xd5\xff\x02D\x0a\xa2\xc0Y\x8d\xb51\x0e\x09\xda \
T\x8a.6*\xd9\xa3\xb2(%f\x05G\x16\xec\xcc\
wD\xcb\x87\xe8\x8eU3\x9a\xe6w\xd1\xcc\xb2G\xa3\
\x11GGG\x14EA\x92$m\xab\xad\x16\xa0\x9f\x1e\
8\xfb6Ai\x9a\x92$\x09\xdb\xdb\xdb\x95\x99\xfdt\
J\x92$t\xbb]\x82 \xc0\x18\xc3\xd1\xd1\x11\xc3\xe1\
\xb0\x9e\xfa53\xe4&\xc5Q\x97\x12\xab\xcaw\xa3,\
-*\xa8@\xae(2\x8a\x22\x03\xe7\xd06\xc2R\xf1\
\x9c\xe3\xb1\xa00!\xc1\x86\xe0(\xff\x16\xdf\xbe\xf9G\
\xfc\xc9\xb5o3)\xc6\xe4\x22C\xc4 \x02\x07\xc6\x22\
\x9c$\x90\x01V\xd8\xfa\x02\xf7\x19M\xad0\xb0\xb6r\
wS\xf2\xb4\x15\xd6,\xa5\xd4Z#\xb4\xa2\x98\xa6\xb3\
\xac\xad\x9a\x86w\xe2\x0e\x9b\xfd\x1dv6\xb7\xe8v\xfb\
dC\xb3\x92\xa7<\xcbe\xee\xbc\x00Yg\xdfoP\
\xf8\xac\xfdi\x00t\xf3\xb3\xfb\xdf9\xea\x04L\xb3\x94\
\xe1\xf0\x84\xc1\xe4\x84i6\x22+2\xf2\x22%7y\
M\x0f4i\x01\x07\xb5{\x9c\x99-6\xfb\xdf\xaf\xb9\
\x86Q\x14\x05\xa8\x08\xebJ\x02)\x88B\x8d\xb0\x82\xe9\
\xa4\xa0\xccA\xa0y\xdf\xf7}\x1f?\xf5\x91\xbf\xca'\
\xde\xfd\xb3t\xf3\x0e&\x1d\x10\xf5!W\x9a\xfb\xe3\x82\
\xc4\x95U\xc9\xb6\xf6\xed\xcd$Q\x10#\x84\x9a9+\
\xdaGj\xdc\xbbx.\xf8\x01\xc59\xc7x<\xaem\
\x0fZ\x95G\x0b\xd0O\x85\xd2\xc8\xf3\x9c\xc9d\x02@\
\xbf\xdf\xa7\xd3\xe9\xd4\x17\xa0\xd6\x9a\xad\xad\xadJ\x8f\x9c\
e\xb5\xa1\x8c\xef\x8a\xb2\xe8\x95\xb1\x0c\xa0\xa7\xa5#\xd0\
\x12\xb0\x94\xf9\x84,Oq\xc6\x22\xc4\x0c4G\x03P\
=\xb2\x22\xc2\xc4\x924<\xe2+\xaf\x7f\x86/\xbd\xf6\
\x19R{\x0fYn!\x94E\x84\x02\x11UYV\x99\
\xe5\x08\xab\x89t\x84\x11\xc5\xdc\x05\xbe\xd8\xfaJ\xea\xd3\
c\x14\x95\xa5\xfd\x0c,\xaa\xe3\x8cUH\xb7\xdbgg\
\xeb\x02\x1b\x1b\x1b$A\xa5\xeap\xa6\xa2\x07\x02\x19,\
u\xcek\x0e\x02\xab\xb8\xcf'\xcd\xa0\x9f\xb4%\xd5:\
\x80vn]\x06?\xff\x99\x97\x0dLJ)\x84\xae|\
\xac\x8b2\xe5dt\xc2\xd1\xd1}\x86\xe3\x11\xd3\xac2\
{rr\x96\x19k\x81\xa3\xf2\xda.\xcb\x92\x00\xbd\x94\
\x0f\xf63 \x15\xc5\x08k0\xb6\xc0\x96\x05Z\x87D\
:\xc1\x94Pd\x96#7 1\x09\x1fy\xf1\xa3\xfc\
\xc2'\xfe*\x1fz\xfeG(\xa7\x8a\x22\xcd\x88:\x11\
2\xa88\xf2\xc2XLiA\x86\x04A\x84\x13U\xc7\
\x9e\xce\xac\xbc\xfbq@\xba\xf9\xf9}\xeb\xb2\xc1`P\
g\xd2\xde \xacUy\xb4\x00\xfd\xc8q\xeb\xd6-\x97\
\xe7y\xad\xbc\xe8\xf5zlll\xd4\xdd\x91\x93$a\
ss\x13\xe7\x1c'''5\xdf\xec3\x22\xdf\xf3m\
\xb1I\xeb\x22@\x8b &\xcb\xa6\x14\xd9\x18LY\xf1\
\xb3V\x90\x97`\xca\xaa\x15\x94S\x12b\xc3\xcb\x07\x9f\
\xe3\x0f\xff\xe4_p\x98\xdd$\xda\xdc\xa1\xb4\x1d\xfa\xda\
T\xed\x9f(k3\x1fa\x05\xc2j\x02\x19P\xb8l\
%\xa8\xa5fJ\x14%D*\xa2\xcc\x0dEZ \x91\
\xf4z\x1b\xf4\xbb\x1b\x5c\xdc\xde\xab\xdc\xe8\x82\x08%t\
\xdd\xf1\xc3\xcc*\xfc\xc20xhas]\x1f\xc2\xf9\
cXg\x06$\xdeP\x80~Z\xef\x7ff'\x9b\x99\
\x8a\x04\xe9\x90\xb22]\xb2\xbe\xe9\x81-\xb8?\xb8\xcf\
p<\xe0\xe4\xe4\x88i6\x05\x05:T\x88@T\x0b\
\x8d\x195m\xb2\xd8\xd0\x17 /\x0a\xa28@J*\
m}i\xd0:\xae\x06N+P\xf4\x98\x98\xbb\x9cd\
\x87t\x92m~\xec\xfb\xff\x22\x7f\xf1#\xbf\xcc\x07v\
\xbf\x9fh\xea\xb8\x9d\xdeG\xab\x90$\xea\x10\x04\x11E\
i\xc9\x8a\x14\x14DqP5\x879\x83\xc3_\xd7\x9d\
\xdd\x83\xb3\xa7\xba\x9a^\xd3\x83\xc1\x804M\xc9\xb2\x8c\
\xcd\xcdM\x9e{\xee\xb9\x16\x8bZ\x80>_\xdc\xbcy\
\xb36;\x02j\xdf\x0c\x0f\xd6\x1b\x1b\x1b$IU\xa1\
uppP\xcb\xed<\x9d\xd1<A\xfd\x0a\xf6\xa2\xaf\
\xc6\xa9\x9c\xce2\x9dL\x10\xd6\x11\x051ei\x19\x8f\
R\x8c\x90t:=\xeeI\xc3\xe1\xc9\x1f\xf3\xd9\xaf\xff\
*\xd7\x0e\xbf\xca\xc6\x85]\xa2\xce\x05Fi^\xf1\xc5\
v4'sR*@Z\x89-\x1d\xc29T\xa8\x1e\
r,\x9b\xbb\xe0g\x1c\xa13\x10\xcd\x16\xfb6\xfb;\
lt*\x13\x9cN\xd0\x9d\x15qxY`\xf5>\xa1\
\x8e\xd0Z\x93\xe6\x93\x87.\xd0\xf9L\xda\xad\x04\xd5\xf3\
\xf8\x19\xbf\xb1\x00\xbd\x06\xbe\xd7$\xf8\x8b\x95vM\xff\
\xe5\xaa3KX\x17\xc7\xf8l]\xea\xd3j\xbc\x82\xaa\
y\xc3(\x1ds2|\xc0\xc9\xf0\x98i>\xa9J\xe8\
\x1b%\xf2~\xdfM\x9aJ)EQ\x96\xb5\x99T5\
@WFV\xc68L\xe9\xe8\x08\x87\xd5\x09\xae\x131\
uc&\xc7\x0f\xb8(\xf7\xf8\xd9\x0f\xfd5~\xf6\xe3\
\xbf\xcc\x85\xad]\xca\xdc\x90O-n6\x9b\xd3\xa1\xc4\
\xa9\x02\xeb\x0a ^\x09\xcagi\xa4\xfdm\x0f\xd0\x9e\
\xea\x88\xe3\xb8.\xe2\x1a\x0c\x06\xf5\xe2a\x1c\xc7\x5c\xbd\
z\xb5\xc5\xa3\x16\xa0W\xc7\x8d\x1b7\x9cW^xZ\
Ck]\x9fl\x9dN\xa7\xeeBqtt\xc4x<\
\x9e\xa3\x10|\x91J\xd3\xab\xb9\x99A/n\xd9\xe4\x84\
$JP.`:)\xc8\x9d\x81\xc011c\x8eF\
\xc7|\xe1\xfegx\xed\xc6\xcb\x18qBg+&M\
'\xe4yI\xa0\x93\x99\x1fq\xd9\xa0\x13f<\xb3\x15\
Ho\x82\xafN\xb9\xe7E+I\x80Xw+\xae4\
\x88\xd9\xde\xdceo\xe7\x22\xdd\xa4\x87+\x1di\x9a\xcf\
xr\xbf\x08\xa8\xeb\xcfif\xba\xe7\xd9]sY\xdd\
\xfc4\xdf\x9e\xbbH\xe2{\x01\xc0\xeb\x06\x80\xf3d\xd0\
\xab\xf8v[\xda\xb9\xf2h\x0f\xb2^>\xa9\xe2\x00\xa5\
\x04*\xa8\x8arF\xe9\x98\xe3\xe3{\xdc?\xba\xc7x\
<\x86\xd0\xceY\x81\xfa\xd7\xfb\xef\x5c*U\xf7\xa7\xf4\
U\x96\xfe\xb1 \x08\x18e\xf7\xb1\xb9B\x99\x88H%\
\xd5\x8c\x8e\xca\xe0I\xea\x90\xbf\xf5\x17\xfe{\xae\xec]\
\xe5B\xf7\x12\x22\xd5\xb8\xdc\x10\xc5\x1a!\x0cY>B\
F\xfdsQ\x1c\xcb\xa8\x8dz\x90\xd2\xa7\xe7\x8d\x07c\
\x00O\x1f\x9e\x9c\x9c0\x9dN\xe9t:\xbc2\x8b\xd5\
\xe2\x00\x00 \x00IDAT\xf4\xd2K-&\xb5\x00\
\xfdp\x1c\x1e\x1e\xba4M\xc9\xf3J\x16\xe5\x17i\xa2\
(\xa2,\xab\x85\x94\xcd\xcd\xcdz\x8a\xf6\xe0\xc1\x83\xba\
\x0b\xf2i\x86t\xba8\xd4\xec\xb2\xbd\x98A7\x01[\
\x8a\x12a%\xe3Q\xc1p:!\xe8\x0bl2\xe1\xe5\
\xfd/\xf3\x95o}\x9e;\xd9\x17\xd9\xe8?O\x9au\
\x19\xa7C\xa2NF\x10\xe5\xd8L`\x8a\x10!3\xa4\
\xd4u\xb6\xe7\xb9q=\xab\xd4\xcbg\x0eyMN\xdc\
9W\xb77\x0a\x8b.\xbb\x17.rio\x8f0\x88\
\xc9\xa79YV\xa0\x84$\x0c#\xa4\x9cU9\xd2\xe4\
\x99E\xa3\xf4wy\xf6t\x0aV\xf6\xbb\x06\xb6\xdf\x8b\
8\x0b\xc0O\xbf\x9f\x8a\xafo\x16 )\xa5+\xcf\x13\
\xa5f\x5coNnJ\x84p(%0\xb6\x98\xf5\x05\
\x9c\xb0?\xbeI\x96e\xb5\xee~Q\x16W\xcc\x16\x11\
\xb5\x0ek\xd9f\x96M)\xddl`\xed\xf4\x08H\xd1\
e\x0ei\x04n\x13\xab5\xa9\xbeG*\x0e\xd1\x07\xbb\
\xfc\xd8\x0f\xffY\xfe\xfc\xc7\x7f\x81\xf7\x5c\xfe :K\
\xc8'\xd5\xa2c\x9c\x84\xa4e\xb1\x92w>K\xbf\xde\
\x0c\xaf:if\xd2^\xf5c\xad\xad\x8bZ\xca\xb2l\
\x17\x0f[\x80^\x1e\xd7\xaf_wi\x9a\xcex\xd5\x90\
n\xb7K\x1c\xc7L&\x93zq\xd0{6{\x95\x86\
\xe7\x9a\x173\xe4&\x1f\xdbTq4\x9f\xe3o\xe7\xe5\
\x14SH\x820AF\x92\xd7\x0e\xbf\xc1\xe7\xbf\xf3\xff\
q\xfd\xe4+\xd8\xce\x88\x8e\xdca\x9a\x0dq\x1a\x82\xa4\
OY\x863\x1dvA\x18\x97\xc84\xc29Q\xfb\x1c\
+\xa5\xb0\xc2\x92\x17\x05YY\xd0\x09\xa3\xb9\x0b\xdb_\
\xe8\xde\x9f\xfa=\xbb\x1f<]<t\xbe\xdc\xfbT*\
'\xa4\xc56|\x94\xebL\xce\xf7\x0f,\xcdCY\xf9\
\xfc\xc5\xbc\x9a\xe2X\x97\xc1\x9e\xa7\x5c\xfaI\xa2\x09x\
O\x02\xd0\xcbg\x0f\xe0\xa8\x16i}\xafG\xac\x98;\
G\xca\xc6\x0cE\x88\xaa3KMY 8079\
>>\xe6\xf8\xf8x\xce\x22\xa0\xfe~\x5c\xd3\xcbyV\
\x11\xa9U508\x87\xc8sJ\xab)\x84\x03U \
TJ`\x15\xcatQ\xa6K\xde?`tX\xf0l\
\xf2\x1e~\xfa\xa3\x7f\x85O~\xe8g\xd8\x8e/\x92N\
\xaa\xac<N\xc4\xb9\xb3\xe7\xa6\xbc\xae\x09\xce\xfe\xb8\x83\
 \xa8ew>\xc3\xf7\xaf\xf7I\x8f\xb7\xe3\xdd\xd8\xd8\
`ooO\xb4\x00\xddf\xce\xce\xfbi\xf8\x85\x0c\x9f\
\xdd\x08!\xe8\xf5zuU\xa07)\xf7\x17_\xb3\xb3\
\xf6Y\x19rl\xf7H\xcd]&\xe6\xb0\xea\xe2!{\
\x94\xa9\xa0\xc8\xa7heH\x8f\xba\xc4\x17\xe0n\xf9\x1a\
_\xbc\xf6\xfb|\xeb\xf6\x97H\x19\x22\xc2\xd9\x94\xf0\x8c\
\xa6\xa1\xfe\x22\x88tp\x9a\xad\xab\x19@7\xab\xbdt\
Qep%(\x1b\xd2\x8d7\xd9\xdd\xba\xc4\xce\xd6E\
:I\x972\xcf\x9eh\x11\xefI\xe8\x8b\xf3\xec\xb3\x0c\
\x0d\xb6\x18Q\x8c%/\xee}\x84\xc9IF\xd2-\xeb\
f\x00\xe8{+\xf7\xa5E\xa7\x1e\xaczQ\x1f\x89b\
Z\x0e\xd8\x1f_\x83\xbe!L\xfbO\x85\x03_\xf7\xbc\
u\xfb;\xeb\xfe@E\x14\xa6`89\xe1\xf0\xf8\x90\
{\xc7\xfbL\xcb)A\xa2\x88;\x11\xd3qU\xbd\xaa\
\xa8\xa4l\xceP\xb7\x10\x13\x8d\xc6\x06g\x1e\x9f\x01\x1d\
X\xc6\xe3\x016\x17\xfc\xd0\xbb\x7f\x94\x9f\xff\xf1\xff\x98\
\xf7_\xfe\x04\x8c:\x14v\x5c\xcd\xd8\x98\xe2\xca\x80H\
\xef\xa2T\x88qC,'h\xb9\xb9\x12\xb8\x9b:\xf8\
E\x09\x9e\x07m\x1fy\x9e\xd7E-q\x1c\xf3\xbe\xf7\
\xbd\xaf\x05\xe8w\xfa\x17p\xfb\xf6m7\x1c\x0e\xb1\xd6\
\xb2\xb9\xb9Yg\xcaB\x88z\xba\x95\xe79\x83\xc1\xa0\
nE\xdfl?\xd5\xec\x09\xb8\x0c\xa0\xa7\xe6\x04\x8a\x84\
0\xe8cM\xc6x|\x17!KB\xd9g:\x86r\
s\xc0+7\xbf\xc57o\x7f\x91\xfd\xf15\xc6\x0c)\
E1\xe3\xbc\x03\xa45+\x81\xc1gc~\xcaX\x96\
9YqZ\xe98\x1a\x0c\x89tD\x12u\xe8w\xb6\
\xd9\xde\xb8@/\xd9@\x8b\x90\xb24(%\xd7,\xe2\
\xb9'\x06\xd9'y]\xe9 \x0e,Wv^\xe4\xa7\
\x7f\xfc\xaf\x93\xd0% \xa5\xa4\xc4\xd1A\xb1\xb5:C\
fL9k\xf4\xa7\xd1\x14.\xe7\xda\xed\xef\xf0;\x9f\
\xfb\x97\x0c9B\xda\xfc\xbb\xc2e\x9f\xe7y\xcb\x1es\
\x06T\xa0AY\xb2r\xca\xd1\xe8\x01\xf7\x8f\xeeq4\
x\xc04\x9b\x10\xf7\xc2*\x99\xb0Ugp\xc1L\xd2\
63\xe8Rg\x94\xba\xd7\xf8l%ZC\x10\x0a\x8a\
,g\xfc g;x\x86?\xfb\x91\x9f\xe3\xcf}\xf2\
\xe7\xb8(^\xe2\xe4\xf8>A`\xe9\xf5#\xd2tD\
\x9a\x19\xa2\xce\x05\xa2h\x1b\x9b\x1f\x9d\xd9Laqm\
\xa2\x99a/\xde\xe7\xab\x0f\xbd\x9fz\x9aV\xfa\xfb\xad\
\xad\xadw4\xdd\xa1\xdf\xc9\xe0\xfc\xfa\xeb\xaf;\xdfV\
\xbe\xdf\xef\xd7\xca\x0c\x80(\x8a\xea\xff\xfb\xd5f\x7fB\
5}4\x96\xd1\x16\xcd\xdb\xa5\x9e\x12\xc8\x88\xc1\xd1\x18\
YZ\xfa\xbd\x1d\xc6\xd9]\x0eOn\x13\xc5}\xfe\xfd\
\xf5_\xe7\xb5\x9b\xaf\xb0\x7f|\x03\x22\x87\x8c\xabN\x18\
8M\xa8\xba8;X\x09b\xc6\xda\xea\x82\x14\x82\xbc\
\xccj\xfa\xc2Woi\x1b\xb3\xd9\xdb\xe5\xe2\x85=6\
\xba\x1bh\xa9\x91V\x83\x05-%\xee)f\xbeo\x04\
\xd7\xec2A:-Q\xdd\x90-v\x09\x08\x10D\x14\
E\x8aV\x9b\xac}+\xd3\xa5t\xa0\x82\xca\x87:&\
b+\xbe\xc0\xf4\xa4\xc0\xc6\x0e\x15\x8a\xa7\x02\xbc\x8b\xea\
\x95\xc7y\xde\xd2\xc7\xa4\xc09\x83r\x8a$\xec\xa27\
\x03\x12\xdd!\x09\xba\x95\x09W~\x7f\xe6\xdd1\xab\xfc\
\xb3\x86\xbc\x985\x19\x08\xe4i\x93\x9a\xb3\xdeW*R\
\x93S\xe4\x0e\x1d*\xc2\x9d\x90\xe1\xe4\x90\xdf\xfd\xe6?\
\xe7\xab\xfb\x7f\xc8\x7f\xf2\xe3\x7f\x93+\x17\xdeK\xa2.\
0:\x1a\xe0DA\xdc\x09(]\xc9\xd1pH?\xb0\
K\xe9\x8ee\x5cuS&\xd8\x5c\x13\xf1\xaf\x09\xc3\x90\
^\xaf\x87\x94\xb2\xce\xa4ONN\xb8u\xeb\x96{\xa7\
\x96\x87\xbfc\x01\xfa\xc6\x8d\x1b\xce\x17\xa0x\xd9\x9c\xe7\
\x8b\x93$\xa9\x17\x07\x1f<xP\xfb:\xfb\xb2m\x9f\
E7+\x05\xcf\x02jU\xec\x90\xa7c\xe2@\x91\x19\
8\xbc\xef\x086;L\xe2\xdb\xfc\xc17>\xc5\xd7\x8e\
\xbe\x8cS\x06\xba\x0e\x1d\xea\xba\x01+F\xe1\x8a|-\
\xf0\x05qT{gH1\xeb\xcel\xa8\xec*e\xc0\
\xd5\xcb/U\x1e!\xbdM\x94\x10\xe4Y\x89\xb19\x81\
\x0a\x09\xb4&o\x98\xf9<)\xb0>-Z\xa3\x19\x1b\
[}\x8a\xc9l6\x81\xaa,2\xac\x22\x90\xbd\x0a|\
T\xbaf\xc7!ZYpPf\x05:Rt:\x06\
\xc3\x09\xdd-\xc1\x82J\xf0\x91?\xd32\xde}\xf1\xbe\
\xb3\xaa)\x97\x01\xe6\xe2\xf3\xb5\x96u\xff\xc9\xba\x8fe\
w\x8b^\xd4\xa3\xd8)\xf8\xf6\xe1\xcb\x0c\x87C\x8a,\
#\x8c\x03t \x99\xe4\x13p\x105\x00\xfa\xac\xf7\xd5\
\xa2DKEa\x0d\xe9\xb4$\x08\x14\xc9\x85\x80\xe9\xf4\
\x98\xaf^\xbf\xce\xff\xf1\xa9\xff\x8e\x9f\xfc\xf8/\xf1\xd1\
w\xff<\x1b\xea\x19\x94\xedC\x96\x22UN7\x9e`\
\xf2\x87U\x1cMc\xa5\xe6{/\x93\xe4yu\x91\x97\
\xa3\x86aH\x92$lmm!\x84\xe0\xf8\xf8\x18\xa8\
\x9ab\xbc\x13\xbb\x88\xbf#\x01\xfa\xf5\xd7_wY\x96\
\xa1\xb5\xa6\xd7\xebUj\x87\x99z\xa3\xdb\xed\xd6\x9e\xce\
\x87\x87\x87\xf5T\xcb\x97\xab6\xdbR-:\xcd-\xa3\
8\xca\x81#Jb\xd2|\x88\xd5 \xb6\x04_\xbe\xf9\
E\xfe\xf8\xda\xef2\x16\xb7\x90a\x88T\x02\xe7\x0al\
VI\xa5\x22U\x99\xf5d\xd3\x11*\xd6+\x81B*\
H\xd3\x0c\x8d\xa6\xd3\xe9Pd%\xe98eks\x93\
+\xcf_a\xb7{\xb5\xa2crCn\xaa\x8b1\x08\
\xc2z\x0a\x8c\x92kxd\xf7D\x00\xfb\xa4T\xc7I\
~\x82(\xa73\xfbS\x8b\xb1\xb2\xa2e\x84\x9d5+\
\x89W\xefH\x965\x91'\xb4\xc2b(E\xc9`z\
\x845!\x9a\xe4\xe9\xf3\x86K\xc0i\x19 \x9f\xf7~\
/\xaf\x93(\x84\x93\x08+\xd0B!\x94\xe6\x85+/\
qx\xb8\xcf\xbd\x07w\xb1\x85AF\x8an\x9cP\xcc\
\xcc\x96\xd4\x92K\xbcy|\xd2d8T\xd5\x0cX&\
\x14y\xc9x\x92\x11\x84\x9a\xdd\x8b\x97\xb9=\xb9\xcb?\
\xfc\xed\xbf\xc3\xab\xfb\xaf\xf1\x0b?\xfa\x9f\xb2\x1b\xbc\x9b\
\xa0\xe8\x12\x08\xc9\xe4\xfemt\xf7\xc2\x99\x00\xbd\x0c\x88\
=-\xb7\xf8\x1d\xf9j\x5ck-q\x1c\xd7rVc\
\x0ci\x9arrr\xf2\x8e\x04\xe9w\x1c@\xdf\xb8q\
\xc3\xa5i\x8a\xd6\xba>\x09|\x9b\x9e\xa6\xc6\xf9\xe4\xe4\
\xa4\xae\x0c\xf4\xb6\x9fEQ9\xafyi\x9d/\xe9^\
\x04\xe5f\xd7\x8e\xcd^\xc0\xfe\xbdcD\x12\x90\x86'\
\xfc\xf1\xb5O\xf3\xa5\xd7\xff\x88\x91K\x09\xe2\x84DE\
5\xd0k\x14R\xd8z%?\x8c$v\x0d\xf0\xe5y\
\xf5Y\x84\x11d\xe3\x94@F<w\xf9y.\xee\x5c\
\xa4\xdf\xedc\x8b\xb2\xc2'!PJ#\x85D\x08\x89\
u\x16\x9c8\xd3\xf4\xe6is\xc9\x8f\xfb:\x11T\x9d\
J\x82H\x013\xf7>apX\xa6F\x90\xa8\xd5^\
\x19e\xa9Q\xaa\xc2hO\xb7k\xb5\x89\x0a7\x11Z\
CV>\x95Y\xc3z\xcf\x91\xb3i\x86\x95\xfb\xf0\xc0\
\xdc\xecwH%uD\x08:\xb2\xcb\xd5\xbd\x17\xd9H\
6\xb9}\xf7\x16\xc3\xf1\x092\x90\xe8PS\xca\x12\xe1\
V\x1f\x9f\x94\x92\x22/@@\x14\xc5\x84*\xa0\x10\x9a\
\xbc,\xc9&\x02\x1d]&\xee\xa7|\xe6\xab\xff\x84W\
n|\x91_\xfe\xa9\xbf\xc5\x9f\xba\xfc\x09\xc6G\x05\xfd\
dw&\x0f<\x9bc^v>-Szx\xea\xd0\
w\xbc\x0f\xc3\x900\x0c\xb9|\xf92\x07\x07\x07\x9c\x9c\
\x9c\xe0\x9c\xe3\xf6\xed\xdb\xee\x9dT\x1a\xfe\x8e\x01\xe8\x83\
\x83\x83Z\xe7\xac\xb5&I\x12\xc2\xb0\xaa\xf2\xf2\xb2\xba\
f\xd3W\x9fa/\x96g\xd7\xd4fC\xd7\xba\x0c\x9c\
\xfd\xff\x0f\xd3\x13\x92K]^>\xfc&\x9f\xfd\xd2\xef\
\xb0?\xfd&\xaa[\xd2\x111&\x0f\x98\x16\x83\x99\x8e\
U\xd7\xc0_\xba\x02)\x05:\x0c\xa0X\xede!\x9c\
%\x90\x95\xe7\xa8\x22`o\xfb\x12\xcf=\xf3\x02I\xd8\
e<\x1c\x93\x97)q\x1c\x13\x86\xe1\x8c\x9e1\x98\xb2\
@K\x85\x0e#\x8c+\xde\xd4\x1c4\xa5\xc3d%E\
V \x00\x9bC\x95\xf4Z\xc2P\xe1(V\x9f\xe0:\
\xc0\x02\xb6\x04-!O-EY\xa0\xac\xc4d9z\
\x8d\x19\xd3\xf7\x9a\x83\xae\x14\x19\xae\xd6\xa2\x038y*\
i\xb3\xd3\xaa'\xe1\xa5\xed\x08)\x14\xfb\xf7n1\x98\
\x9c`\x0aC\x10\x06\x18cW\xbe\xaf\x91!A7A\
XG\x9a\x8dg&_!q\x10\x02\x82\xe9\xb8`4\
\x1a\xd3\xdf\xdd\xe1`r\x83\xff\xed\x9f\xff\x0f\xfc\xec\x8f\
\xfe\x12?\xf7\xb1_\x22+\x22ln\xe6(\x8d\xc5R\
\xf4u\x1ct\xd3\xaf\xc5?\xc7\xd3\x1dZk\xa2(b\
kk\xabj\xef6\x9d2\x18\x0c\xb8y\xf3\xa6{\xa7\
\x94\x86\xbfc\x00\xdaWo\x015`AU\x90\xd2\xe9\
t\x90R\x92\xa6i\xc5\xe7\xcd2\xe5<\xcfkJ\xc3\
\xeb6\xfd(\xef\x05\xf7\x9e\x83^\xd6\xe8\xd5Z\x8b\xee\
\xef\xf2\xc7\xaf~\x86/\xdf\xf8m\x0e\xf3\xeb\x14Z\x12\
\x94]B'\x91eF\x19U\x067\xce\x16dEQ\
\xf9$G1\x16\xc3\xb8(\x88\x17\xdc\xd4\x16O\xfc \
Pd\xd3\x94~g\x93w=\xf7<;\xbd=L\xe6\
\x18M\xc6Da\x17\x19\xc9\xfa\xb3T\x9e\x08\x95\xe6\x16\
')\x8dA<e7\xcf\xa7\xcdC':&s\x19\
\xda)4\xaa\xf2N2\x0e\xa1$\xd6:\xb4\x5c\xdd\xf1\
\xc51FR5#\x80\x980,\x88\xc8\xe9&\x86\x92\
\x09\xf0tdvO\x0b\xa4\x97\x1c@u\xfe)\x85\x92\
U\xa7\x9bJ?]\xe2\xac\xa3\x1f\xf5\x19\x8e\x87H\x0d\
\x97\xf7\x9eac\xb3\xcb\xab7^\xe1\xde\xd1!\x85+\
\x1f*lY|\xdf\xd4I\xc8\x0dR\x16\x84\xb1D#\
(\x8b\x82\xdc\x96(\x15\xb0\xa1s2\x12\xb2<@w\
{\x98p\xcco|\xee\x1f\xb3\xbf\x7f\x87_\xf8\x89_\
\xe6\x92z\xee!\x09]s\xe1\xafIg,\xa38|\
\x07\x96&\xb07\xd7y\xac\xb5\xf4\xfb}\x82 \xe0\xe0\
\xe0\x80\xc1`\xf0\x8e\xe2\xa4\xdf\x11\xa3\xd0\xcd\x9b7\xdd\
t:\xad\xbd\x00\xa2(\xaau\xce\xde\x00i2\x990\
\x99L\xea\xce\xdc~\xb4of\xc6\xcb8f[\x84\xe4\
f\x84U\x06c%\xf9\x14\x84u(\x91b\x8a\x13~\
\xf5\xce?\xe0\xee\xbd\x03\x86\xc3!R\x0a\x94\x12\x94&\
\x9f-\x88\xe8\xb9J\xb4\xa5\xd3b\xa9\xab6J\xd2\xa1\
\x04\x8dR_\x89\x94\x1a3)\xd8\xbbx\x85\xbd\x9dg\
\x88\xa3\x8dJL&$RX\xac+k\x06\xf9l\x8e\
X\xad\x01\x9e\xd5\x19|\xb3Jq\x15\xc0\x9d\xf9\xfe\xd2\
\xad\xa6\x0e\x84\x80\x22\xe7\xbd\x17\x7f\x80_\xfc3\xff9\
\xcaj\x84,+n\xdc\x05\xeb\xcf`[y\x5c;+\
A\x8e\x10\xae\xc7\x9d\x93\xfb\xfc\xfd\x7f\xfd_\xc3\xc66\
\xb2(\xd6\x00\xa4|\xac\x8c\xbaA\x82\x9f\xeb\xb5g\xeb\
\xa3\xcd\xca\xe7\x97\xa5\x9b3\xc8W\x0a\xac\xcb\xb9{\xef\
6\xb7n_\xa7\x8cs\xca\x9a\xceR3U\x88\xab\x0b\
\x8d\x9afHKe~gt\xa2\xf1\xf1\xdf|\xf2\xef\
s\xe1r\x84\x0a\x05i\x1a\xb2\xd9\xddE\x8b\x9c\xe9h\
HG\xf7!jt\xafi4\xfb]\xa4;\x16\xe9\x91\
fsZ\xef\x86W\x14\x05\xf7\xee\xdd\xe3\xe8\xe8\x880\
\x0c\xd9\xd9\xd9y\xdb;\xe1\xc9\xb7;8_\xbf~\xbd\
\x06\xe7\x8d\x8d\x8d\xda.TJI\xbf\xdf\xaf\x17'\xb2\
,\xab3g\x7f\x025\xcb\xb7\xcf\xca\x903,Y9\
$bJ\x90\x15\xe4G\x05R\x87<P\xb7\xf9\xf5o\
\xfcCn\xdf\xb9Y\xf7fkz*\xf8\x01b}\x02\
53\xdf\xb1\x8e\xa20\xb3\x8b0@\xa9\x00k`o\
\xef\x19\xb6\xb6vH\x92.Z\xea9>\xf3\xd1\xc1\x84\
\xb5Ntg\xd9K\xae\xda\xd7\xaa\xd2\xe0u\xcf\x7f\xc3\
3\x14!\xd6n\xab\x9e\xff\xb4f\x17\x8f\xfb\xb9\xc30\
\x98\xd3:;'\xd0:dks\x97\xab\xefz\x11\xad\
\x12\x94\x0b\x91NV\x9e\x1f\xbe\x19CQ\xd6\x05-O\
2\xfb\xf9\xbb\x9f\xfe\x9b|\xe9\xfa\xd7\x99N7\xe9*\
A9|\x9d\xf1\xd1\x11Q\xb4\x89\x8d\x8az}\xc5\x1f\
\x9f\x9f\xc9.k\x03\xb7x\x8d-v\x12\x0a\x82\x80\xcd\
\xcd\xcd\xdar\xe1\xe8\xe8\x88;w\xee\xb8\xb73~\xbd\
\xad)\x8e\x83\x83\x03wttT\xd3\x18QtZ\xf6\
\xeco{\xfff_\x84\xd2\x04F\xef\xa5q\x96\xd1\x91\
\xb5\x96B\x1c\xd3\xebtI\xef\x0f(3\xc3\xd6\x85.\
\xdf:\xfe\x02\xbf\xf7\x9dOqm\xf4e\xb4\xa9*\xad\
\xa2(D\xa9ee\xc1\xe7\xb80\x1b\xeee\xae\xac\x06\
\x8d(\x8cI6;<\xb3{\x95(J\x08t\x82-\
AX\x0b\xd2\xd6\xe2\x8bu\xea\x8a\x87\x0bQ\x16%b\
OFU\xacUw\xacY\xa4|3\x5c}\x8b\x9f\xe1\
\xd1\x06>{\xe6\xf7\xbb\x8cvx\xf8\xebX\xbd\xc8\xe7\
\xbb\xefX\xeb\x9b\x0f;\xa4U$\xf1\x06I\xd2cl\
\x1c'\x83\xfbL\xa6G8S\x22\xb4@I\x81\xb1\xa2\
R\xc1\x88G\xff.\x9a\xc7rS\xbf\xc6?\xfa\xcc\xdf\
\xe6/\xfd\xf0\x11\x1f\x7f\xe1\x93\xf4tL\x14\x1b\x86\x93\
}Tt\x01eO-x\x97)[<\xf8\xfa\xc7\x17\
\x07*_kP\x14E\xbdV$\x84\xe0\xfe\xfd\xfb\x9c\
\x9c\x9c\xbc\xed9\xe9\xb7-@\xdf\xbau\xcbM\xa7S\
\x82 \xa0\xdf\xef\x13\xc71EQ\xb5\x7f\xeav\xbb\xa8\
\x99\x0b\xd8t:\xadK\xa5\x9b\xdc\xd8Y]\xb4\x17U\
\x1a\xb1\x9b2\x1e'h\xf5\x0cb\xeb\x98/\x1f\xfe6\
\x9f}\xe5\xb7\xb8>:\xa0\xd4\x1btB_6\xde\xb0\
\x18\x15\xa7\xe0\xb7NE!%\x18Sy\x09G:\x22\
\xb3\x05\xa6\xb0t6z\x5cy\xf6]\xc4b\x03%%\
XYM\x87\x9dC\xcc\xa8\x03a\xddcer\xf3w\
\xd8\x85\xfb\xcf\xc3\xc9\x9e\xe7}\xdd\xf9@\xdc\xb9\xef*\
\xf8>\xfc\x04\xb7\x84\xae\x99\x1f<W\x8e\xadgd\xa9\
\xcb\xc0j\x15\xf8\x9f\xc5[\xfb\xf3\x14\xa8\x15Gf\xd6\
6M\xa9\x80+\x17_ P\x01\x07e\xc64?B\
\x09*oo\xa3(J\x09\x98\x95\xc7\xb7N\xc7\x1dt\
/!:\x03~\xf5\x0f\xfeg\xee\xdf\xbd\xcd\xcf\xfd\xd8\
/\x91\x18\x8d\x12\x96|0&LNyg?{\xf4\
\xee\x90\xcd\xfb\x9b\x1e&\xcdN\xe1\xcd5$/\xc1\xeb\
v\xbb\xf5\xe3owN\xfam\x09\xd0w\xee\xdcqi\
\x9aR\x96%\x9b\x9b\x9b\xc4q\x5cg\xcea\x18\xd6\x8b\
{\xc7\xc7\xc7sS\xb0\xa6=h\xf3\x849\xab\x1b\x8a\
\xb5\x16w\xac\x08\xbb1'j\xc0\x97\xf7\x7f\x9f\xcf\xbd\
\xf2\x1b\xdc\x1d\xbdF\x14_`;\xbc\xc2dz\x078\
}-\xc2\xa2\x95\xae3\x83\xf5\x80a\xab,\xd78\x0a\
W\x10\xa8\x90\x8d\xa4\xcb\x85\xadKl\xc4[\xe4\xd3\xca\
\xccH\xd8\xb2\x02g9\xebu7\xe3\x97\xdd\x13Na\
\xd7e\xc0g\x01\xcdc\x0d\x06Op\x9c\xdf\xcdL\xfa\
Q2\xe8G\x91\xe1=\xce\xbe\xbc\xf2\xa7\xba\xed\x0d\xb1\
\xaa\xce\xe0\xceZ\xe2\xa4\xcb\xc5\xad=p\x19\x07\xf7s\
\xd2|\x82\x14\xaeJ\x12\x9cE\xc8\xf5Z\xecU\x9f\xa1\
\xe3,\xc3AHwo\x93O_\xfb\xc7\x5c\x9f|\x9b\
\xbf\xf6g\xfe+\xde\xd5}\x09%\xeeS:Q'4\
~\x10\x99k\xb9\xa6\xe6\xfd\xca\x9b\xbd3\xbd\xbc\xd5S\
8^\x82\xe7u\xd2>\xc9J\xd3\x14k-\xfb\xfb\xfb\
\xee\xf2\xe5\xcb\xa2\x05\xe87q\xec\xef\xef;\xffC\xfa\
\x96:\xbe,\xbb\xdb\xed\xd6\xab\xc6\xc3\xe1\xb0\xd61/\
N_k0md(gq\xd0Qr\x99c\xf9:\
\x7f\xf4\xda\xbf\xe0\xb3\xaf\xfe\x01\x99\xb6\x04\x9d\xe7 \xb3\
Xw\x1f\x84\xc5Q]\x10RU]\x9c\x9b]V\xbc\
W\xee\xaa\x8bV)\x85\xc9\x0d\xa6(\xe9om\xf1\xdc\
\xe5\xe7\xe9%[d\xd3\xb2\xea)\xe8f\xfb\x97\xe2!\
\x0ezU\x93\xcff\x86\xbcl\x02~\x1e\xc0]\x07\xc0\
\xab\x16\x09\x9b\xc7w\x9e\xfb\xdf\x0c\xf1\xc8\xbc~=\x03\
9\xfb\xf5s\xf7-~lw>=\xb5\xb5%e\xe9\
\xbd\xb7E\xa5\xceq\x82l< \x8eC.\xed>\x0b\
X\x0e\xef\x1f\x90\xe6S\x90\x16\xa9\xe4#\x0d>\xcb\xde\
WM\x1d\xdd\xb0Kf5jw\x9b?\xb9\xf7\xef\xc8\
>=\xe0\x97~\xfc\xbf\xe4\xb9\xe4\x83H\xd2\x87\x9a\xe9\
\xfa\xf5\x98\xa6z\xa3\x09\xcasV\x06\xb3k\xd7\x17\x8a\
5+*\xa3(bww\x97{\xf7*\xefl\xa5\xd4\
\xdb\x0d\xce\xde^\x8b\x84\x07\x07\x07\xceW#y\xcbB\
/\x87\x8b\xa2\xa8\x06g\xdf\x00\xb6y\xe24=\x9d\x9b\
\x1c\xf42Z\xa3y\xdf\xdd\xee\x01\xbf\xf1\xa5_\xe5\xcb\
\xaf~\x1a\x15\x8ep\xa9!p]\xfa\xfd.\xf7\x06\xaf\
\xd7\x16\x8b~j\xe7OFO\xa743\x87\xb38L\
\x9filnnsa\xe7\x22\xbdd\x03\x81\xc6\x15 \
\xb0\x08,R8\xa40\xb3l\xdd\xabP\xd4\x99\xfbn\
jW\x97\xf5\x14<\xbdX\xed#oB\xb8\x19\xb7}\
z_uL\xe6\xa1\xe7\x9e\xb5\x98\xf9\xb8\x8b\x9cO?\
V\x1f\xff\xfa\xed\xd1\x00\xff\xbc\xed\xc3\xfc\xfd\xe5lM\
\x02a16\xc3\xd8\x0cD\x89\x10\xb6*\xe8\xb1\x19\xd6\
\x14D\xaa\xc3\xee\xd6s\xecl_!\x0c\xba3*\xe1\
\xd1\xad\x5c\x1f>\x96\x0e\x9d\x8eE\xb8\x11\xc5\x00\xae^\
y\x91\xdb\xa3/\xf1\xbf\x7f\xea\xbf\xe5k\xd3/2\x1e\
\x8fk \xf6\x80\xeb\xbdl|\xd2s\x96RjQ1\
\xe5\xaf\xc9<\xcfk\xa9k\xbf\xdfgkk\x8b8\x8e\
\x99N\xa7\xbc\xf2\xca+\xae\x05\xe87i\xf8n&\xd5\
\xa2\x5cD\xaf\xd7\xab\xdb\xbc{o\x0d\xefJ\xe7\x17 \
\x16O\x9a\xe6I\xb8\xcc\xe3y\xf1\xe4\xf9\xb5/\xff=\
^9\xfe\x1aYa\x88m\x87\x9d0F\xe4'\x8c\xf3\
c6/_\xc4\xda\x12c\x8a\xd9vZ\xc4\xe2;K\
\xacS@T\x15V9a\x18r\xe9\xd2%.l]\
\xa0(\x0a\xf2iN\x14%3\xe0(f\x9b\x81\x05p\
~\x9c\x0cq\x15\x0f\xfaFe\xa0o\x1e@>\xdfq\
=\x89J\xe6i~~?x\x07\xb3\x06\x0dBT\x0b\
\xbfRU\x7f;q@Ydd\xd3\x9c0\xe8ra\
s\x8fnw\xb3J\x16p\x8f\xf5\x1b7\x9f3u#\
\xa6\x13G\x82\xa0\xa7\x8f\x18\x1c\xee\xa3\xf5s\xb0\x13\xf1\
\xf7~\xf7oq||\xccx<\xae\xd7y\xf2<\xaf\
\x15SM\xe0]\xb6\xf9$\xc6/\x12.\x03r)%\
[[[looc\xad\xe5\xf8\xf8\x98\xd7^{\xcd\
\xb5\x00\xfd&\xa46\xd24\x9de\x9a\x9bDQ\xc4h\
4bcc\xa3\xe6\xe9&\x93I-\xa5\xf3\xd3%\xef\
\xc1\xe1eo\xbe\xd9k\xad\xe8Hb\xa6\xa9\x81\xd2\xd0\
\x09\x1c\xd3QA)w\x98tS\xfe\xd9W\xfe'\xae\
\xef\x7f\x85B\x8c\x91qL\xe6\x04\x854\x88\xc0\xa1\xac\
\xc4Mu\xbd\xe8\xe1\x17\x0a\xa5\xac\x0cp\x84p\x94e\
^\xf9\x1a\xcf\xb4\xaeJk\xa4R8a\xb1\x14\xa8\x00\
\xac3\xf4\xa2>\x17:\x17\xd9\x94[\x84\xa6\x83\xb2\x1a\
GN!\xc6 +\xee\xc4\x099\xcb\xa5+\x1e\x1aQ\
\xe2(p\x98\xb9\x0dag\xb4\x8b\xa9\x8d\xe1\x17\x07\x85\
\xf9E+1;M\xe4\xac1\xc0\xe9v\x9e\xd3g\x9d\
lm]\x06\xea\xa4\x01\x0cn\xe6\xfb\xe3\x1c\x8f\xb6p\
(\xaac\x15\x82\x8aj\x02\x94\x12X[\x22\x84\xa93\
\xe3\xc5\xcd\xda\x12k\xcb\xfa\xb3/n\xd5\x00\xa8\xce%\
\xb9;k\x96\xb2\xceL\xa8\xa2\x9c\x96\xffn~S\xda\
b]>\xcbH\x05BT\xdazc\xaa\xc7\xd3\xd2\x22\
U\x04RP\x949Q\x14\xf0\xdc\xa5g\xd8\xee_ \
\x1de\x08]\xa0#\x80\x12\xe7\x0c\x91V\xf5\xb9\xe9\xcf\
\xd3e3\x22\x7f_\xa0B\x10%V\x80\x93]\xd0\x11\
\xc8\x0c[L\x89\xd9\xe2\x7f\xfc\xfc\xdf\xe0K\xa3\x7f\x8b\
)%Q\xd6A\xd9\x80\x82\x90B\x0b\xd2\xf2n}\x0d\
\xfa\xb6]M\xf9\xdd\x22\xf5\xd2\x04\xf3\xaasLu\x9d\
j\xadk\xf9\x9dR\x8a\xf1x\xcc\xf5\xeb\xd7]\x0b\xd0\
o\x92\xb8}\xfb\xb6\x1b\x8f\xc7\x04AP\x97l\xdb\x99\
\x0d\xa77\x5c\xf1E(\xcd\xe9Us\x9a\xdf\x5c\x18l\
^T\xe3\xe3c\xe2\xd8\x10E\x8a\x07\xf7\x0d\xfd\xad\x0b\
\x8c\xdc+\xfc\xbf\x9f\xfe\xbb\xdc9\xb9}\xaeLc\xdd\
\xc5\xebE\xf9u\x9f:\xa5\x90\xb2r\xca+\x0bA\xaf\
\xb7\xc5\x85\x9d\x8b\x84a\x5cg\x12\x8fT\x8d\xd6\xc6\xb9\
\x06\x90e\xf7\xbf\xf5c\x9eJ\x12N\xa2UD\xa7\xd3\
eks\x17c\x1c\xae<=\x07\xbd\xb7\x86W\x84<\
\xe9\x0cj\xcb]\xe1S\xbf\xfb\x7f\xf1\x877\xfe\x09\xc7\
\xc1}\xa4\x8b\xe8\xb8\x8c|x\x17\xdd\xb9\xb0\xbc\xf8k\
\xd62\xceW\xf2.STy\xba\xc3\xcbc\xa3(b\
gg\xa7\xf6o\x1f\x8f\xc7o\x0b\x8d\xf4\xdbb\x91\xd0\
\xaf\xe2&IB\x1c\xc7\xf5\xd4\xc7\xfb9{\x9d\xb3\xaf\
\xf1o.\x026G\xe7E\xf5\x861\x86\x8e\xd48;\
b\x94\x81\xee\xedp\xe3\xf8\x15\xfe\xe0\x9b\xbf\xc2\x8d\xe1\
\x17\xc8\xa5\x22\x08\x92\xa5'\xf0y\xc0\xd97z\xad\x9a\
\xb1ZLQ\x22\xa4D\x89\x00\xeb\xaa\xd5\xf8\x8d\xce\x0e\
\xdb\x1b\x17\xe9v7pyE\xe3H-\x90ZP\x98\
\x02\xb5\xa4\xd4y]\xf5\xde\xa3_\xe0g\xedG\xbc\xed\
\xc0\xfaa\x1a\xc6>\x85\xef\xef,\x9c8\xcf\xfd\x8f\x9e\
C-W\xd6T\xa6SN\xca\xaa\x84\xbb\xb3\x83&d\
|8\xc6Z\x90R!\xe5\xa9j\xc2\xdb\x1a<\xcew\
8\xf7\xfde\x822\x9a\xf0\xa9/\xff\x0a.\x8c\xf8\xe4\
\x95\x9f\xa2|\x90\x93l$\xa4\x93\x92\x10\xf9\xd0br\
\x93b<\xab+\x8b\xff\xbf\x07i\xad5\x1b\x1b\x1b\xf5\
\x0cx:\x9d\x22\xa5|\xcbk\xa4\xdf\xf2\x19\xf4\xb5k\
\xd7\x9c\x94\xb2nM\xe5\x7f<\xbf W5\xdf\xacF\
Y\xbfP\xd7\xe4\x9d=\x8f\xb7\x08\xd0~D\xc7h\x8a\
,$\xc7qT\x5c\xe33\x7f\xf2\xab\xfc\xf1k\x9f!\
\xba\x90 \x92\xf8\x91x\xc6\xa5\x05\x1c3I\x9c\xa7Y\
\xaacs\x08\x14I\x98\xf0\xcc\xeest\xa3\x0dl\x0e\
YZ\xe0\xa0n\xc9\xb5\x98Y\x9c\x97\xef}\xca,\xed\
\x1b\xbc\xbd\xd1\xa0\xec\x15\x16\xa7\xef\xe9\xef;\xdf\xf8\xf6\
\xbd=\xfeu<\xb6\x9b-p\xce\xcd\xd8\x08\x88\x83\x1e\
\xbd\xee6[\xdd\x0bH\xa7q\xe5\xc3r\xbaeU\xf8\
\xab\x9c\xea\x96>'\x19\x11\xc6;\x18\x19\xf2\xdb_\xf8\
\x15~\xef[\xff\x94\xa2\xa7\xc9\xa71*+\xeb\x19\xad\
w\x8b\x5c\xac\xdem.\xce/\xabK\x10B\x90\xa6i\
]\xad\xbb\xb1\xb1\xc1\xee\xee.A\x100\x18\x0c\xc8\xb2\
\x8c\xfd\xfd}\xd7\x02\xf4\xf7 ^\x7f\xfduW\x14E\
-^\xf7#q\xa7\xd3\xa9\x9d\xea<\xef\xbch\xd6\xe2\
)\x8e\xc5R\xd3\xc5\x85\xc0In0\xa2\xc7\xc8L\xf8\
\xad\xff\xf0\x0f\xf8\xf6\xfd\xcf\xd0\xdf\xdb\xe1\xc1\x91@4\
\xbc\x88\xd7e\xabg\xdb/\x9e\xeaX\x83@\xa1\x10\x98\
\xbc@\xa1\xd8\xdc\xd8a\xb3\xb3\x83$\xa0(<O-\
\xa8\x94\x1d3\x89\xdd\x82R\xe2i\xab\x0c\xdaxsP\
\x14k\xb9\xfa3~\xfb\x99\x0d\xc7L\x1f_\x15/\xf9\
jT-\x03\xf6\xb6\xf7\x88T\x5c%\x05B T%\
\xd9\xc3\xd8s\xa9\x80V\xd1AB\x08\xa6aF\x9a\x16\
\xf4\xd9f<\x1e\xf3[_\xfd\xd7\xfc\xfe\xcdO3\x0d\
&\x84egn\xe1\xdc\xf3\xca\x1e\xa8WU\xf06U\
.\xce9\xb2,c<\x1e#\xa5d{{\x9b\xad\xad\
-\x82 `4\x1a1\x1a\x8d8<<|K\x82\xf4\
[\x96\xe2\xb8q\xe3\x86\xcb\xb2l\xae\x84\xdbZK\x18\
\x86\xb5M\xe8\xf1\xf1\xf1\x5c1\x88\x1f\xad\xfd\xc8\xeb=\
h\x9b\xb4FS^\xe7\x9c#\xba\x10p\xe3\xe0\x0e\x7f\
\xf8\xd5\x7f\xc57\xf6\xff-\xa2\x9f#\xc4.\xd2J\xc4\
\x82\xeac\xd9\xed\xc5j\xc1e\x5cgU\xa6;\xd3\x83\
\x0a\x8bD\x11\x871\xdb\x9b;\xb8r\xd6\xbeH\x09T\
\x18b]I^\x16\x80]\xaa\xfb|\xfa\x1a\xe2\xb77\
\xcf\xfd\xc6\xcf<\xdc\x13R\x1c\x8f\xd7\x92\xab\x9e\x09\xe2\
\x10n6#\x90\x0e\xe7J\xacs`%8G\xbf\xb3\
\xcdFgHn\x0a\xec\xac\x03\xb9\x99%)Z\x06\x18\
gV\xd0?k\xe8\x0d`\x9a\x05l\x85\x86l\xf0\x80\
\xed\xad\x178\xcaO\xf8\xf5\xff\xf0\x7f\x13:\xc3\xc7\x9e\
\xf9K\xa7n}\x0d\xf9is\x8d\xe5\xac\x0e\xe2@\xdd\
\x89\xa5Y\xc82\x9dN\x89\xa2\x88\xcd\xcd\xcab\xe1\xf6\
\xed\xdbs\xc9Y\x9bA\x7f\x97\xc0\xb9(\x0a\xb4\xd6\xf4\
\xfb\xfd\xb9EAo#:\x99L\xc8\xb2l\xeeG\xf6\
+\xc4\xfe$j\x02q\x9d\xaf\xccN\x10\x7f\xdf\xad\xe1\
\xb7\xf8\xfc\xab\xbf\xc6\x17^\xfdu\xd4F\x0cj\x97\xc1\
\xc9\x94\xdd\xed\x0e\x81MW\x82\xf3y8h\x7f\xa2A\
e\xb1\x88\xa84\xdc\xbdN\x9fn\xb2\x01\xce \x85\xab\
\xcc\xe6ES\x8f\x0b\x92\xa7+\xd9z\xa7\xc7\xdb\xe5{\
\x9b\xff\x0c^}Se\xd8\xc2U\x1b\xae@\x0aS\xcd\
\xd46\xb7\xe9uz8+\xb0\x82\xb5\x8df\xcf;S\
\x04\xd8\x16=\xb2|B\xb2\x1b26c\x22\x1d\xa0\xa4\
\xe57?\xff\xcf\xf9\xb7\xf7>5\xd7\x88y\x951Y\
S\x0a\xdb\xcc\xa0\xfdk\x85\x10\x14EQ_\xf7\xde\xed\
\xce\xd7B\x0c\x87Cn\xdc\xb8\xf1\x96\xfbq\xdf\x92\x19\
\xb4\xaf\x14\xf4\xa6\xfb^^\xe7\x17\x05\x87\xc3a]Y\
\xe45\xc7\xcd\x11\xd9+&\xfc~\x9a'V\xf3\xc7\x07\
\xf8\xdd\xcf}\x8ao\xed\xff\x1b\xe2\xbd\x14#.\x91\x8d\
\xbblmA\x91\x1f\x22M\x8a\x95\xbd\xc7\xe4>}F\
\x22j\x80\xb6e\x01\x08\xa2N\xd5\xb0Vk\x8d\xd2U\
\x17\x91\xb2\xcc1\xce\xd6+\xecB\x08l\xe9p\xe2\xd1\
+\xf5\x9e.\x89k\x97\x13\xbbOB\x0a\x7f\x17s\x88\
9\xa9\xa1x\x18\xe4\x04\xea\x11>\xff\x92\xeb\xdf\xc9\xef\
!83W\x8c$\xa8\x0aZ\x84\x001[\x9c3\x85\
\xa5\x9bt\xe9t:\x1cO\x8ff\x85]\x1ag\xec\xb9\
\xb3\xe4U\xcf\x89\xb3\x09&\xe8q7\x1f\x12\xa8\x8c`\
\x12\xd3\xe5Y\x82m\xf8\xc7_\xf8_x\xe9\xc3?\x84\
\xb5\x96N\xa73\x97!\xfbcn\xfar\x9c\xb5\x98\xe8\
k\x1f\xfc\xf3|\xf2\x16\x04\x01{{{\xec\xef\xef3\
\x1a\x8d\x98L&\x1c\x1c\x1c\xb8\xb7R\x97\xf0\xb7\x5c\x06\
}\xed\xda5g\x8c\xa9\x1bK\xfa\xd1\xb2\xd3\xe9`\xad\
e:\x9d\xd6\xdaf\xffC6\x17\x04}\xe6\xec+\x0c\
\xb1\x02\xab\x22\xa6\x22#\x9f>\xa0\x93\x07t\xede\x06\
a\xce?z\xf9\xef\xf0\xf5\x07\x9f\xc3F=\x5c\xb1\x8b\
\xcc\x0d\x9dp\x88\xc9\x87\xe4FS\x06\xbd9\x9d\xa8\xdf\
\xa4\xa4\xf1\xff\xb3=o\x85\x10(\x99cM\x86P\x12\
t\x88)\x15\x97v\xaf\xd0\x0d\xfb\x88)\xe4X\x0ag\
\xb1R!T\x00RSZ(\x8c\xc3\x88\xaa\xbb\x86\x93\
U\xe6\xd3\xdc\xfc\xfdfA9[:;\xf7\x7f+l\
\xbd\x99\xc6?\x7f\x9f\x97[-^$\xb5\x1f\xb1QX\
\xa9(\x95#%\xa5t9\x12A`C\x824\xc2\xb9\
!\xa50d\xb2 \x93c&\xa3)*\xdb\xa1\x9c*\
d0B\x09\x89\xac\xe0\xa2\xf2%\xb2\xae\xde\x84\x03\x8b\
\xc0\xa9\xe1\xac\x9b\x88\xa620v`*\xa5\xcbz\xc0\
\x07'\xec\xacbZ\xe2D\xc5\xc9ZQ\xe2(\xab\xe9\
\xff\x92\xcd\x1f\x93\xed\x05\xa4n\x80+4&\x8dH\xcd\
\x11\x99\x1e1\xb49\xb63F\x96\x1dL\x16P\x18@\
+\xd0\x8a\xdc:\xf2B\x81\xedPd\x05\xa0P*D\
\xca\x00\xf0\xbfU\xf5\xfdV\xa3BE\x85\xf9\xcd\xdf\x07\
b\xe5ow\x9e\xcdRyj;\xa10(\x0c\x01\x86\
\x80\xd2I\x0a[e\xd6eYry\xef\x0a\x9d\xa0\x87\
0\x01\xd6\x82\x93\x8e\xdceu\x15\xac\xdf\x9a\x96\xb9\xd5\
m\xea\xad\xa9\x97\xf6\xb7\xc7a5\x88m\xd8.I\xb9\
\x83\x0a\x12\xb2\xe0\x88Qz\xc4\x96\xbc\xc2\xff\xfa\x95\xbf\
\xc1\xeb\xee\x06\x94\x1dTj\x91.f\x9c[J\x97\x92\
\xa8\xa0\xce\x9a\x97U\xf56\xedJ\xe14\xf3/\x8a\x02\
\xdf=\xc9W\x1aj\xad\x19\x0c\x06\x8c\xc7\xe3\x96\xe2x\
#\xa9\x0d\xe7\x1c\xbd^\x8f$IjeF\x18\x865\
\x1f\xe5K\xbd\x9b\x0b\x80\xcb\x8a\x03\xea)\x92\x81t|\
\x8f\x8e\x10$\xf1\x0ew''\x14[\x07\xfc\xbb?\xf9\
5^\xfe\xe67\x1ei:\xf7\xb8\x99t\x9d\x0dXW\
\x9b\xc0\x9c\xd7\xe2r}\xa5\xdb\x93m\xcd\xefs\x19m\
\xd3\x09K\x5c6\xc5\xa6\x92D]$\x0cv\xc9\x8c%\
e\x00\xfd\x01\xb2\xe8aF\x11n\x10\xb3\x17<\xcf'\
>\xf8\x93\xfc\xccO\xfc\x22\xef{\xe9\x07I3\xf7X\
&\xf6\xd4\xc7\xf1\xc6\x9fsG\xfb\x0f\xd8\x0c7\xf9\xe4\
\x87\xff\x1c?\xf3\x89_\xe4CW?\xce\x8ez\x8e`\
\xd4\xc3\xdeS\xa8\xee1\xaa\x93\x82\x10\xe4\xa9\xa2\xc84\
\xb1\x8a\xe9D\x96P\x9d\xd0\xebw\x01C\x9a\x8e\xc9\xf3\
\x14\xe7\xfc\xa24O\xe5\xf7y\x1c\xee|\xf1y\xde\x02\
\xa1\xdf\xef\xcf\xf8\xea\xf9\x1e\x83Oz~\xaf\x8aH>\
\xcb\xaf\xfd\xee\xdf\xe6\xf5\xd1\x17\x097w\x99\xe6\x07D\
z\x8c\xc9\x02\x06\xd3\x933\x17\x07W\x19\x98y\xf0\xf6\
]\x84677\xb9p\xe1\x02J)\x86\xc3!\xd7\xae\
]{\xcbP\x1do\x19\x8a\xe3\xe0\xe0\xc0\x0d\x87C\x82\
 \xa0\xd7\xeb\x11\x86!y\x9e\xd7\xeet@m\xbc\x7f\
\x96\xcf\xc4\xb2ME\x11z\x5c`G\x86\xdc\xf4\x88\xaf\
\xc4\xfc\xb3\xcf\xfd\x9f|\xe3\xe6\xe7\xc9\xb21a\xb4\x9a\
c>\xef\x89\xb8\x8a\xab\x96R\x22\x5ce\x14\xb3\xb5\xb1\
\x8d\x16zv\xfc\xa6\xf2v^\x98@\x9fEg\x9cw\
\xd0Xf%y\xd6\x80\xe0\xab \xbd\xfb\xdeb_\xc6\
\xbc\xc8\x08\x83\x04\x87\x22MG\x95\x941\x0a(\x8b\x92\
\xc3\xfb'\x5c\xe4%~\xf0\xc5\x1f\xe2\xbd/\xbd\x8f\xe7\
\xf6.\xd1S[\x18b^\xbd\xf5\x1d\x1e\x0c\xc6<\xb3\
\xbdq\xfa~\xe2\x11\xb8\xe1\xa7\x04\xceN\xacV\xb2\x5c\
\xde\xbe@G\x04<\xdb\x7f\x81\x17\xf7~\x90\xef\x7f\xd7\
{9\x19\x0fy\xfd\xdam\x0e\xee~\x9d\xcf\xdd\xfe7\
\x04Q\x878\x0a@;\xb2,e<\x9a\x10hA'\
\xd6\xa4\xe9\x84\xd2\x1a\xa4\x12h=sh+\x0a\xa0\x92\
|:\xbbz\x91\x0fq>\xe0={0\xb3K\xf7y\
z_\xa5\x81\xb6\xb9e{s\x87\xfb\xc7\x0f\xb0&\xaf\
\xa8\x85\xc6\x02\xe1Y\xe7\xccYMp\x17\xb5\xd8g\x9e\
sE\xc4\xb1{\x85\xdf\xfc\xea\xaf`\x5c\xc8K\xdb\x17\
!\x1d\x22T\x84\x91\x11rAv\xb7\xae\x1asn\x81\
tV\xf4\xd5\xef\xf7\xb9x\xf1\x22\x93\xc9\xa4\xb6'\xbd\
~\xfd\xba\xbbz\xf5\xaah\x01\xfa)\x85o\xe2\xea\x15\
\x1b\x9e\x9f\x0a\xc3\xb0\x96\xd9\xf8\xfe\x80\xcdl\xef\xac\x1a\
\xffZ\xb1AA\xa8z\x8c\x8eG\xc4\x97\x04\x7f\xf0\x9d\
\xdf\xe3\xb3\xaf\xfe\x11\xd3\xec\x90\xdd\xcd]&\xce\xae\xcd\
\x0aV\xab8VWc9\xe9`\x96Mi\xa1\xd9\xe8\
mTSH\x07\xc6\xd9\x95'\xe0\xb2,\xf2\xe1\x0bc\
\xc5{/XI.\x03w\x1dH\xc4\xac\x0b\x87\xb1e\
M\x0d\xd5\xbd\xe7\xd4\x05&\xd91:,\xe8\xf7\x14\xd3\
q\xce\xe4\xae\xe4\xf2\xc5\xf7\xf3\x89\x8f\xfei>x\xf5\
=l&W\x88\xe9\xe0\xb2\x0c\x97jTG\x13\x87]\
\xba\xfd\xde\xf7\x867\x7f\x84\xac3/\xc6\xa4&\x22\xd1\
}\x94\x91\xf4\xd4%\xba\xddK<\xfb\x81\xf72\xcd\xde\
\xcd\xfb\xa7\x9f\xe4\xab\xdf\xfc\xf7|\xeb\xb5\xcf\x93\x8b\xbb\
\xf46cd\xaf\xc34\x95\x0c/\xef\xa5\x83\x00\x00 \
\x00IDAT3I 3\x94\x12\xb3\x92\xfe\x060\
;1g\x98\xf5\xd01\x9d\xd3\xfdn\x9d\x8ac\xd9H\
6\xef\x9e\xe7\xc0T\xe7i\x12w\xe8%]\x8e\x86S\
\x82@Wj\x0a\xc7\xb9\xc1x\x15x\x9f\xc9]\x9b\x11\
;{\xef\xe3k\xfb_D|\xfd\x1f\xf0W~\xf0?\
\xe3R\xbc\x8duCrs\x09)\xd2\x95\xb3\xc4\xa6:\
\xa3\xb9\xd6\xe4i\xcc\xc9dR{\xf1looS\x14\
\x05\xd3\xe9\x94\xe1p\xc8\xe1\xe1\xa1\xdb\xdb\xdb\x13-@\
?a\x5c\xbf~\xdd\x95eI\xaf\xd7\xab\xedC\x85\x10\
t:\x1d\x84\x10u?\xc1\xa6\xbf\xac_\x1cl\xbaf\
-N\x91\x9csd\xe9\x80|\xd2a\xe7\x99\xe7\xf8\xec\
\xeb\xbf\xc3o~\xf6\x9fR$\x01\x81\xd8dR<\x00\
\xbd\xb523}\x5c\x15\xc7\xa2\x01\xbe\xb0\x82(LH\
\xc2\x04W\x0a\x1c\x0ek]\xed\xd7{V\x96\xbcj\x00\
\xa8\xc0\xce\xcdeK\x0f\x1f\x8f\x98{|q\x1fey\
j\xbb\xda\xcc\xa8\xfd\x850v\x13\xc2n\x88(-\xe9\
\xd0p\xb9\xff<\x1f\xfc\xe0\xc7x\xe9\xcaG\xd8H.\
\x13\xa8)\x8anE\x1d\xcb\x18\xc2\x8a\x03\xce\xb2)\x83\
\xd1\x11\x1b[\xdd9\xdai\xf18\xdd\xac\x01\xc1\xb9\xd6\
\x13\xdf\x80\x18\x9b1\xd2Y\xc2$\x04\x01\xe9\xa4@\xaa\
\x80\xff\x9f\xbd7\x8f\x95\xed\xba\xce\xfc~{8\xe7\xd4\
t\xc77qz\xa4DJ\x94(\x89\x92\xa8\xc9\xb2\xa8\
\xd9\x83d\xb5\xdb\xb6\xe4\xf6\x80\xc0vw\x1c\xa4\x1b1\
\x124\x108\x8d\x0e\x02$A\xa7\x11\x03\xe9\x8e\x8d\x0e\
\xd2\x8d(N\xbb\xe5\xd8\x96m\xd9\x1d\x0d-Y\x12%\
[\xd4D\x93\x14-\x8a3)\x8a\x14\x877\x0fw\xac\
\xaa3\xec)\x7f\x9c:u\xab\xea\xd6\xad\xaa;=>\
\xc9\xae\x87\x83WU\xb7\xee\xad3\xec\xb3\xf6\xda\xdf\xfa\
\xd6\xf7\xc514\x92%n\x117p\xeb\xdbo\xe3\xf2\
\x1d\xef\xe6\xde\x87\xef\xe2\xb1\xe7\x1e\x22\x95\x0ej\x09.\
\x08\xe6\x22\x85\x0b\x9e<\xefP\x14E\xc94\xaa7\x08\
^\x91e9JM\x0b\xb6\xd3`\x0c1\xf3\xa4\xb3\xd3\
\xfb\xd6Z\xb4\xd4\xe0`an\x91\xb5\xf5\xcb\xbbr\x1f\
\x9f\x1c\xa4'\xff\xbe\x8e<\x97.g4\x8f\x1c\xe7\xd4\
\xc6\x93|\xe3\xb1/\xf2\x13\xb7\xff<Q\x5c\xa3\x10\x1d\
\x227~B\x1a\x94h\x18\x85\x0a\x07\xc7\xaf1\x86\x8d\
\x8d\x0d\x9a\xcd&KKK\x84\x108u\xea\x14\x9dN\
\x87f\xb3y\xd5\x07\xe9\xab>@\x9f;w.T\x8c\
\x8c$I\xfa\xd0\xc6\xa0\x03p\x05m\x8c\xeb\xb0\x1b\x0d\
\xcc\xdb\xd4\xb2|\xa0q\xa4\xc1\x93\x97\x1e\xe3\xd3\xf7\xfc\
\x01\xb9\x5c\xc5\xe65\x1a\xc9<\x92\x14\x1f\xa6\x05\xe1\xd9\
\x15\xc1&*\xd7yh5Z\xc8\xd0\x130\x97=\xc3\
\xd00]\xb3wr\xc0\xde}\x86:\xfa\x99*\xd3\xab\
\x02\xf3\xa04\xabJ\x1cy[r\xa2u\x13o\xbe\xed\
\x1d\xbc\xf6\xe5w\xb0\x18/\xf7\xc3\x86\x19\x5cV\xf7N\
Wn\x0d\x08\xc7\x5c\xab\x81c [\xdc!0\x1d&\
\xf5\xcdO\x818\x1aK-\xdc\x9a!w]\x02Pk\
(\x02\x92\x10\xa0\xb0\x96D\x82i\xc3R\xf4\x0a>\xf4\
\xd6Wp\xc7m/\xf2\xcdG\xbe\xcc\xf7\xce>L$\
SVWr\xe2Z\x84\xd21Q\x14\xfa\xe3U\xc9\x08\
\xadU\x9f2\xb9/\x18\x83I\xd9\xb6\x9f\xf89Ay\
=#\x19a\x8d\xa3YoQ\x8b\xebX\x9b\x96\x85>\
\xf6\x97!O\xcd\xb0E\x84\xd2\x19q8\x82\xd3\xf0\xf0\
\xc5\xafP{\xfa\x18o}\xd5\xdfci)\xc3\xb5\xa3\
\x89\x13\xce(\xbfy\x90\xadU\xfd^\x9a\xa6\x08!X\
\x5c\x5cdqq\x91\xf5\xf5u\xd6\xd6\xd6\xd8\xd8\xd8\xb8\
\xea\xf9\xd1W}\x80\xeev\xbb\xc4q\xdc\x97\xe6\x0c!\
\xf4]\xb9\xab%L\x95-\x8fjl\xb8\x1d\xf0\xab\xc1\
M\xd3`\x9d\xe7\xf9\xa3\xaf\xfe6\xe7\xfds$\x8d:\
\x0d\xe3I7\xdb\x1c9q\x8ct#;T\x0c:\xc8\
\x80p\xa52\xdc|s\x9e`C?\x83\x0cR f\
\xc0\x99\xa7\xb9\x9a\xec\x07\x83V\xba\x12Q\xaf\xec\xb7l\
\x7f\x82\xac\xd7\xeb\xd4L\x8b\xd7\xbd\xfem\xdc~\xf3\xdb\
Y\xae\xddH\x14D\xd9\xc4&=i\xbaN\xbd\xde\x22\
\x00\x16\xd0\xaa\xa4\x11J\x14BH\x8a\x8e\x81\x85\xc3\x0f\
\xc2\xfbydmCl\x03Z\x09\x9cuH\x9d!e\
\x83\x80$\xd6\x0dl\xd6!j4!@\xd1\x85\x1b\x9a\
7\xf1\x91\x1f\xfd\x15No<\xc5\xb7\x1f\xbb\x87g\xe4\
\xb3\x146#\x84\x9c(J\xf0\xde\x92[\x83w\x94\xe2\
W\xce\x8eM\x84\xb7h~\x07\x13\xbcw\xfa\x8c\x17\xa1\
\xb7\xd2\x0c\x10 Nb\x16\x16\x168sq\x0d\xdd(\
\xb3\xea\xc3\xc4\xa0\x83\x08\x1ci\xc5\x5c\xbe\xb4N\xdch\
\x906.p\xcf\x8b\x9fcna\x817\xd5oC\xb8\
\xf9\x1d3\xe8\xea\xffA&\xc7N\xab\xd8J@\xa9V\
\xabq\xec\xd81\x9csT5\xad\xab\x19\x8f\xbe\xaa\xa7\
\x8f\x0b\x17.\x84\xa2(\xa8\xd7\xeb}\x1a\x9d\xb5\xb6_\
\x18\xect:}m\xe7A\x8d\x8d\xc1\x00=zaG\
\xf1\xacD4\xf9\xe4]\xbf\xc7E\x9e\xa0\x88Sd\x80\
D\xe4\xd4c\xcf\xeaj\xbe\xeb}\xde\x8b\xd3s\xb5\xd5\
\xe2dHio\xb6\x1bmr\xcb\xef\xa4\xe6\x8bYn\
\xeaqf\x05\x00\xcdf\x93\xe3\xc7\x8f\xf3\x8f~\xea\x9f\
\xf1\x9e\xd7\xfc4'j\xd7\x10\xe1p\xd6\x96T6$\
q}\x09\xe7d\xd9P\xae\xa0\xc0\x92\x05\x83\xc1A\xd0\
D\xb2~\xd5\xc3kZ\xd4\x89EB\x225\xba\xe7Z\
\x03\x9eJ\xdeB\xd4\x9a\xf8\xde\xea \xae\x81\xf0\x01]\
Hnj\xde\xc6\xcf\xff\xe8?\xe6\xbd\xef\xf9qN\x9c\
\xb8\x86N'%MKJh\xbd^\xef7V\xec5\
\xf0n]\xd7\xd9Z\xf9'\xfd\x9d\xaa_\xa0b\x12U\
:\xea\xbbu(\xd9\x93\x8dW\xad`\xf5\xfc&\xf35\
\x88\x22\x87\x91\x8bt\xe23<\xf0\xcc\x9f\xf0\xfc\xf7.\
\xec\xd8\xea\xbd\x13\x8bc\x5c{\xb8R\xaa\xef\xa2\xe4\x9c\
cqq\x91\xf9\xf9y\x9csdYF\x9e\xe7\x9c?\
\x7f>\xfc]\x80\xde\xc5\xe3\xfc\xf9\xf3!MSZ\xad\
V\xdf\x95Dk\xdd\xef\x14\xac\xba\x88\xaa 2T\xf8\
\x1bX\x82'\xd4\xc8\xc3&\xae\xee0^\x11\xb2@\x9d\
\x94<k#\xe2k\xf9\xfd\x17\xfe\x05\x0f\xad|\x87|\
\xbd\xce\x11}=\xae\x80<\x08j\x8dyt\xc8\x19\xd4\
\xbf\x1d\xe7\x16\xb2\x13\xfdl+\xf0N\xe2H\x07\x84\xf5\
\x04\xe7XZX,\xab\xfd\x91F'1\xa9\xcd\xf1\x03\
N\x1e\xd3\x1cI\xa6\x05\xe1\x9d>S\xb8U\x22] \
\x85!\xd8\x0cM@\xe2\x09\xce \x95\xa7\xddq\xc8z\
\x1d1'X\xb7+\xe4\xb9\xe1\x95G\xee\xe0#\xb7\xff\
\x06\xbf\xfe\x96\xff\x85\xc5\xda\x09\x22\x9a@\x02hT\xd4\
\x13\x8d/cr\xc9\x91\x05T\x08\xc4AP\x0b5b\
\x22\xc0\xe3H)W\x98\xdbu\x86\xabs\xec\xc8K\xce\
r_\xf0G\x96\xd1P\xd0\xe3FO\x8bp F\x9a\
E\xfa\x8c\xef0\x8bZ[\x86\x13\xebdE\x1d\xaf{\
\x1dvh\x84\xf6\x08\xa2\xf2\x18\xb7$\xb3A\x09d\x1c\
!U\x04H\xde\xd6\xf8I\xfe\xcb;\xff9\xbfp\xe7\
?b>>\xc2\xea\xc6:FZD\x1d\x8c4DJ\
c\xf2\x82`\x0a\x22\x01\xc2\xe6\x08g\x89\xa5@\x05\xdf\
\xd7\x81\xde\xa6\xe3]\xbd7\xa6h8M@kp3\
6`\x82G'\x02\x1b\x0c\x01\x81\xf0\x09K\xf3\xc7\x10\
v\xba\xe6\xc78\xbd\xefa\xce\xff\x0e\xe3\xbe\xb7\xf94\
!i50\x22\xe0\x8b\x9c\xa65\xb4\xe4\x11VB\xca\
\x1f\x7f\xff_s\xc9\x9c\x01$v=%\x12\x1d\xbav\
\x8d\x8eO\xf0\xb4\x90\xbe3\xa4\x1d]\xdd\xfbU\xc7p\
\x95\xa0U\xe4\x01\xe7\x5c\x9f\xe5\xb5\xb4\xb4\xc4u\xd7]\
\xc7\xe6\xe6f\xbf\x03\xf1j\x94'\xbdj\x03t%\xe0\
=(\x82T\xb9FT\x22H\x83m\xdb;\x05\xa7\x8d\
\xce%\xea\xd1\x22\xb6\x0b\x84\x14\x84\xc5\x86\x16\xf1|\x93\
\x87^\xb8\x8b'\x9e|\x8cN\xa7\xd3o\xc8\x18$\xbf\
\x0f\xca\x1c\xee\xe71\x0b\xfcQ}\xd7\xe8\xcd5\xe9\xf5\
\xac\x99\xf1\xa4s4\xd7<\xcaF;\xc7zA\xbd\xd1\
\xa2\x93\x17\x18\xefH\x1au\xd2<\xa3\xb5h\x09\xb6C\
\xb6\xe2YV7\xf3\xee;>\xc2\xcf\xfd\xf8\xafr\xcb\
\xc9[\xc9\xba\x9b\xfb\xbe\xce;\x1d\xd7\x95j\xbb\x9e\x06\
\x81\xed\xfb\xa1\x1c\xeb\x1b+\xdc~\xf3\xdb\xf8\xf5\x8f\xfc\
&\xaf\xb9\xe1]\xe4\x17%d\x02\x8d\xc7\xf8\x82\xb8\xae\
\xa85kx\xe1\xb0\xde\x22e\x89\x8d\xb7\xd3\xee\xaeW\
<\xd3\x8em\xf4}!\x04\x88\xb0\xcdU{\xd0i{\
\xd2X>l\xc6\xcd\xd7\x1f\xfe\x1c+\xe6,\xc4\x09\x9d\
ME=n\x92vNSK\x1c\x9d\xb6\xda1\xa3\xde\
IV\xb82\x99\x95R\xb2\xb0\xb0\xc0\xfc\xfc<\x9dN\
\x87N\xa7sU\xea\x7f_\x95\x01\xfa\xcc\x993\xa1\xd2\
\xd6\x18\xb4\x85\xaa\x1aR\xf2<\xefk@O\xbb\xc9\xe2\
\xa6\xa6\xb3i\xa9\xa9\x06\xca[\x5c\xf0t\x8c\xe0\x92\xb9\
\xc8\x17\x1e\xf8(+++DQD\xbd^#\x04\xd7\
\x1f\x9c\xb3@\x0d\xd3\x18\x1c\xd3\x06p\xf93\x89\x14\x1a\
\xadc\x04jD\x0b\xc4O\xbd\xc9F\xb3\xab\xd1\x8ck\
\x5c\x066\xf8\xba\xbdiXZ<\x81\xf3pi}\x95\
z\xab\x86\xd4\x82\xf5\xcd5\x9a\xf3s\xa8\x90\x93\xaeu\
\xb9q\xfe\x95\xfc\xc2{\xff1\xef\xbb\xed\xc3$\xee(\
Y\xee\xa8\xb5j\x07\x10 }\xaf\x90\x15\xb6=\xbf2\
BM\x87+\x17\xeaD\x9b\xf9\xf990uj\xf95\
\xfc\xe2\xbb\xfe\x09\x1fy\xff?\xa4\xe1\xe7\x90\x058g\
\x10\x02\xd2\xa2\x83\xc3R\x9b\xab\xd35\x19\x9b\x9b\x9b,\
--M\x87(F\xdcVF\x9fO\x9a\xdc\xcb`\xcc\
6\xa9\xddA\x93\xd6\xdd\xd6_f\x19\xfb\xbbqz\x7f\
\xf2\xe2\x03\xdc\xfb\xf4\x97\xa1\x09.\xb4\xc86\x1d\xf3\x0d\
\xe8\xb4/\xa0Ds\x22\xb41\xb8U\xc7_iE\x0b\
!XXX\xe0\xd8\xb1cXk\xe9t:\xe4y~\
\xd5\xa9\xde]\x95EBkm/h\xd6\x87,\xa3*\
\x5c\xb9\xcar\x07\xfb\xf4wbm(UC\x0aC\xb6\
\xb9\xca\x5c\xb3\xc9\xa5\xb4\x8bif|\xe6\xab\x7f\xc4\xf3\
\xeb\x0fS\xaf_O\x14E\x84\xe0\xfa=\xfc:\xeaq\
|\x85\x9ai \xeee\xf0\x0d>WJ\xf5\x19\x12\xde\
\x0d\xc2)\xba\xcf}\x9b\xe4e7\xa9\xc87\x8e\xe7<\
\xf8\x5ci\xcdF{\x1d\x19I\xea\xad\x1a\x99)W\x13\
\xf5z\x8d\xb5\xcb+4l\x9d\x0f\xbe\xe3C\xfc\xc8\xab\
~\x8cZ8\x82\xe9@\xad.!i\x90\xdbR\xfc\xe6\
\xef\x1e\x93\x96G1ifiD\x09\xb1\x04S\xc0\x1d\
'\xdf\xce\xf1\xa5#|\xf5\xfe\xbbx\xea\xe2\xc3\x18\xe7\
\x91\x91\xc6\x05\x87\xc92\xa2ZD\xa3\xd1 7\xd9\x90\
\x96\xf3\xf8lZ\xceP\xa3\x18\x9c\x8cJf\xcf\xd6\xf8\
Px\xef\x08\x22\x0c\xe9_h\xad!\x97S\xc7\xcfN\
\x85\xc1\x99\x0a\x84#l\x8b\xd1{#\x84\x80k\x05\x1e\
9\xf5\x0d\xae?v\x13\xb7\x9f\xf8\x00\xdd\xd5@\xab\x15\
\xd3\xedn\xd0\xa8/\x0f\x09\x9b\xedt\x7fU\xf8z\xc5\
@\xca\xb2\xac\xef\x0a\xbe\xbc\xbc\xcc\xea\xea*\x1b\x1b\x1b\
\xac\xaf\xaf_u\xc5\xea\xab.\x83>u\xeaT?{\
n4J\xbd\xd8J\xa5\xae:\xb9\x83.\xc1;5\xa0\
T\xcf\xdb\x1d\x81\xd2)Z\x17\xacl\xa4\xb4N\x1c\xe1\
\x9b\x8f\x7f\x86\xfb\x9e\xfc\x22\x8d\xe59\x84\x02\xeb\x0di\
\x9ea\x9c-\xf5pC\xc0\x87@\x9c$3e\x09S\
E\xcb'\x05\xf7\x9eX\xd2\xa0\x82\xd8Pv\xac\x02\xa8\
@\x90\x9e }\xffy\xf5\xfen\x0a\x7f\xe3~\x16%\
\xe0|\x86\x0b]\xe2\xa4\xd4\x9b\xb6\xa9A\x1a\xc5r\xfd\
(\xbf\xfc\xc1\x7f\xce\xebn|/\x0d\x16Q@\xad\x06\
\xf4\xb0=\xad\x0f\xa0\xc8'E_\x1f\xa3\xf4W\x14\xfd\
\xe7\xe1\x0a\xac8\xab\xef\xdei\xdb\xef#7\x09\xf5Z\
\xb3\x04\xe5\x1dD\x1a4\x11\xc7\xea/\xe7\x17\xde\xff_\
\xf1\xf6\xd7\xbe\x0be\xea\xb8T0\xd7X\xc4Z\xdfO\
P\xba\xdd\xee\xd4\xeb\xd8\xd7\x16!\x8c\xdf\xff1\xe7t\
\xf0}!\xc1\x07\xdb\x0f\xe4\x83\x94\xca\xdd&'{\xcd\
\xb0'\xddC\xc8\x1a\xae\xd1\xe5/\x1f\xfcc^X\x7f\
\x94Z\xab\xc1\xea%K\x1c5\xc8\x8a\x8b\x13\x0b\x87\xa3\
\xae\xe1\x83\x01;MS:\x9d\x0eI\x92p\xed\xb5\xd7\
R\xaf\xd7\xfb\x86\xd2W\x93\xc0\xffU\x15\xa0\xcf\x9d;\
\x17*\xcb\x9dj\x80T\xf6;\x15\xd8\x9feY\x7f\xd6\
\xac\x8a\x00\xe3d\x0a\xfb4:\xa1\xcb\x06\x81D#\xea\
\x92G^\xbc\x8f/|\xeb\x8f\x89\xe6,\xf8\x16\xce\x99\
R\xfc^\x09\xe2X\x0f\xe1\xdf;\x15\xffv\x8b5O\
[\x1eJ\xa9\x11B\x0eg\xbe2\xec\x98=1R\xf2\
\x1a-\xde\x8c>\x1f_\x5c,\xdf/\xb2.\x8df\x8c\
\xf0\x8e\xeef\x1b\x99K|WsM\xebf~\xf1\x03\
\xff\x05\xaf\xbc\xe6u\x1c\xa9_G\xf0\x11\xc1\x19\x10\x05\
D\xbd\xbfs\x10\xc3x\x0a$s\xf8\x19\xee\xe1~\x7f\
]\xcb\xb2Y\xcfY\xd09\xc8\x92\xb9Q\x93Mb\xea\
\xbc\xe7u\x1f\xe2\x83o\xff0'\x1a7\xb1~\xbeK\
,b\x14\x8a\xf5\xf5uj\xb5d,\xa6<z\xfd'\
]\xfbY\xc6\xcf\xe0\xe7\xaa\x00])&\xee$\xcc?\
\xae)d?4\xd4\x9d>#\x9cD\xc5\x8aU\xce\xf1\
\xb5'>I\x1a]BD\x09\xdd\xcc\xe1E\xb1kv\
G\x95\xb1\x1bch\xb7\xdb}V\xc7\xd2\xd2R\xdf\x9d\
\xe5j\x0a\xd2WU\x80.\x8a\x02\xa5\xd4\x90#J\x15\
\x9c\xbd\xf7}\x13\xc9Y\xaa\xd3[\xcb\xb5.u\xbd\xc8\
\xca\x9a\xa5\x88\xd7\xf8\xa3/\xfc6\xa9^#\xae\xcd\xe1\
;[*]\x95\xc1\xec\xe0\xe03\xc6\x5c\x11\x0cz;\
,1\xbe*?\xae\xa8\xb6\xdb\x22\xd2\xe8g\x94Rt\
6\xbbDQ\x9dZ4\x8f\xcbbn\x7f\xf9\x8f\xf2\xb3\
\xef\xf9\x15^\xde\xba\x03Q\x04\xa4\xef\xb5\xd1\xea:\x1e\
\x8d\xf7\x02\x17<%\xbb\xf9\xe0\x8b\x84;\x07\xa3\x1f@\
\x84#\x80\x0f\x1e\x19I\x9cTd\xce\x12\x90H\x01\xb6\
\xebh\xd9k\xf8\x91W\xbc\x8f\x9fx\xc7\xcf0\x1f\x1f\
A\xb8\x98f}n\xc0\x130\x8c`\xf2\xc3\xdbNm\
\xdf\xfd\xf38\xc0\xfa\x18\xfc\x7fh\xeb\xf1\xdc\x85\x0c}\
\xfd\x8dQ\xa1\xa4\x97\x0a\x83n\x00iG2\x7f\xecZ\
\xbe{\xf9A\x1e\xf8\xfe\xe7\xf1I\x974\xf5\xe0\x93!\
\x0a\xe8N8\xf4`&=h\x06P\xb17B\x08,\
//\xb3\xb4\xb4D\x9e\xe7}f\xc7\xdf\x05\xe8\x91\xc2\
\xa0s\x0e\xadu\xdf%\xc5{\xdfgm\xe4y>\x84\
%U\x83hZ\x80\xca\x8bK8S\xa7\xd5\xbc\x96O\
}\xf1\x0f\xc9\xe3\xd3\xc8\x18$MT\x88\x90\x0a\xac+\
06\xa7(\x8a~#L\xd5R\xbe\xdbly\xe6\x1b\
wB+\xf88\xb1\xa7\x9d&\xa1Y\x03\xf1N\x9f\xcd\
s\xcb\xd2\xe2Q\x5c!\xc86,oz\xed;\xf8\x99\
\xf7\xfd\x22\xc7\x1a/\xc7u\x22\xa2\xb8\x83\x90yib\
\x1b\xc0KM\x90\x1a)$J\x84\x03\x09\xd0\xbba\xa8\
\x1c8\xc4q\xd8,\x0e\xd9AJ\xd3\x0b\x85\x1a\xa1\xea\
\x18Jm\x93\xa4\xe1\x91^`\xba\x92W\x9c\xb8\x8d_\
\xfb\xe5_\xe7\xba\xe37p\xfe\xfcy\xf0\x818R\x87\
r|\xdb\xcf\xbb\xdf\xa6\x87\xbe\x93\xd3\xf9A\x8c\xf9\xdd\
|.\x16\x19\xd8\x844\xd7\xe8y\xcf}\x8f}\x9eS\
\x97\xbeKk~\x9eN'\x8c\x854\xc6y\x8c\x0e2\
\xb4\x06i\x80\x15\xe1\xa0\xd9l\xb2\xb8\xb8\x88\xb5\x964\
M\xf1\xde_\x15\xb4\xbb\xab&@gY\xd6wH\xa9\
\xaa\xad\x95\x00\x7f\xe5\xd4;\xb8D\xe9;+P\xd0m\
wHd\x1d)\x122\x97S\x88\x9c,\xdf\xa4.\x02\
r\xf3:\xf4\x91\x0d\xber\xe6w\xf9\xe6s_\x04\x16\
ir\xbc\xa4\x8857\x09\x0e\xb4\x8cPB#E\xd9\
\xb9\xe7\xac\xc5YK4\xb2\xcc\x1b\xa7\xe7\xbc\x9d\x17=\
\xca\x97f\xec\xf2p+\xc3*\x1dS\xc0\xe1C\x81\xf3\
9>\xd8\xbe$\xe58\xa8bp\x19\xebK[\xd0\xb1\
X\xa4'\x10)Ogs\x83f\xad\x8eR\x11\xedv\
\xb7<\x16\x15\xb0.\xa5~\xd4\xb0\xb2~\x89$\x9f\xe7\
\x83o\xf8e~\xe6\xcd\xbf\xc2<G\xb1Y\x97\xa4i\
\x81\x16\x90 \x05hQV\x95\x15e?`\xc9}\x9e\
r\xb3\x15\x0a\x81\xa5\xf0k84\xa9\x11\x18\xc0\xa8\x82\
\x8e\x0bxo'C2\xca\xe2\xa5\xe9\xe9@\xd3\xe3M\
\x97]or\x16I\xbb\x9e\x0b\xcd\xa0\xd6s\x08\x1eK\
A!r&y\xfc\x85\xe0\xc8\xcc\x1a\xce.\x80\xde\xc4\
bp4)\xf7Nb\xec,\x10H\xc9\x11\xd7(\xe2\
\xde\x19\x8b\x01)5\x10Al\xa95\x14\xca\xd4\xb8\x9e\
\xd7\xf2k\xef\xfb\xefx\xe7+\x7f\x96|\xc3\x22T\x17\
\xa7S\x8a\xe0\x09\xb2\x05:F\xc6\x05\x9b\xd9Y\xa2(\
F\xba\x85!\xfd\xec\xb1\xdb\x08\xf41z~\x8d\xc9\x89\
\xa2\x1a\xd6\x96\x01LG\xe0CJp\x1e\x15\xe2\x1da\
\x8c\xad\xf7=\xa3\xfd\x01;\xf5\x09\x8c\xfb\xfd\x9d44\
\xaaG\xaa\x14q\x04QniD\xf3\xb4\xa3M\xfe\xea\
\x99?\xe7t\xf6$\x91n\xe0\xac\xc0\xe5\x19\x11\x05y\
\xb6I\xe1\x1d\xaa\xd6\xc4Z\x8f\xf6[\xb0M\x85AW\
\xcdnU\xf7\xf1`Mkyy\x99\x13'N`\x8c\
\xe1\xd2\xa5KC\xb8\xf5\xdf\xea\x00}\xe6\xcc\x99 \xa5\
$I\x92>\xffr\x90\x8b9jM5\x8c7\x07\xb4\
\xd6t\xbb\x1d\xe2H\x96\x85\x18\x22\xe6\x1aK\xac\xacu\
\x89\x97\x02\xcf\x9c~\x8a\xaf\xde\xf3W4Z\x09.\x94\
\x85\xc6zR\x1ae^\xe9\x0ca\xf43\xa3d\xb2\xe1\
\x81\xeag\xd6\x81\xdeY\x08\xc7s\xf4\xf8q.\xad\xae\
P\xd8\x9c#\xc7\x96\xe9d\x9b\xe4&\xa3\xdeH\xb8\xf0\
B\x9b\xc5\xe48\xef\x7f\xe7\x07y\xdb\x1b\xdf\x89\xf0\x12\
\xef!\xa9\xd50\x03\xc6\x07{\x86\xad48\x02\x91J\
Pht\x00\xe1\x0c2/X\xaa'\x5c\x8d\x8f\xc1s\
\xd9\x9a\x9fGJ\x8d\xb7\x81XD(\x0767H,\
\x91>\x88e\xb0\x86 QZc\x8c\xa3&\x9b\xbc\xef\
\xce\x0f\xf0\xce7}\x80\x8ds\x0a-$Bx\x02\x96\
\x10\x14\x9d\xae\xe0\xbakn\xe1\xc2\xc5\xb3x\xb1:\xbd\
\x88\xb8\x0b\xbe|\x15pC\x08=S\x83\xbd\xdf\x1b\x07\
\xb7\xc2\x0c\xbd\x1a\x91*\xa5Q\xa3\x98\xcb\x1b+<\xf6\
\xcc\x83\xe4z\xa5\x07\x8dZ\xac\x11\xd4jM\x9c\x0bl\
ll\xf4 \x0d\xb3\xa3\x96\xf4 Gz\x90\x1b=?\
?O\xbd^\xef\xc3\x1f/5\x16\xfd\x92\x07\xe8\xf3\xe7\
\xcf\x07c\xcc\x10\xe7\xb9\x92\x11-\x97\xe0\xf9P\xf3\xc8\
\xe8\xe0\xf3N#\xb5\xc2\xf8\x1ccrT\x10\x08\xa7\xc8\
3\x8f\x8a\x9bt\xe2s|\xe9\xbe\xcfpn\xfd\x14^\
9\x8cIi4k\x18c\x88t<{\xb1b\x8fU\
\xeci\x9d\x86\x83\x0d*e\xa8\xf6\x03\xa1{<\x0c0\
|\x93\xf9m8\xe5 \x9f\xd880\xce\x12\xb4\xc0\x0a\
K\xa7\xd8D\xc5\x0a\x9d\xc4\xac\xac\xaesMr\x0b\xef\
z\xc3\x07y\xcb\xcd\xef$\xa6\x85\x14\x09U[\x5c\x14\
\xc7\xfb\xbf\xc0\x0a\x02\x02\x1f$x\x88$\xd4\x95@\xe1\
\xd9\x5cY\x9b\x88\x9f\xee\x06[?\x8c\xe0\x0c\xd0\xeef\
\xe5J\xc6o]\x9e\x9aV\xa5\xd7I(v\xf5\xb7\xc6\
\x7f\x08*\xb3\x9fH)\x84\x97\xcc\xcbkx\xc7\xed?\
\xcd\xbbn\xff0\x9duG\x12E\x18\xdb&\x04G\xa4\
Z\x9c?\xdb\xe6\x86\x1b\xae#3\xe7\x09\x22\xe0{\xff\
\xaa\xe7A\x84\xfe\xf3Ix\xffp\x9a0:\xf9\xbb\xa1\
\x15\xe0N\xb0\xdca\xd7h\x9c\xb7\xbd{Eb\x8a@\
\x9c\xd4\xc9B\xca\xa3\xcf\xdd\xcf3\x97\xbf\x8d\xd0\x9e \
\x04\xc6\x0445\x84\x17\x98\xa2@)\x81\xf5nj\xab\
8\x94\xe4\x83N\xa7C\x08\x81\xa5\xa5%\x16\x16\x16\xfa\
\xa6\xd3Y\x96\xbd\xa4\xdc\xe8\x97<@gY\xa9\xf7Z\
\xab\xd5\x88\xa2\xa8\xdf;_\xa9\xd2U\x8c\x8aq\x18\x9a\
/\xbdy@\x0a\xe2\xbabcs\x8d\x9aN\xf0\xb9g\
\xa3\xbdI\xeb\xc8\x1c\x7f\xfd\xdd/\xf3\xe0\xf7\xefc\xee\
h\x8b\xc2\x19\x10\x1e\x19B\x99\x159\xb9/|l7\
\x19\xc34\xcdh_y\xe3I\x81\xef\x15n*\xcb\xaa\
\xca\xc6\xaaz\xbeeW\xc5\xb6\xd7\xa3\xefK\x1d\xb1\xb2\
\xbeF\xa3\x95 \x94'7\x19Q\x5c\xc3\xa4\x9efm\
\x89\x0f\xfd\xe8/\xf1\x96W\xbe\x87\x88yL\x16\x08\xae\
\xd7\xba\xcc\xc1\x914\x14\x1aM\xd9\xd4\x12\x1ctMF\
\x88\x14sG\x8fo\xdb\xe7\xd1c\xddib:\xa8\xc7\
\xb8\xef\x1c\xdc\xa2\x9aB\xea@\x96w\xca@&\x01!\
!$x[\xdf_p\xee=\x8c-;\x5c\x91\x16W\
\x18B\x01K\xfa\x04?\xf5\x8e_\xe2M\xaf\xfeI6\
.\xe6\xd4\x12\x0fr\xb3\xd7\xfa\x0e\xc6BRoNt\
\x0b\xaa\x8eo\xd2\xf8\xa8\xb2\xe4>\xf5\x8e\x1eL6\xc6\
\xfbo<\xc4q\xb8,'\xe3,qRv\xf9\x9a\x22\
\xa0tB<\x17\xb3).\xf1\xc0\xd3_\xe6b\xfb,\
*\x11\x14\xb9\xa3\xb3\x91\x96\xa8\x98\x12\x08\x05\x85\xb3;\
R\xefF\xb3\xea<\xcf\xfbr\xb0G\x8e\x1c!I\x12\
\xba\xdd.Y\x96\xbd\xa4\x05\xc3\x974@WbH\x15\
i\xbc\xc2\x88*\xe1\xa3\x0a\x1f\x9a\xd8r\xda\x13\xbb/\
]\xe4\x03\xd2K\x8a\xa2\xa0\xb1\x94\xf0\xcc\xc5'\xb9\xfb\
o>O\xa8Y2\x97\x96F\x92J\x97\x81\xbc\x16\x93\
\x19;5x\xce\xc2s\x9e\xf5\xf7\xc7\xd2\x94$\xa5\x07\
\xa0/\xfd\xe6\x06\x03G\x95U\x8f\xef\xb0\x0b}\xfb\xa4\
I7h\xb5\x1a\xc9MVz\xc3\xb5\x16H7rD\
^\xe3'\xdf\xf1s\xdc\xf1\x8aw\xa0\x8b\x06\x8a\x88z\
\x12\xf7\xf5{\x03\xd0M\xbb\xfb\xbe\xc6\x91\xe9\xb1\xd5B\
\x8f3Pw\x98\xa8`\xdd\xa7\xbc\xb0ry,\x05p\
\x18\x07>\xec\x82\xe1d*b\x9a\xadcC\x97\x8e[\
\xc1\x89.Ay\xda\x85\xa10\x94\xe6\xaa\xfb\xdd7\x01\
\xf5\xba\x86\x12\x99'\xae)b%Q\x1ej>\xe2C\
?\xf2\x9fs\xc7\xad\xef\xa6\xbb\xda%\x8arP\x1b\xb4\
\xe6b._^C\x86\xc5\x89+\xac\xf2\xfd\xc9+\xac\
\x8a\xe7Q\x1d\xbf\xa3\x84\x06\xec\x88L\xe9N\xe3x\x96\
\x04d?}\x02R\x94\xc9\x9a+\x0ab\xadKXR\
\x08\xea\x8b\x11/\xae>\xcd\x83\xcf|\x83\x0e\x9b\x04\x1d\
\xe8\xa4\x19\xc1y$e\xcd\xca\xba\x9d\xe5\x86\x07\xdf\xaf\
\x92\xa4*Y\xac|\x0c+A\xb6<\xcf\xffv\x06\xe8\
\xa2(\xfa.)Uk\xe9\xa0\x18|U\x18\x1c_y\
\xeee\xd0\xde\xe1}A\x9ag\xd4\xeaM\x8c\xf1\xb8`\
\xd0\x8b\x9e\xbf\xb8\xffO\xb9\xd4>\x0bQ\xa00\x01\xad\
\xea\xe0<\xadF\x9dNw\x93\xa4^\xdb\xd5\xd2k7\
\xd0\xc7\xac\x038\x08\x06fw7\xe0Y\xe7\xd8\x89F\
5\x1c\xb4v. \x96\xdd\x919\xf5z\x8259\x22\
@\xba\x91\x93\xb89\xde\xff\xa6\x0f\xf1\xd6\x93\xefA\x11\
\xa1D\xdc_\xe5j\x0d\xce\x07\x9c74\xea\x8d\x03\x19\
a\xc6\xe5\xe42\xa3\xabV\xf9\xfaw\xbf\xcc\xef|\xfc\
\xb7\xf8\xc6\x03_\xe1\xa6\x97\xdf8\x11W\x9f\x05G=\
hHc\xf4\xfb\xe6j\x0dR\xb3\xc1]\xf7\xfe'\xfe\
\xec\x1b\x1f\xe3\xe1\x8b\xf7\x13j9!\x86v\xc6\x8e\x8c\
\x8f\x9d\x02\xd3N\x0f\xeb\x8b\x92+\xddK\xd0\xad\xb1\x08\
\x02\xf3\xd4\xf9\xf9\xf7\xfc\x0a\xb7\xdd\xf0V\xda+\x05\x22\
x2\xb3A\xbd\xd9$\xcb\x182\xf8\xad\x9e\x0f\x1a\xff\
N\x0f\xe0\xc3\x13\xfdV\xf0\xb2x\xdc\x9e\xb9\xce\x07\xd5\
i\xab\xe3\xb2Y-`\xa8\xc5\x11\xb6pt\xbb\x05:\
\x89\x89\xea\x9aGN\xff5/\xac~\x17\x17[T\xac\
\x08X\x9c+\xbdI\xa5\xd4\x13\x1bX\x06\x03w%I\
\xba\xb9\xb9\x89\x94\x92#G\x8e0??O\x96et\
:\x1dN\x9f>\xfd\x92\xc0\x1c/Y\xab\xf7\xd9\xb3g\
C\x96e\xd4\xeb\xf5\xbem\xd5\xa0\x85U\xe5\x90R\xb5\
t\xef\x14\xa0e\xf0Xg(\x9c%\x92M\xac\x01\x95\
\x08\xbe\xf5\xf8\xdd<\xf8\xc2\xd7\xa874i\xe1I\xa2\
&e\xc3\x94\xa01W\xa3\xb3\xdaE\xca\xf1\xcb\xf8\x83\
\xc6\xa0'\xe1x\xa1\x17\x84+{\xab0P\xa8\xf1\x84\
!=\xe0\xc1\xf6\xd8\xea\x1c\x0c5%\x8e\xb4\xce\x96Z\
\xb9\x0e\xe7)y\xb5\x85#2u\xde~\xfb;y\xdf\
\xeb?\x84\xf6-\x8a\xc2\x10'Q\xa9\xd9\xec<JK\
<\x0e\x9b\x17\xe8\xfa\xfe;\x05Cd\xd9\xf0\x1b<v\
\xfa;|\xf9\x9e\xcf\xf1\xe2\xb9\xef\xb2\xb4X\xe3\xc8r\
\x84\xddX!Vzl\xe0\xd8\xc9\x9c`\xf4\x98\x0f;\
`w7\x0a\x9as-\xd6\x8a\x0b|\xef\xc9\xa7\xb9\xff\
\xf9o\xf0\xc6[\x7f\x847\xdf\xfcN^y\xe45\x04\
W\x1b{mf\xff\xc2R\x9a\xd5\xbb\x08\xadb\x08\x12\
\xe7zl\x15Y \xd3\x88f}\x9e_\xf8\xc9\xdf\xe0\
\xa3\x9f\xcc\xb8\xd8}\x06]wX\xdbF&u\x82\x9f\
\x1d\xbf\x1f\x17\xa4=\x01\xe1\x03\x03\x1e[\xb8\xe0\xb71\
\x18F\xdb\xbc\xa7iBo\xfd\x8cm\x9f\xdb\xd5\xef\x8b\
\x08c3\x22-\x11\xc1 \x02(b\x8a\x1c\xe2Z\x93\
M{\x9e\xc7^|\x80\x05}\x0d7\xcc\xdd\x5c\xb6\xad\
c\x11\x80\xd4\x1a\xefM\x7fe>n\xc5[\x09(U\
q\xa7\xddn\x93$\x09sss\x1c=z\x94\xcd\xcd\
M\xb2,\xa3\xddn\xbf$\xee+/Y\x06]ij\
\xd4\xeb\xf5>\xde\x5c\xd1\xd8\x06e\x01G\x07\xdb\xe8L\
\xa8(Y\x1eJG\xa4iF\x90\x02\x1dK>\xff\x97\
\x9f\xc6\xc4\x1b=E\xbc9L\x11pE I\xea\x5c\
\xbcx\x91c'\x8e\xb3\xbe\xb9qE\x8fy\x92\x9e\xc6\
\xe0r~\x5c+\xef\xe06J\xa5\xdb\xa9\xcd\xd7S*\
\x00:g\x90\x08Lfx\xf5-\xaf\xe6]oy/\
1\x0d\xa4\x91\xc4I\x84\x0f\x1e!<JC^\xa4h\
U\x8a\xf1\x17\x07\xc0\xe2xv\xe59\xfe\xc3\xa7>\xc6\
\xff\xfd\x1f?\xca\x99\xfcY^\xf6\xbae\x16\x8fKT\
XgN\xfaCo\xb5\x9e\x1a\x1f\xa7|\x7f=\x9a'\
\xb7\x8eB\xa4,\xbd\xacF|<\xe7\xfe\xa7\xee\xe2\x13\
\x9f\xfd(\x7fu\xef\x9f\xef\x9b3\xed-\x08\x14\xb1n\
 \x85\xc6YP\x0aT$q\xae@\xc69\xc2+b\
N\xf0\x0f>\xf4\x1b,\xb4N\xb2\xb1\xb1IT\x0bX\
\xbf9\x95\xe53\xb5\x15|p\xa6 l\x1b\x8b{\xc1\
\x8d\x0f\xea\xbe(\xf1\xf9\xd0S\xb2T\xe4Y\x97H*\
\xe6\xe6\xe6\xc9R\x835\x92\xfa\x11\xc1\xf7N=\xc9\x8b\
\xe7\x9e\xa3\xb09\x85\xcd\x07:\x8d\xc3\x8e\x0aw\xa3E\
\xc2\x0a\x0e\xac\xb0\xe8\x8a\xd11(1q\x10\xf7\xc3\x0f\
D\x80>{\xf6l\xdfc\xb0\xe2:k\xad\xfb\x9d|\
\x15\x16\xb4\x95\x05\xfa~\xd3\xc8\xa0\x83\x82\x10\x825\x22\
j\x12Z]\x8b(\x14\xc52\xfc\xf1C\xff\x81\x17\xba\
\x0f\xb1\xac\x9b\x04\x11\x91g]b] \xb5!\xf7\x05\
\xb5\xd6\x1c\x9b\xebm\xe6\xe3\xfa6\xfd\xe1QN\xb3\x10\
j\xcc`\x1c\xd4-\xdeY\x0fWJ\xc9\x10\x01W\x04\
\x84dh\x93\xde\x10)\xc8\xf2.\x85\xcd\xfb\xb4\x22\x89\
Ez\x83\xf4n\xe2f\x8b\x1a\x91\xd2H6P\xa1\x8d\
r\x8e\x90\x81v\x92\x9a\x82T\xa48_@\x16\xb8e\
\xe1\x8d|\xe4\xce\xff\x86\x85\xf0\x0a\x9c\xd1\x90\x18\x10U\
\xc3\x8fD \xa9\xc5\xf5\x1e\xc7Y\x12\xc75\xc0\xe2l\
\x81\xb3[\xfdk\xa5\x11\xb5\x05rr\xc0\xe2\x81\x0ex\
\xc3\xe6\xaa\xa3\x00V\xe8\xf0G\xf7\xfc.\xff\xe2O~\
\x95\xe7:_\xe2\xe4\x8d\x81\xeb\x97\x9b\xd8\x8e!M\x03\
>j\x92IMp\x96\xe0,x\xd7\xdfD\xf0[\xcf\
\xbd!S\x86L9\x22@8p\x08\x8c\x04\xdc,<\
\xd5\xc1\xccI\xf5 \x84P.\x85}:\xf4\xbd\xa3\xfb\
\x81w\x14\xae\x0bX\x12\x15\xa3\xbb\x9a(\x8dXh5\
\xc9[\x97\xf9\xca\xa9O\xf2/\xff\xec\xbf\xe6;\x17\xbe\
\x8e\x95\xae,\x1c\x98\x0c\xc8qx\xb2P\xca\x96\xf80\
\xd0\xfb\x17\xc0\xba\xb2Q\x05:\xc8\x88-;0\x01\xaa\
z\x8dD\xa99\x5cP \x03u\x17\xb89\xb9\x91\x0f\
\xbf\xf1\x1f2\xd7}96\x15\xb8d\x85\xe0\x1c\x91\x8c\
It\x83\x22-\x88T\xc0\xf9\x14!\x03\xd6\x87\xa9\xe3\
'\x96\x01\x11\x0c!\xb8\x12^T`L\x0e\xdeP\xd3\
\xb2?f\x07\xc7p\xe8\xa5\x05\x0c\x8c\xff*\xb9\xda\xd6\
\x81(=B\xfa\x91{k<\x8fz\x9c\xdez\x14r\
\xb4\x12\xe4\x0eDTC\xe01\xdd\x0d\x12\x1d@X\xc4\
\xc6\x22\xdd\xa3\xeb|\xed\xd2\xa7\xb9\xb0\xf14\xad\xa2\x81\
\x0c5\x0a\xed\xe8\xe4\xed\xa1\x0e\xc3Q\xban\x95(J\
Y\xd6\xad\xbc\xf7$IB\xa7\xd3\xa1\xddn\xd3l6\
9y\xf2d_\xed\xce9w\xc5\x85\xfd_\x92\x00=\
h\x99T\x9d\xa0\x0a\xc6\x18\xa5\xd4\x8d\xce~\xdbZ\xb9\
C\x81)$\xceE\xa8\xba\xe3\x85s\x8f\xf2\xe0\xc3\xf7\
s\xe4\xe85\xacov\xf7<\xcb\xcf\x8aA\xef\x97\xe5\
\x11\x06:\x06\xbd/\x1bO\x06q\xbfi~\x19\xb5D\
\xe2\xbc\xc1;\x89\x901RG\xa8H\xe2\x85\xa1\xb0\x19\
\xb1\x96\x08\x17\xa3\xed<?\xfb\x81_\x84\x02\x94\x00\xa9\
\xa1l9\x99\x12\xde\x5c@\xc9\x08\xa5\xb7\xe2\x88w\x1e\
o\x05\x04\x8d\xb6\x05\xcax\xd2N\x84\xf1\x11\xf1\x92\xe7\
\xf1\x8b\x0f\xf0[\xbf\xf7O\xf9\xab\xef\xfc\x7f\x5c{\xed\
\xb5,,,\xa0\xb5\x1e\x92R\x1d\xd5\xea\xbd\xda\x1f\xa3\
\x99ru\x8d\xfc\x5c\x9b\xdf\xfb\xe4o\xf3\xa7w\x7f\x94\
\xb6\xdc$\xe8\x1ay7A\x05IM\xa4(\xe5\x81\x02\
c\xba\xbdVk\xd0\xb2D\x17C\x98.\xd7*z\xf7\
\x85s\x0ek\x1c\xb7\xde\xf4j~\xfa\x03?\xc7\xfa\xb9\
\x94:K$\x0dE;[\xc7\x06Cs~\x8e\xb40\
H\xa9)\x8a\x8c$\x96S\xc7\xcf`\xc0\xf2\x0c;\xe7\
x\xb1\xfb\x8cw?\x18\xf4^\xeeM\x19ID*P\
H\x1ez\xee\xdb\x5c\x0e\xe7\x11\xc1\x11\xb9\xa8_\xd7\xda\
\xa9\xc3p\x14\x8b\x1e\xa7\xdd1??\xcf\xdc\xdc\x5c\xdf\
\x22\xebJ3:\xaex\x80>{\xf6l0\xc6\xf4\xad\
\x7f*h\xa3\xb2\xa5\xa9Z\xba\x19\x18<\xe3Np\xdf\
\xce\x86\x82\xe0\x1adN\xa1\xe72\xbe\xfa\xc0'\xb8\xb4\
~\xaa\xd4\x8d\x90\xd1\x9e\x8b\x14\x07\x19\xbcG\xb1\xaf\xd1\
\x8c\xdc\x8b^\xb7S\xb0=\xfe\xa9\xe8\xb38\xa6i-\
\x082\x8a\x22\xc3\x05\x89GQX\x8f\x15\x16\xaf\x1cN\
\x16\xd8\xa2\x80<\xe1\x03w\xfe\x12'\x9b\xafbN7\
\x11\xc1bLA\x98\xe9\xf2G%\xfd*\x80w\x06|\
@+\x89T\x0a\x82B\xd9.Bjj\x8d\x98\xf5\xd0\
\xe6/\xbe\xf3\x09\xfe\xed\x9f\xfd\x0f\xac\xaa\xc79\xfe\xca\
\xb2\x00,\x84\xc0Z\xdb\xcfR\x06[\xd9GW\x18\xa3\
\x19\xda\x95\x0c\xbe\xb3\x04\xe7\xc1\x00-\xa5d\xc3\xb6\xb9\
\xf65\x8b<x\xea\xf3\xfc\xab?\xfag<v\xeeQ\
T\x03|\x11\xf0i\x815\x19R\x94m\xdb\xc1\xe78\
\x97\x95\xab\x16\x01a\x86\x09R\xc8r\xec\xeb(\x228\
P$\xbc\xe5\x96w\xf2\xf6\xd7\xbc\x0fs1\xc1\x91\x93\
\xd4\x15\x1b\x9d\xcb\xb8`Q:\xee\xad|\xc0\xdal\xc7\
q3t\x5cr\xebzX[\xd2Z\x1da\xa61\xbc\
\x17\x1e\xf4^\x8a\xec;\xbd\xe7\x22Cl\x1b`\x03\x8f\
\xaf>\xccS\xedG\xf0\xc2\xa3R\xb5\xa3>\xc78\xa8\
t0\xc68\xe7(\x8a\x824M\xa9\xd7\xeb\x1c9r\
\xa4\xbc\xd6\x1b\x1b\x14EqEy\xd1W<@\xe7y\
\x8eRjH\x88_k\x8d\x94\x12k-\xc6\x98mf\
\xaf\xe3n\x94\xead\x0a\x97SX\x81l\xd6x\xe2\xf4\
\x03<\xf2\xec\xd7h,Dl\xb43\x92fk\xffr\
\xa0{\x98\xf9g-\x12\x0ee\xca\xdea\x5cQJ?\
\x8a2\x88\xb9 v\x14b\xaf\x9e\x1b[\x12\xecuT\
\xc7yIn\x0dAx\x90\xe5\xc4\x97\xad\xe7\xbc\xe9U\
\xef\xe4\xed\xb7\xfe$\xdd5\x90$\x80C\xaa>\xf3z\
\xf2\xb1\xa8^!+X\x84w%\xc6\x00[\xbd\x0dq\
\x0b\x13\xba\x5c0g\xf9\xf8\x97\xfe\x1d\x7fz\xd7\xffC\
\xf3x\xc45\xd7/C\xc8\xfb\xd8]eO6x\xcc\
\xa1'\xebZm\xa3R@\xfe\x0a4\xa8\x8c\xc3f}\
\x7f\x8a\x08c\xdf\xf3\x84\xbe\x5cg]\x1eamm\x8d\
\xfaqK\xb7\xf1\x04\xbf\x7f\xd7\xff\xc8\x97\x1e\xfa\x046\
\xb1\xc8\xda\x02\xce\x0b \x81\x90\xa0d\xdc\xbb\xe1J\xdf\
\xc6\xd9F\x94\x22/R\x10\x9e8\x890\xa9'\xa6\xc9\
\xcf\xbe\xef?\xe3\xa6\xf9\xd7r\xe9\xd2\x0a\x0b\x8bs\xb8\
`H\xf3.:J\xc8rW\x16\xbd\xb0S\x05\xfd\xab\
@\x5cN\x04\x16\xebMO~\x94>\xbc\xb7S0\xde\
M\xb0\x9et/\xed\x87\xe6\x9a;\xc3\xbc\x9e\xc3\x17\x96\
\xb4\xb6\xc2C\x17\xbe\xc5F~\x19\xe1\x04\xa6\xc8\xc6\xd2\
\xecv\x0a\xce\x83\x9f\x19L\x16\x97\x97\x97\x99\x9f\x9f\xa7\
(\x8a\xfe{W\x0a\xea\xb8\xa2\x01\xfa\xdc\xb9s\xc19\
G\xbd^'I\x12*i\xd1A}\x8dA\xde\xf3N\
\xf4\xba\xc1\xe7\xcex\xbc4t\xd4\x1a\x9f\xfd\xc6'\x09\
I\x86R\xe5\x09\x1e-2\xedY\xf2p\x06=\xdb\xdd\
\x04\xe3\xa1\xcf\xc9\x9eP\xbf\xf0%\xe3\xc2\x19\x5c\x18h\
\xcc\x19\x08V\xe3\xfc>\x84(\x1b{\xb4\x8e\xf1A\x80\
\x82(R\xd8\xc2Sd\x81\x97\x1f}\x0d\x7f\xef\xce\x0f\
\xa3I\x98\xaf5\xcb\xc0j=Zif\x89\x7f\x15\x86\
*P\x08]\x91~\x1c&x\x0a\xa0#5O\xad?\
\xc5\xff\xf6\xff\xfeS\x1ex\xe6\x93\xbc\xe6\xcd/\xa3Y\
_&[\x95\xd8\xd5\x92q\xa1\x94$\x8a4Z\xab\x9e\
X\xbc\x1f\xe0\xe2\xee\xcc\xa0\xb8B\xe0\x05\xc3\xeap;\
\xa9\xc6\xf9m\xfca\x08\xd0m#M\x84\xe9*\x92V\
\x0d\xb9\xbc\xc6\x97\x1f\xf9}\xfe\xe4\xeb\x1f\xe5\x82\xd8D\
'u\x0a\x03Y\x0etr\x94\x00\x00 \x00IDA\
T\x0ax\x8dT\x9a\x80\xc5\xd8\xbc\x87\xe5O\x7f\xd4k\
M\xac1\x10\xa0\x96h:\x1b9\x8b\xfa\x1a~\xea\xdd\
\xff\x80Vt\x8c\xf5\x95\x94\xa5\x85E\xa4\xf2\xa4Y\x87\
n\x9a\xf6\xc6\x84\x1c;f\x06\xc7\x12A\xf6\xd8\x12\xe5\
\x0a\xcey\x83\xabp{)\xa6\x8e\xe5\xddd\xc2\xfb\x95\
#\x1d\xfb\xb9\x8a\x5c \x03\xa2\x118\xb5\xfe\x0cO\x9f\
{\x9c\x90\xd8\xa1b\xe78\x98t\x5c\xd2\xd7\x87{\xbc\
\xc7\x18\xd3\xcf\xa2\x97\x97\x97\x91R\xd2n\xb7\x87\xdc\x9c\
~\xa8\x02t\x96e(\xa5\xfa\xcc\x8dJ\xbd\xae\x9a\xb1\
F\x9bR&)\x9dU'\xd3YM\xbc\xe8\xf8\xd6\xd3\
w\xf1\xec\x85\xef\xa1\xe2\x16Z\xc7(Y\xf2!g\x9d\
\xa5w\x9a\xa1g\x0d\xce\xb3.\x05\xc76\xad(\xd9+\
~Z\xac\xefu?\xcd\xa8T\xa7T\xd43\xff\xf4\x18\
oH\xe2\x80\xc0St\x1c\xf5\xb0\xcc\xcf\xbe\xebWi\
\xb0D\x9e\xe6\xa5J\x8f\x00d\xd9\xce=\x8b\x1a]_\
\xb7]\x08@\xe3}\xc0\x89@\xd0\x06/s\xbeu\xe6\
A~\xe7\xe3\xff+y\xfd\x1c\xaf|\xc3q.\xaf\x9c\
\xa3\xe8xZ\xf1Q\xe6\xe2c#\xab\x84a]^\xad\
\xf5TK\xae+\x8d3\xef\x16\x8fn5\xda4\x94@\
\x14K\xd8\xce\x22\x88&\xd4\x0d\x8f\x9e\xbf\x9b\xdf\xfd\xfc\
\xff\xc4\x99\xce\xf7q\x91%\xaa\x83\xf7\xe0\x0c\x08\x04\xb1\
V\xccr\x8f\x87\x9e\xe1\xad/\xe9\x1e\x00,\xcc\xb50\
\xb9\xe3\x96\xebn\xe3\xfdo\xfbyVOw\xd1H\x22\
-0&\xa7\xd5j\xe1\x83 \xcf\xcd\xd4c\xab\x92\x00\
\xef}\x99=\xfb\xad\x8eV\x81\x1c\x9bXLSb\xdc\
k\x90\xdeK\x92\x14Q#\xf7\x19*\x91\xf8\xdc\xe1B\
\xc1#\xe7\x1e\xe0R8[\x9ao\xec\x80=OR/\
\xac\xfe~\x05u\x00,,,\xd0j\xb5H\xd3\x94v\
\xbb\xfd\xc3\x17\xa0\xcf\x9e=\x1b\xaa*iU0\x1al\
\xe9\x1e\xc4\x9e\xc7\xe1\xcf;\xb5jJ\xd9b5{\x9e\
\xaf=\xf4)DC\x91\x15\x09J&\x08\x0a\x94\xf4W\
\x05\x06=-\xa8\x97\x95\xefP\xb6\x178\x83s\xa6G\
\x91\x92S\x97\xa8\xde\x07\xac+\x1bK\x02\x06\x81\xc3\xa4\
\x19M\xb5\xc8[^\xfbnn=\xfe6\xd2\xcd\x9c\xa4\
.q\x12\x82\x06\xa4\xc4\xe4%Sd\xea>cKV\
E/\xd94N\xe0pl\x845\xfe\xfa\xc9\xaf\xf0\x7f\
~\xfc79rR\xd3l\xcd\xb1z\xb1M=\x8a\x89\
\x13\x87\x939+\xdd\xd5m.\xcb\xdbx\xba;dx\
U\x96w\xe8Ay\x0aUq\x9c3I\xf5;.x\
:\xce\x92\xda\x94\xb8\x16HT\x84\xedhp\xa5\xea\xdc\
Z\xf6\x04w\xdd\xfb\xefy\xee\xf2\xdf`\xcb\x9ew\x0a\
k\x06\xae\xfbl\xfbh\xad/\xdd}\x84\xa7\xd3)\x0b\
\xdf\xf5\xa4A\x08\x81;_\xfb\xd3\xdcv\xe3\x9bI\xd7\
3\xacI\x89bQR+\x03\x14\xc6M\x85\xc8<\xa1\
/,d\xad\xc1\x06\xdbg'\xcd2v_j\x0cZ\
\x87\x98L\xa58YP\xcbcj2\xe6t\xf6\x1c\x0f\
\x9e\xb9\x7f\x9bX\xd24q\xff\xd1\xf1YiF\xe7y\
N\xa3\xd1\xe0\xd8\xb12\xe1h\xb7\xdbW\x0c\x8b\xbeb\
\x01\xba\x92\xf4\xabD\x90\xaa\xec\xb9_\xa1\x1e\xb1O\xdf\
i\x1b\x9d\x05#\xd5\xe2\xa9g\xbf\xcd\x99\x95\xa7\xc8\x5c\
\x8e\x10M:\x9d\x0c\x84C\x0a\x7f`\x0c\x8e\x83\xaa:\
\xef\x94\xa5\x0ff\x99\x9e0\xb3\xf8\xbe\xf5%V\x18E\
\x11I$\x09\xc1\xe0s\xc3\xb1\xc5c\xbc\xe7\xcd?\x01\
\x19,\xcc-\x03\x05\x05]\x0c\xe0\x00\xadcf\x13\xdc\
w\x14&\xebw\xf4\xc8H\xe3\x08<\xfc\xe4\xb7\xf9\xd8\
\x9f\xfc{n\xbe- \xe5&\xc1\xd4Qv\x09)4\
\x99\xbb\xc8\xe5\xee\x8b4N\xd4\xfb\x93p\xb9\xe4\xd6\xfd\
zC\xa5\xb3\xb2\x1b\xb5\xb5+\x995\xef\xb4_\xa3V\
k\x05\xc7I\xe6\x9a\x04y\x91\xbcx\x91\xba\x86V\xbc\
\x8ct\x09\xc2\x07\x1ez\xfa.\xbe\xf9\xe0gx\xee\xe2\
\x13%\xaf\xba\x9e\xe0]\xc0\x187\x88 L\xb9A{\
Yt\xb04\xe7\x1a\x18\xeb\x08=\x18\xa2\xc9\x11~\xec\
]\x1f$\xd8@\xb0\x16\xad\x05\xab\x1b\xabx\xef\xa9\xd7\
\x1bS\xcfau\x1ces\x8a\xdd\xd6\xb9{%x\xd0\
{\xb9\x0f\xfb\x9a\xf0N!\xe3@\xe1s\x9ar\x8e8\
\xc4\xd8z\xc1\xc3\xdf\xff6\x85\xc9wT\xb2\x9bE\x03\
\xbc\x82]+\xc7\xef\xa3G\x8f\x92$\x09EQ\xf4\x15\
\xf0~h\x02\xb4\xf7\x9e8\x8e\xa9\xd5j}J]\x15\
\xa0\x8d1Cd\xf1\xc1\xc1\xa1\x09\xa5\x9c \x8a\xa04\
\xcefHoPJa\xbc\xe2\xb9\xfa}\xfc\xe5\xdf|\
\x15\xcd\x02\xcd\x18\x9c\xbeH\xd4\x10\xe0\xebD=1\x9b\
\xed\xca]\x83\x1b\x13\x0b!e\x10\xf3#<\xe9a-\
\x8dm\xdcf\xb5\xf5\xfe\xa8\x16\xef\xa8\xd6C\x9f\xf3\xdb\
\xe3\x1e\xdb\x00\x99\xc9)BN\xd0\x05xA\xf9k\xa1\
Gr\xf0\xe5\xef\x04K\xf0\x06-\x0a\xc0\x93;K\x1a\
2\xbc(\x88D\xc2\xdf\x7f\xfb\xafq\xcc\xdd\x8a\xa8U\
\xa5\xa6&u\x1a\xc4\x944\xbb\x92\x12\x5c\xdf\xc6\x0b\x1d\
}l\xd2%\x89\x1b`\xc1\x18K&R>\xf7\xf8\x17\
\xf8\xb7\x9f\xf9-nx\xeb*\xe4\xcd\x92r'sD\
\x94\xe3\xbcA\x8b\x06s\xf1\x22n\xd3\x0e9w\xf8\xb0\
U\xb4\x92\x0at$\x91\x22 E\x09\xcb\x0cn\xd5\xfb\
^\x14x\x0cA8<\xb6\x87\x8b\x86\xdej_\xce0\
\xbd\xe8\xf2s\x0eR\x0cx\x88\x0b\xc9J\xe2\x90!+\
W\x08c6)\x1cR\xb8m\xfbEp\xfd\xfdS\x12\
\x14\xeb\xe4Y\x861uP\xf3\x14\xc2\x92\xfaUl\xc8\
@D\xd4ox=\xdf\xb9x7\x7f\xf8\xb5\xdf\xe4\xb4\
{\x94\x1c\x89\x0d\xb5^\x01\xceP\xf2\xcc\xb3\xde8\xeb\
y\x03\x06\xb6n~\x01ZK@#E\x99\xdcD\x91\
B Q$4\x02\xbc\xee\x9a\xb7\xf0\xb6W\xfd4\xbe\
\xbb\x88\xc9-KK\x9aN\xfb2Z&c\xf5\xb6\xcb\
@\x5c\xbe/#\x87\xa3\xc0\x98\x82\xc2m\xdd\x0f!\x18\
\x02\xc5\x98\xb1?\xc2Y\xdea\xdc\xf7\xb7\x1e\xbf~8\
\x0b\x1f\xd4\xa9\x9e\x0c\xe5m\xefS\x18\x99\x18\xe2\x0c\x91\
)\xa4\x8dI\xa5\xa1\xf0\x01\xdd\x8d\x90\xcd\x8c\xcf^\xf8\
\x18\xb1<Ig\xe32\xcdx\x93`,E!\xc9\xc9\
\x09\xd2@\xa1\xb7\x05g\xe7\x5c\x9f\xa8P5\xcdU\x1a\
\xd2q\x1cs\xcd5\xd7 \x84\xe0\xf2\xe5\xcb\x84\x10\x0e\
=\x8b\xbe\x22\x01\xfa\xf4\xe9\xd3!\x84@\x1c\xc7\xfdF\
\x93A\x97\xddqU\xd6\xc1\xf7d\x0f\x08\x15>\x90\xe8\
\xa4\x0f\xd2\xebD\xf2\xe0c\xf7\xb1\x91\xae\xa1\x22\x85\xf3\
\xa2\x87\xeb\x95\x90A%\xf2\xbe\xd7\x19\xfe\xa0\xb8\x9c\xb3\
R\x92\x86\xd9\x0d\xae\x07\xf9x\xc6I\x90V\x8f\xc2\x04\
\xe2D\xe2I\x09\xd6\xa1\xc3\x1c7_\x7f;'\xaf\x7f\
\xf9Lrt\xe3\xba5\x073\x89\x06\x0b \x0cE^\
 \x12\xcd\xfdO\x7f\x8dO\x7f\xe9_\xf3\xda7\x1c%\
\xef\xcc\xef;c\xddm\x06\xfbR>\xf6\xb2?\x85\xb9\
\x80\x08-\x92\xda\x12\x1f\xfb\xd3\xff\x83M\xce\x225h\
\xa5\xcb\xe8\x1bt\x7frv\xd6\x13z\xab\xc8x\x17R\
\xaf>H\xde\xfe\xd6\xf7sl\xf1\x06\x94P\xac\xad^\
b\xe9\xc8\x22\xa6\xc7\x9c\x99\xc4;\x1f\xd5\xe28\x88\xac\
x7\x10\xe0~\xb3\xef*\x91\xabz)\xaa\x15Z\x9a\
\xa6\x5c\xba|\x81\x0b\x1bO\xd2Z\x5c M5\xc1\x97\
F\x15\x22@\x91o\xd9}\xed$\xc3Z\xc9OXk\
\xfbz\xd1\xadV\xab\xef\xb64\xc8N\xfa\x81\x0e\xd0E\
Q\x0c\xc1\x1b!\x84~\xf6<\x0e{\x1e\x0c\xce6\xf8\
>\x05(8P\x22\xc6\x16\xa5x\xcaF\xf72\xf7>\
\xf2U\xdav\x15\x95h\x5c\x10x\xdb\x1b\xf0\xc2\x97\x98\
\xec\x8cAq7l\x8dY\x03\xf0\xa4j\xf7\xce?\x1b\
p~pf\xa8\xe3j\x5c1\xa3\x08\x0a\x9d\x80s\x9b\
\xd4dLT,\xf2\xde\xb7}\x98&\xf33a\x9c\xa3\
\xf6Z\xa3\x83_U8m\xc3\xf1\xd8\xd9\xef\xf0\xfb\x9f\
\xfeW,^\x9b\x93\xe6+(\xea\x13\x19\x02a\x02\xc6\
\xdc\x7f=\x05\x03\xbe\x12\x18\xf4\xc4m\xaf\xc7\xd5\xdb\xb4\
h\xd3l,sq5c\x93S\xfc\xe1g\x7f\x8b\x0e\
\xab\xe5\xdci\xcb\xee\x1f\xa5c@\x22U\xccV\x8dN\
\xe2\xed\x0cDH\x97\x93\x88:\xd75n\xe5G\xdf\xf0\
~\xb2\xb5\x94H{\x84tdv|Mg\x18z\x1c\
\xa4\xb5\xba\x99\x0a}\x07\x01[\x1cd\x11\xb1\xea^\xac\
2n\xa5$\xce9666x\xea\xc2\xdd\x88\x9a\xa2\
\x9b\xd5\xb1\x01\x02i\x1f\xd7\xb7!\x9fj+\xa7\x94\x1a\
\xf2.\x5cXX`nn\x0e\xef=\x9dN\xe7\xd0\x1b\
W\x0e=@\x9f9s\xa6\x9f=W\x05\xc1\xca\xa9\xbb\
\x02\xe1\x07\x85L\xb6-9|\x0f\xbf\x0e\x0ek\x0c\xa6\
p\xe88\xc2\xc9\x9cG\xbf\xf7-\xce\xaf\xbf\x88\x8fs\
DR\x1e\x8eR1\x84J\x80\xc5\xed\x097\xdb\xcd\xe7\
f)\xa6L\xa4\xd9\xf5\xb2\xa7\xc1\xcf\x86\xb0U,\xf4\
8\x82\xf0\xdb\xb57z\xcc\x0a]k\xd2N\xdb\xd4#\
\x89O\x03\xaf\xba\xe1\xad\xdc\xb2\xfc&\x14\x09\x08\xb3\xe7\
\x9b\xa8\xbf\xbf!\x90\xe6\x11m\xd9\xe1w\xfe\xe0\xbfe\
\xfe\xfa\x94F\xe3\x04\xb8\x05\x8c\xbf\xbc\x9du1`J\
:\xfa|\xecg\xae0\xe6\xbc\xeb\x00>m\xff\xa7\x1c\
\xa3V\x02c;\xe8\x86\xa4\xbe\x9c\xf0\xe4\x99\xfb\xf8\xd4\
\xdd\xff\x8eL\xb4K\xe4\xc5\xf5\xac\xcdBI\xd2\x08B\
\xe2]\x0f\x06\xd2b\xa6=,i\xef\x9a7\xbd\xfa\xdd\
\x5c\xb3t\x92Z\xd4 \xcf3<n\x9bo\xe7\xb6\xf8\
\xdes\xb5/[\xcf\x07\xc7\x80\xda&s0K\xb1\xf0\
\xca7\xb2l\xefBVJ\x10E\x1a\xa5$O_\xbc\
\x87S\x97O\xe3D\xad\xa7\xd2\xd83`\x08\x9a\x80\xd9\
\xb6z\xef\xaf`G&4cL\xbf\x03zii\x89\
(\x8a\xfa\x8d+\x87\xc9\x89>\xf4\x00\x9d\xe7y_R\
\xb4:\xf0Js\xa3rK\x99f\xdddm\x89\x85y\
o\xc9\xf3\x82\xa4Uc\xad\xb8\xcc\xbd\x8f\x7f\x05Y\x0b\
\xa8X\xf5)u\xe5$\xd0[\xfa\xc8\xb0\xaf\x0a\xf1n\
\xb3\xe5Y>?\xd9\xb6~\x0bk\xab\x82\xb4\xf7\xae/\
=:\xcc\xc7\xed\x01\x94\xaa\xd7\xfc\xe35\xf3\xea\x08\xef\
}\xcb\x87\xd0$\xa5\x91\x81\xcb\xf6\x14\x9c\x87\x11xE\
\x91t\xf9\x97\xff\xd7o\xd2\xba.\x904[\xe0\xe6q\
V\xa2\x13;\x11\x8e\x98\xc5\x92k\x9c\x06\xf3h\x8d\xe0\
pa\x0b7q\x9b\x06uL\x93+M\xdb\x01\xa93\
t\xad`\xad\xdd\xe5\xe8\xf5\xc7\xf8\xd6S\x9f\xe3\xeb\x8f\
~\x8a\x5c\x02\xd2\xe1\x82\xc5\xf4\xf0_%%A\xc8\x1d\
!\xad\xed4\x06\x05\x0e\xe2\x00\xf3\xe2\x08?\xf1\x8e\x9f\
\xa3X\x97\x80BD\xbet\xeb\x16\xf4\xc7\xcf\xe0\xeb\x10\
J\xees\xbf6\xd0\xd7\xc2\x103SJ\xf7\xdaA\xbb\
\x9b18)HW\xb0\x8d\x10\xa2\xc7j\xf2\xbd\xac\xba\
\xc4\xea/\x99S<\xfe\xe2w\x10\xf5\x9e\xe3\x8c\x0d\x04\
\x1bPBb\xad\xd9\xb1\x9b\xb0zn\xad\xedO\x00i\
Zf\xdfU\xfb\xf7h\x13\xd6\x0f\x5c\x80>\x7f\xfe|\
p\xce\x91$I?c\xae*\xfa\x15\xf4\xb1M\xdfy\
\xe0\xc2{\xefA\xf4\xda\xb5{-\xd0\x06\x87\x91\x96'\
\xce>\xc2\xb3+\x8fQ\x8f\x9a\xc8\x006/\x90\xc1\xa3\
\xe8\x89\x0dI\x092\xdeup\xde\xafM\xcfn\xb2\x8b\
\x89\x83\xbc\x97\x81\xd9^w\xe1N\xb2\x91i\xb6\xceb\
s\x81\xcd\x0b\x86;\xdf\xf8\xe3\x5c?w\x13\xbe\xa0/\
c\xb9\xd7\xe0\x5c\x15L\xba\x02>\xfe\xc5\xff\x9d\xf3\xc5\
\xb7\xa9\xcd\xcf\xa3\xfcQ\xba\xed5\xa4\xce!j\x0e\x85\
R\x17\xc2D\xdd\x07\x17\xc2\xb6\xcf\xec\xe4\xa6Rm\x87\
^\xbc\x16S\xb6)\xfb?\xee\x18\x07_K\xd9@k\
\xe8v\xd6P\x22\xa60\x9e\xb9\xe3\x11_z\xe0\x13\xdc\
\xff\xc2\xdd%\xdbH\x95\x0c\x0d\xe3|\xaf\xb1\xa7\xb7\x9a\
\x9c\x89k\xdbkI\x0c\x10\xa3y\xc3\xcd\xef\xe4H\xfd\
\x15\xd8T\xa1\x95\x9dX\xb4/3N;\x04mL.\
\x98\xef~|\x1f\xd4=\xb6\xd3\xbeT\xf0L%\x17!\
d\xd8j\xb8\xf1\x86<V<\xb7\xf2\x04\x1b\xc5\xf3\x08\
i\x08^\xe3l\xe8STG)\xbc\x83\xb1\xa8\xdf\xad\
\xdc\xc3\xb8\xf3<\x1fj\x5c\xd1Z\x93\xa6\xe9\xa1\x0a\xfa\
\x1fj\x80\xaef\x9f(\x8a\xfa\x17~4{\x1e-b\
\x0cR\xed\xbc\xf7x\xeb{8P\x99E#\x03\x177\
.p\xff\xe3\xf7P46\x09N\x11\x9cD\x10\xd0*\
\xf4\xd8\x0d\x0e\xa9\x22\x9c\x17W=\x06=\x1a\x14\x81\xa1\
\xcc\xdfX\x8bu\xae\x07ul\x97\x1cU\xb2@\xf8\x88\
\xe5\xe6I\xee\xbc\xe3\xc7\xf1\x0e\xe2^s\x89\xd0{7\
e\xad\xaa\xd9_y\xf4\x13\xdc\xfd\xd0gy\xf9k_\
\xc6fw\x13\x93m\xd0\xa8\x07\xbc/+\xe6S\x1bM\
\xc6lC\x9f\xb9J\x0b\x82\x83\x13\xe5\x9e\x8e\xab\xb75\
Z5:mK#\x9eCz\x83\xc9\x0b,u\xf2$\
\xe3\x8b\x0f\xff.\xa7/>O\xc0\xa0#\xd9\x17S\xaa\
\x82\xf3,\xcd\x10\xc6y\xd0\x1eo\x0b\xf0\xd0\xe4Z\xee\
\xbc\xe3\xef\xa3]\x83\xe0\xf3\xb1\xe7\xb6\xe2\xfc\x0ef~\
\xe3\x94\x19\x0f\xb2\x98wX\x18t%\x884\xaa\xf1R\
\x9d;\xa7\xe6\xd8\xb4gy\xf6\xec}\x98\x90\xa1d\x0b\
\xefJ\x93\x0fD4\x11\x7f\xae\xde\xaf\x04\xdd\xbc\xf7t\
\xbb%\x0f}yy\x99\xb9\xb99\xd24%\xcb2\xce\
\x9e=\x1b~\xa0\x02\xf4\xf9\xf3\xe7\xc3h+w\x15\xac\
+\x91\xec\xc1\x93\xbdS\xa7\x8f\xb5\x16%J9\xc0\x80\
CH\xc9\xb9\xb5\xf3<\xfe\xec#\xd4\x96%\xbe\x90H\
\xaf\x89\x95&\xd6\xa2/\x9d(\xa5\xc6\xb8\xfd7\xa5\xec\
\xa5b\xbd\x9b\xcfm\xbb\x19\xc4\xe0*\x82R\xa9\xae\x9f\
Aoo\x8d\x9ek%\x5c:\x7f\x897\xbd\xee\xed4\
X&\x911\xc6\xf4\x00\xcd]\xfa1\x0c\xb6\xb9V7\
\xf0\x9f\xde\xf5?\xf3\xb2W\xdf\xc2\xd9s9\x8b\xcb\x11\
:^!\x14\x96$\x9e\xa7k7\xa6B\x00\x7f[\x1e\
;\x1ds;_%\xd6\x0b\x84\x22\xa6V\x03\x1f\x0c\xdd\
T\xd2:\xba\xc0\x8b\x9b\x0f\xf0\xad\x07\xbeI\xd7l\x96\
k\x89^&k\xad\xef9}\xcf\xc0\xe4\x901`\x90\
5\x87\xcd\x0a\x94\x877\xdf\xfe\x1e\x96\x17\x8e\xe1L:\
\xb1\x9f\xa0,\xce\x87\xa1\xb1\xb7\xdb\xd5\xe1A\xdfO\xbb\
\xfd\xee*\xe1\xab\xd8`\x154$eIO4>\xc1\
\xca.\xcf\x9d~\x08cR\xa4H\x08^\xe0\xbcA\xc9\
d,\xfe<xM+\xa6Y\x7fB\xec\x15\x05k\xb5\
\x1a\xadV\x8b<\xcf1\xc6\x1c\x1a\xcc!\x0f\xf3d\xa6\
iJ\xadV\xebk>\x0f\xaa\xd4U\xb4\x95\xc1\xacy\
\xb0\xc5\xb2/\xc8o\x15\x1d'\x08qJ-\x04\xd2B\
\xf0\xb9G>\x87_^\xa1\xd5^\x84(\xc5K\x8b\xf5\
\x8a\xdcH\xbc\x90e6\xe2\x0b\x22\xb1\x85qn\xe1\xbb\
\xa3\x17z\x12\xfe\xb9\xdd\x85\xa1\xd2\xc6\xed\xf3<'\xe8\
A\xcfR8\xa9\xbeS\xca\xb2\x1a-\x85F\x0a]j\
_\xa0\xd15AfRRSV\x8c\x95\xd2h\x1dQ\
\xe4\x16-#\xd6\xdb\x179\xb1\xf02\xee\xbc\xed\xe7H\
\xcc\x22\x82\x80L:\x04aq\xb3\xa8!y\xc0\xa5\x88\
\xe0\xe9\x0a(0\xc8\xaeD$\x09\xff\xfd\xa7\x7f\x99\x13\
'\xaf\xc7\xe4\x17YL<f#\xe0|\x13\xab\x05\x85\
i3\x17\x92\x19\xa0\x12?V\xc7\xa2\xffZn\xd5I\
\x83\x08C\xaf\x91`d\x81\x93\xa5}\x93\xa4\xb2\xc0\x11\
C\x93\xd9\xb4\x01\x1e0=$\xa0ZZT\x99\xff\x16\
\xb6?\x93\xee\xc6\xd8m|\xf0\xe8\xb3\x00\x82&\x88.\
NvIs\x8f\xd2\x09Il\xc9\xd6\xd79\x12\xdd\xc4\
\x176\xfe\x0d\x7f\xfd\xcc\x03@B\x14\xba\xe5XP\xb2\
\xe4\xe9\xfa\xe9\xb7g\x14\x00\x12,\x1a\x1fE\x04\x01-\
\x1a\xbc\xeb\xf5?\x86_\x9d#\xd42\xa4\xf2\x84n\xc1\
B\xdc `\xc8\xe8\xd0q\x1b\x10;\xbc\x10\x04)@\
\xc9\x01w\x93\x92k/\x09\xbdqYf\xd8R2D\
i\xab:`Gu\x9e\xcb+T\xf2\x9f\xfb\xfd\x00\x95\
\xae\xf4\xb6\xfb`\xf4\xfe\x1c\xd6d\xdf>\x09\x0e\xdf\x9f\
U\x03\x9cRj\xa8\xc0\x09\x12\xe7\x02KV\xe0E\x9d\
\xa7\xcc\xd3<\xb8\xf6M\x5cp\xc4\xd6\x11\xeb\x0em\xcf\
\x8e&\xb2\x83\xc9J\x95(V\xfbPq\xd4\xaf\xbf\xfe\
z\x92$ass\x93<\xcf9w\xee\x5c\xf8\x81\x09\
\xd0e0Q}\xad\x8d*{\x1e\x0c\xd4\xa3\xaau\xe3\
\xda\xb9\xc1\x13\x5c\x8e\xb7\x09\xa9q\x9cYy\x9a\x8b\x97\
\x9fG\x93\x90\x0d8\x1c\x1c\xb4\xce\xec\x95\xf8\x1b\xb3|\
6\xf8\xad\xc1\xe7\x83\xa5(R\x8c)\xd0Q\xa9\xdd!\
L\xc2\xad\xb7\xbc\x8e\xc5\xf9\xe5\xbe\xf8\x91\x14\x12\xe7\xdd\
\xcc\xad\xc4\xde\x96\xd0\x91\xcf\x0b\x22\x22L\x0d>{\xcf\
\xc7_\x127\xe3\xfd:\x94\xfc\xa0=\x94X\xe4\xfeG\
?\xc3J\xfa<\x85\x8bz\xc5\xf0\x803I\x9f\xc7?\
\xf9\x84U\x14?G\x14\x09\xca9Op\xd3\xb5\xaf\xe4\
\x9a\xc5\x97\x91\xa5\x05R+D\xac\xe8\x9a\xd2\xa1Z\x09\
\x89R\xba,$\x1f\xe0X=\xc8,\xfa\xa0x\xd8>\
\xe4h\x1d!\xd0\x5c\xb8|\x8a\xae]! \xc9\x0b\x09\
\xc1\xec\xa8\xfd3ieT5\xb2DQD\xab\xd5\xea\
C\xb6\x87\xa1\xcfq(\x01\xfa\xec\xd9\xb3\xa1\xf2\xf9\xaa\
,c*\xbf\xc1\xaa\xc5\xb7\xc2\xa8\xa7in\x04\xe9\x91\
\xc2\x82o\x92\xa3y\xe4\xb9\xbb\xe9\xe6g\xd0\xa2\xc1\xb8\
^\xd9\xfd\x18\xbb\xee\xb5\x08\xb8\x9f\x82\xca4\x0c\xdb\xfb\
P\xdeL\xbdl\xbb0\x19>\x14$5\x85u9\xb5\
p\x947\xde\xf6#$4\x08U\x93\x0e\xa5\xb6\xf6L\
z\x96\x1eD\xd2\xc4\xe0\x98\x93\x09\xc2\xc1\x8b\xdd\xa7\xf8\
\xdc\xdf\xfc>2\xd2W4 \xcf\xda\xc4r\xa0\xdf\xff\
\x12[ni\xb5\xc0\x8b\xab\x7f\xcd7\x1e\xfd\x14\xa2\xd6\
\xc0\xb8\x92&V2\x10\xa7O\x90eL(\xf1o\x81\
\xc5Y\x8f\xf4\x82\x1b\xe7o\xe557\xbe\x83<\xf3x\
@\xd4\x04]\xb3\xd9s\xed\x91h\xa9f\x1e\x9f\xbb\xf9\
\xf9~\xef\x8f\xbd\xd4\x88&\xbd\xe7\xe9\xa0T\x84\x145\
\xce\x5c~\x8es\xed\xefQ\xc8\x801\x09\x22\x14Se\
\x8dG\x03w\x15\xbf\xac\xb5DQ\xc4\xf2\xf22\x00\x9d\
N\xe7P,\xb1\x0e%@W\x07P\xab\xd5\xfa\xaau\
J\xa9~WN\xb5,\x99\xa4\xbdQ\x05\xe9\xdc\x16\xa5\
Y$1+\xf9:\xdfy\xee\xafH\x1a\x052\xd4\xd0\
\xb1\xda\xb7\x1a\xdd\xac\x03e7\xbfs\x90\x01\xdc\xbb\xc1\
c\x81\xf2\xceu\x08\x110&\xe7\x86\xc5Ws\xd3\xb1\
W#\xd0\xa5AJ\x8f\xbd\xa1\x94\x9aM\xef\xde\x97a\
\xa0p[\x95\xe8\xcf\xdf\xff\xe7\x14\xf3\xe7I\x92\x08/\
\xc2\xc4mV\x08`\xb7\x01\xfb\x07\x08}\x9e\xb8M;\
\x7fB(jKp\xef\x93\xff\x89g/=F\xe65\
\x04\x88\x12\xc0\xcf \xe8/\x06\xc7\x8dCK\x8f\x0c\x92\
\x88\x06oz\xc5\xbb\xa8\x8by\x8cqXa\xc9)\xca\
\xef\xf4\x81\xe0\x05BO\x1f\xdf\x07\xc9c\xdem\x91p\
\x96\x04k\xda\xfd/\xa5\xef\x1d\xaf\xa4S\xac\xf3\xcc\xf9\
\x87He\x81\x10u\x84+\xa6jr\x8c\xc3\xa6\x8b\xa2\
\xe8#\x04KKK}6G\x96e\x07\xce\x89>\x94\
\x00]e\xcc\xb5Zm\x08l\x1f\x5c\x1eL6P\x1d\
hT\x09\x05EZ\xa0c\xc1\xa3\xa7\x1e\xe4L\xe79\
\xb4V(\xaf1\xde\x1dH\xc1n7R\xa4\xbb\xcd\x80\
\x0f$\x80\x07Y\xde\x88=\x0d\x8b\x0a\x07s\xce\xf1\x86\
[\xeed\x9eed\x00\xa9\xc08\x07\x88\x9eC\xf4,\
'\xa3$\xb3\xc5\xaa\x06\xd2\xf0\xdc\xb9g\xf9\xeaC\x9f\
c\xe9\xba:>L\xcf\xe0\xa6v\xe2\x09?q\x9bn\
\xeau\xd8\x8f\xc9\xdf?m\xff\xf7\x9b\x81{\xdfF'\
\x8bl\x8as|\xe1[\x7f\x80S\x82\xc2\x04\x90\x1dp\
\xd3\x8b\x84B\x81\x0f\x1eED@ \x94\x04\x01\xdeH\
n\xb9\xe1u\x9c\x5c\xbe\x05\x97\x0a2\x97\x13\xb4GG\
\x12oC\x99z\xef\x80\x81\xed&\xab>\xa8\xfb\xe3\xa0\
\xfb\x14\xfa\x10\x92\xaea]\xc9fQ5\xcd\xf7\xce?\
\xc2\xba\xb9\x80\x8cb\x84\xdf\xd9\x0a\xab\x8aE\x15;d\
\x94\xd5Q\xc1\x7f\x8dF\x83f\xb3yh\xc6\xb2\x07\x1e\
\xa0\xcf\x9d;\x17J\x17\xdehHVTJ9\xd49\
\xb8S@\xde6\x8bE\x02\xac\xc2\xf8U\xbe\xf3\xfd\xbb\
\x11\xad\x18g5Z\x82\x19\x10|\xdf\xeb\x05\xdeo\x86\
}\xd8\x01\x5c\xa9\xa8o\x0b\xe6\xbdG\x8aR\x93\xb9\xd3\
\xcei5\x97x\xfd-oF\x93\xe0LI\xd1*\xcb\
(=\xf53;\x03\x86\xac}\xc9\xf5\x08\x1a\xabr\xfe\
\xe3\xbd\xbfGm!\x90o:\x10W\xde\xc5xZ\xd6\
v\xe0\xe1y\x0a\x0f\xfa\xd0\xf3o\x9b\xe2}\x039W\
\xe3{\x17\xef\xe7\xbb\xa7\xbe\x85\x8a\x1d\xc6\xa63\x93p\
\xbc/\xed\xb3l97\x03eSE$\xe1\x0d/{\
\x1b\x91k\xe0l@\xea^=\xa3G?\xf5\xf8=\xc1\
z\xfb\x95\x22\xdd\xafB\xden\xb2l\xc9\x1c\xcew\x10\
:\xa0\x92\x06\x97\xd2\xf3\xbc\xb8\xfa\x14.\xe4\xc8 \xa7\
\xc6\x9f\xc1\xe4rTC\xa8\xca\xa2\x17\x17\x17\xfbY\xf4\
A\xcb\x90\x1ex\x80\xae\x1c\xb9\x93$AJ\xd9\x07\xd3\
+\xe7\xdc\x0aw\xdeI i\x9b\xe63\x8eZ4\xcf\
\xf7_x\x90\xd3\x1b\x0f\xa2\x1a\xf3xW/\x95\xdc\x22\
\xf9C\x8fA\x0b\xd1\xa3\x04\xf5\xa0\x22!\x04\x82\x08\xef\
\x147\xdd\xf8J\xae\x99;\x89\x08\x01\xd9\xbb\xd9\x94\x16\
e&\x85\xec\x8bLMzX\xe1Q\x01\x84\x95<\xba\
\xf2$\xf7\xbe\xf8\x05\xae\xbb\xfe\x08a#F\xe9\xc3\xcf\
\x80\xaf\x04\xf7\xf6j\xce\xc0\x13\x22\x9cs8\x9f\xa0\x9a\
\x9e{\x1f\xf9c\x1c\xeb8?7c\x0d\xcf\xf6\xceS\
\xa9\xe5Q\xea\xd0Xj\x0d\x85\x07\xdet\xcb\xdbhE\
\x0b[\x8c\x10\x0b2\x94J\x92E\xc8\x7f\xf81h\xdb\
@\xca\x1c\x1d9\x8c\x93\x84\xd8\xf1\xfds\x8f\xd0\xce/\
\xa3\x5c<\x15\xda\x18\xcc\xa0+d\xa0\xba\x17\xab\x06\x95\
\xe5\xe5e\x1a\x8dF_\x86\xf4 \x8b\xeb\x07\x1e\xa0\xab\
\x9d\xab\xc4\x90\xaalz\xb4(8I\x97u\xf0gY\
\x96R\xd3\x0d\x9ex\xea[\xa4\xe1\x02\xc6\x0b\xa4hR\
\xe4\x1dT\xef;\x0eB\x84\x7f/\xcb\xa7+\xf17\x07\
\x07F\xf0\x02!$JEDQ\xc2\xc9\x1b^\x86\xa0\
,(U\x14B)d\x7f`\xcdB\xe3pxHS\
\xb4\x82\xcf}\xed/\x10\xcbm\xf2\xac\xcb\x91\xc6\x0d%\
\x99\xff%\xca\xa0\x7f0\x82\xf3\xfe\x1f\xb5\xa8N\x96o\
\xe2h\xe2\x84\xe4\xf9\x8b\xf7\xf0\xd4\x0b\x0f\x11E\x09\xa9\
\x9d\xa1U?xd/m\x0e\x80\xf3%mSkA\
f;\x9c\x5c|\x19\xcdh\x0e)\xf5\x96\xd1\xb2\xd0\xfd\
\xd5\xed\xd50\xde\x0fZmr\xf0g\xce\xc4(\xedP\
:\x90\xe6\x9e\xb8Y\xe7\xdc\xeast\xb2U@L,\
N\x8ff\xd0\x83\xcay\x15\x1a\x10B\xa0\xd1h\xf4\xc9\
\x10\x951\xc5U\x19\xa0\xcf\x9e=\x1b\xb4\xd6}\xc7\xee\
\xa2(\x86\x0ca\x07\x05\xae\x8d1e\x10\x0f\x1aS\x04\
\x94L\xd0:&\xcfM?\x037\xc6\xb0\xcc\xb5<\x96\
\xdd\xcf=\xed\x07\xd0\x8d\x134RITX\xe2\xb8\x85\
\xeb\x05\x90Iz\xcfaF\xeb\xa8\x1d\xb52\x06x\x9c\
\x0c8Ml\x05\x920Y/\xb7\xb7U\x5c\xd2m\x9b\
\x1c\xbfIUv\x14F\xdaRS\x0b\xe4EJ\xb2P\
c\xd3\x1a\x84\xba\xc4\x11\x09?v\xed?A\xa1Q:\
FDq\xbf\xebWS\x0e\xa2I,\x8ej\xf0%\x0e\
\xb2\xa4\xce\x93\xf6\x09\x1ey\xe1\x13\xdc\xb8x\x1b\x9dM\
H\xa3S%W8\x84m[)\xe5P>\x9f\xea\x88\
-\xc3\xd0\xe6\x85\xc7\x0b\xdf\x7f=\xe9\x9a\x00x\x15p\
\xd2\xf7\xba'\x199\xa6\xd9\x86\xaf@A\xe8MF@\
\x10\xa2\xb7/\xa0z\x8cs\x85(q\xfc0\xfc\xde~\
!\x10Q\xed\xf2\xc8y\xab\xb6v\xd1\xa5\x19\x09Z\xbe\
N\xd6Uds\x19_z\xea\x0f0\x22\xa7Am@\
K<\x8c4cT\xa7 .e6)\x11\x11\xa5\x14\
\x88\x18\x88h\xea& y\xe7\xed\xbfL\xb6\xd6%\x8a\
\x22\x8cN1\xd1&._\xa21\xc0k\xde\x1a\xef#\
cq[\xeb\xf7\xe8\xf8\x1e\xe4\xfd\x0f\x8ek_n\xa3\
\xbf_\xddG}\xbdt\xa6\xd6\xa2&\xdf\xbf\xe3Wl\
\xd5\xef\x15\xadg\x08\xf9\x02s\xe6\x08\x91\xed\x92Y\x83\
iH\xee{\xeaK\xa8\xb9\x0ckz\xbd\x08\xaa \xf7\
)E0\xf8\xa0(\x8cC\xa9\x12\x12\xaaH\x0dZ\xeb\
>\xc9\xa1B\x07*\xa7\xfa\x93'O\xf6\xc5\xfd\x0f\x92\
nw\xa0\x01\xba\x12>\x8a\xa2\xa8\xbf\x93}\x0e\xef\x88\
0\xfc\x96\xd6F\xb99o\xb62\xc5 \xfa\x07ne\
\xc6\x99s/\x92\xa5)\x22\x94'\xcd\xe2p=\xe1\xf1\
\xc3\x98\x81\x0fr\x96\xdf\xef>\x95\xa2O[\x0d3J\
H\xac\x11\x5cw\xfc&\x92(>\x80\x11\x10!\x14\xdc\
s\xdf\xddD\x91&\x90\x13E\x0a\xa54\xce\x8e\xf1O\
<`\x09\xca\xd1\x80\x17\xa4\xb8\xa2\x18\xf0\xa4\xef>\x8c\
\xef\xdf&\x95\x19\x07\x82\xd7\xf8`\x88k\xe5\xf3\x95\xf5\
5\xbe\x7f\xe1\xb1\x12\xad\x188\xefU-gw\x0f\xc5\
u\xd7\xdd@+YF\xcbd\xa0\xe1\xcam\xd3\xfax\
\xa9\xc6\xf8~\xe0\xc6i\xdf\xa1e\xd4\xef\x9a,\x03\xae\
\xa4p9\x9b\xf9:\x97\xba\x17\xd0J\x11\x82 8\x81\
B\x22\x83,\xab8\x0a\x8c\xb3cY\x1c\x83\xaf\xabl\
\xb9\xe2D[k1\xc6\x1cX\xd3\xca\x81\x06\xe8\xaa\x82\
\x99$I\xbf\xb05h\x0a;N\x13\xc0\xfb\xd2\x03\xad\
\x92=\xacf\xa6<7\x08\xa1h\x87\x15\x9e~\xfe\x09\
\x8a\xa2l[U\xbat{@\x94\xe2\xe6WBkc\
/\x03\xe3\xa00\xba\x10\x1cRm\x15\x09\x95R\xb8\x22\
\xe2\xd6\x97\xbf\x99ZT;\x80\xbbE\xd3\xf59\xf7\xfd\
\xcdWh.$\xf8\x90\x97\x9dg^\xe1\x83\x02!\xfa\
\xd2\xa6c\x9f\x1f\x02\xc6\x7f5>\xf6Zd\xee\x93\x0d\
{\xe7ktS\xda\xe3|\x0d\xe7s\xe2\xc4!\xa8\xb1\
\xbe\xb9\xce#\xcf|\x1d+\xc7\xaf\x00\xcbdg\xd6*\
d\xc4\x0d'\xae\xe3\xc4\xe2\x8d\x84\x02\x84(\xbbm\x85\
,\xd8\xe92\x1ct\x8de\xbf\xf7\xcfn\x0d\x9f\x07\x7f\
\x1e\xc9Z\x99\xf0\xb9\x02\xa9{Y\xb0\xcf\xb9\x9c^\xe2\
\x99K\xdf%V\x12\xe9\x04\xde\x0841\x22H\x08\xae\
\x1f\x87\xc6A\x1e\xe3 \xdd$IX^^\xee[a\
\x1d\x14\x0e}\xa0\x01\xda\x18\xd3\x17\xe6\x1f\x0c\xd0U\xc5\
s\xf4\x00+\xb3J!BO^\xb3\x5c\xceUXY\
\x14E\x9cm?\xcb\x8b\xe7\x9fAiQ\xae\x8e\x14\xa0\
C9\x1b2\x1bmg\xd6\x9bj\xda`\xd9\x8bZ\xd7\
\xb4\x22\xe0\xb4\xfds8d\x05\x05x\x8f\xc4\xa3\xdd<\
\xaf8y\x07\xd1A\x5c3\xe0\xf1\xef\xdf\xcffq\x8e\
\xb9\x85\x16\xde\x178gqV E\xb4-{\x1e}\
>\x0a[\x8c>\x9f4a\x0eBR\xc3-\xc3/\x1d\
\xcdn\xe7\xfd\x18\xff\xb3\x9d\x8e\xbbz>\xed\xfaz\x91\
#\x88\xcb\x8e7e@\xd60X\x9e=\xf7 k\xfe\
\x5c?K\xdb3\xae\xe9\x045Q\xe3\xd6\xeb_O\xb6\
fP\x08\x84\xd4\x98\xd0E\x0by \x01x74\xba\
\x83\xd6\x8b\x9e\xfa9W\xc2/~\xc8\xaa.\xd0\xf5\xeb\
|\xef\xe2\xe3xY\x94P\x8e\xd7\xc8\x10\x81\xaf\xd40\
\xc1\x06?\x15~\xa9\xeajZk\x16\x17\x17\xf1\xde\x93\
\xa6\xe9\x81\xe1\xd0\x07\x16\xa0+5\xa7\x0as\x1e\x847\
*1\x91QY\xbfQ'\xdd\xad\xd7e\x9b\xb2R\x82\
\xef^x\x94\xb5\xec\x22\x8d\xa4\x86\xf4%\xbd%\xc8\x80\
\x8c\xe4\xa1\xf2(w3\x80\x0e\x93'*\x84\xc2KO\
\xf0\x02\xef x\xc3b\xf3\x1aN,\xdf\x8a8\xa0\x00\
}\xef\xc3_d\xe1\xb8\xc6!\xf0\xa1\x94\xbf\x14\xe8!\
\xad\x8b\xfd\xc8\xadN\xfc\x9d\x11\xb7\xecQ\x17\xedC\x7f\
\xec\xe1\xfb\x0f\x92\xc6\xe9B\xe8\xf9C\xf6\x0a\xbbA \
\x13\xc1\xa5\xf6i\x9e\xb9\xf8\xd0X\xc7\x9b\x12\xef\x9d5\
\x83VH\x02\xaf}\xd9[\xf1i\x00$B\xd5\xb0.\
EK}\xe84\xd1+\xa1\x17=\xe9;\xad\xf1H]\
6q9\xe1\x10.\x10G\x11A;N\xad?\xc7f\
v\x99\xa0Jj\xaaw\x80\xf3\x84\xde\xaa\x9e\x1dhx\
\x83\x81\xba\x92m\x05h\xb5ZDQtuf\xd0E\
Q\xa0\x94\xea\xc3\x1b\x83\x02&\x83\xa2\xd6\xa3\xad\xdc \
{\x02\xfb\x15\x95\xc5\xf4\xb3\x94n\xb7\xcdS\xa7\x1f\xc1\
\xca\xac\x84Jl\x19\xa4*\xcb{\x19\xf4\xae\x83\xf3^\
e\x0e\xaf\x84c\xc4\xd8\xbf+TY\xc4\x08\x0a)\x04\
\xc1\x1a\xae;q3-q\x0c\xfc\xfeuh7X\xe3\
\xbb\xa7\xee\xa7\xbe(h\xb7\x0d.\x94\x9a)R+\x1c\
\xc5\x90F\xf3\xa4\x22\xd9\xccj}{|\xffJ@\x18\
\x07\xb5\x9f\xc3\x19\xf20\xb6=\xfa<\x10\xa3\xa2\x12\xda\
\xb3F\xe1\x83AE\x82\x8eOy\xec\xf9o\xf4\x03r\
\xc5\x8a\x1a\x86:f\x82\xa0\x11\xces\xcb5\xb7\xb1P\
[$8O\x90\x11\x8e\x02\x5c\xb4\xef\x00|P\x81\xf8\
 \xef\xd1\xc1\xe7\xde\xf6&@\x19\x10N \x8c$!\
AG\x92\x8d\xe22/\x5c~\x86B\xa6\x04)\xb0\x81\
R':\x18\x82\xf7(\xd4TC\x06!\xcaz\x99s\
\x8eZ\xad\xc6\xfc\xfc|\x9fnw\x10\x12\xa4\x07\x1a\xa0\
+\xe7\x94Q\x85\xa9j\x190\xa8\xd5\xda7\x84\x151\
\xd6\x94\x83\xad\xca\xa0\x85\x0c8_p\xe9\xf2Y\x9e_\
y\x0e\x95H\x82+\x83\xb9\xd0\x11\x8ePZ_\x09\xfd\
C\x8fAK\x19\xf5\x06C\xa9rGp\xdct\xc3+\
\xcb\x0c\x97\xfdK\x1c>\xf9\xec\xa3\xa4\xe1\x02Vf\x10\
\x12\x08\xf1\x16\xb5H\xe6c\x0b#\x93\x0cF\xff\x0e\x83\
fW\xc1\xce\xfb\x1a\x96\x0eR\xc4H\xdfDH\x83W\
\x01t\xc23\xe7\x1e\xa2\xd3\xe9l\x83\x05G\xaf\xc7\xd4\
\x18\xad\x04s\xc9\x11\xae;v\x12k=\x82\x18\xa5\x02\
!\xc8}\x8f\xcf\xab\x1d\x83F\x0a\x1c\x01\xdb\xe3\x8bk\
\xaf\x11V\xa2\x85\xc4a\xf9\xde\xd9'\xc8B\x8a\x93\x1e\
\xe7KUI\xd1s1\x92=\xf5\xc3Iz1B\x88\
~|\xab\xec\xb0\xaa\xae\xc2\x83\x10\xf2?\xb0\x00\xed\x9c\
Ck\xdd\xc7\x9c\x07]Q\x06a\x8cQwa)\xd5\
\xb0\xb3A\xb0\x08Q\xda\x5c\xad\xae]f3[CF\
e\x96\xad{\xfcMdyR\xf4\x04\xbd\xdc\xc3\x0c\x02\
{\x85P\xf6\xb2O\x82\xa8\x9c\x98z\xfa\x1a\xe09q\
\xe4\xda\xf2\xc2\x89\xfdc\xb4\x8f?\xfd\x18q#`L\
JRk\x22\xd0\x98\xc2\xf5&T7\xddu[\x86)\
\x8d,\xd3\xce\xc10\xc6{5`\xd0C\xef\x0d\x88\xef\
\x0b9\xc6\xa0`\xd2\xb1\xcb\xe9\x01\xd4\x05\x8d\x0f)\x0a\
\x89\x12\x0d\xa4*uV\xa2\xb8\xcezz\x8e\xf5\xf5\xf5\
\xa1\xf6\xe1AlS\xce\x02\x01y\x80\x00\x06\x8e-\x1d\
\xc5\x18\x87\x0b\x02\x15G=G\xf1\x83\x99\xa8\xf6\x03u\
\x1c\xd6\xe4YNNe\x82c\x9dCI\x89\x08\x82P\
l\xb9\xb0\x9c_9E\x1aR\x9c,\xbd>Q\xbd\x90\
\xe8\x03\xd3\xd4\xc6\x06\xf5\xa2\xab\x98677\xd7\xe7H\
\x1fD\xdb\xf7\x81\x04\xe8\xd3\xa7O\x87J{\xa3\xca\x94\
+\x0d\xe8N\xa7\x83\xd6e\xa6k\x8c\x19*\x1c\x96\xc5\
C\x87\x88\xba8\xefq\xc6\x13\x09\x81-\x96\xc9\xe3y\
\xbe~\xeec\xb4\xe2FI\x00\x17\xa5&\xb0\xcb3\xa2\
\x10H\xe2\x98\xb4\xc8\x99\xae\xf7,\xc7d\x1c\xc3\x01`\
(\x08\xf5x\x9a\x83\xbc\xe7iVU;\xf1D+=\
\xe9\xa1\xdf\xeb\xdd\xe4\xe3y\xa6\xe5\xcdT\xean8\x84\
\xf4H\xbf\x89\x94\x0d\x5cT\x90\xa7\xeb\x1c\xe1$\xb7_\
\xff*\x5cn \xccM\x87 \xb1x\x97\xd3\xb3\x9c\xc3\
\xb0\x81\x05\xac\x11\x08\xd1\xe1\xdb\x17?A\xb2x-\x92\
%\x9c\xbd\x8c\xd49\x22\xf1\x14a\x13-\x17\xb6\xf1\x83\
Gy\xc2*\xd0\xdft\xef\xb5F\xf4\x9f\x8b\xe0\x10\xc1\
\x0d\x9b\xad\x0e\x04\xb1I]\x84B\x08|S\xd2\x15\x05\
N[\x1c\x06\x82\xa7@`\xab%\xfe\x94-\x07\x84W\
\x04\x0dI\xaf\xa9g\x93\x94z\x14ak\xb2\x7f\x1dF\
\x03q\xff\xfd1+\x88\xc1\x09j\xf4x\xf5\xc89\x99\
\xf6\xd0!E2\x87Q\x86\x9c5\xf0u$\x0a+6\
\xc8\x9c\xe6k\xe7?AHJE+\xe1\x04J[,\
\x96\x00\x880C\x86\xa6\xca\xf1.0\xbc\xe2\x9a\xf7\xa2\
m\x1d8\x0b\xa6\x8e\x8a\x8a>_YJ\xd1\xf7+\x1c\
\xea\xee\x1c8?\xa3\x1e\x9f\xe3x\xd1\xdb\xef\x93}\xea\
E\x0b\xd7\xd3\xed\x1e\xd4lg\xc7\xeb\xb2m\xc2\xc5\x22\
}\xa0\xd6\xb3\xbf\xb3\xca\xe0\x12\x8f\x17\x10\x8b\x1a\xcf\x88\
\x878\xb3\xf2\x02s.\xa6\xe1\x0a\xbc\xb7\xd8\xe4\x08\xdd\
B\xa3eg,\xa41\xea\x824h@\xb2\xb4\xb4\xc4\
\xe2\xe2b\xdf1\xea\xcc\x993\xfb\x829\x0eDO\xb2\
\xe2/\xf7\xf5\x22\xa4\x1c\xe2?\x0ff\xcc\x83\xf0\x86\x10\
\x82\xe0\x1d>l\x05J\xe7<B;V7\xce\xd1N\
\xbb3\xcc\x9ca\xdf3\xedAk8\x1ft\x06\x11z\
~\x8cBj\x1a\xb5\x16\x8ad\xcf\x7fOQ\xd2\xbd\x9c\
\x80\x0b\x97\xcf`lN\xe4\x03\xa5\xa2\xe9\xd6\x8d\xe9]\
Y\x17\x10\xc2\x0d\x1e\xd0\xf0\xffl\xe1\xd0b\x88v7\
<\xdf\x059|\x1e\xc2.\xce[\xb3[\xe0\xad\xa3Q\
8b<\xe4E\xaf\x8d\xb9\x86\x94\x05VN\xa6\x1aF\
>\x03c\xc0it\x5c\x1e\xcb\x5c\x1c\x13\xba)6l\
9rl\x89\xd5O\xde\xaf\xc1\x1b5\x840\x84\xc3\x87\
\x81\xf3\xd4\xff[CL\x800\xfa\xc9\xb1\xbc\xf7\xc1\x9f\
\xadn\x5c\xa4 \xa5&\x9b\xa5\xf3\xb7([\xf9\xab\xfa\
\xc4\x0cK\xb0\xf2<\xa8\x98\x85\xb9Eb\x15\x11\xc8{\
\x12\x02\x1e\xf6\xb2\xaa\x1bs\xaev{\xfe\xf6\x93-\x8f\
\xfe\x89\xfd\xfc]!\x14\x97V.`\x8f\xe4\x08\x1cZ\
\xc6\xb8\x90U\x08\x00\x00 \x00IDATxc\x89\
\x93\x98\x10\xccL\x85\xf8\xc1\x22\xae\x10\x82f\xb3I\xb7\
\xdb\xdd\x1f\xfb\xe6\xa02\xe8\xf3\xe7\xcf\x87J4\xa4t\
\xd4\xf6\xfd\xe0\x5c\xb5>\x8e\xfa\x0c\x0eC\x1e\xbe'\xf6\
R\xbeg\x03x]p\xea\xe23\xac\xb77\xf7l\xdc\
z\x10\x81\xf3\xa0\xe4\x14\xf7\x85\xc1\x89\xb2P!\x02(\
\xa1Y^8\x8e\xa6\x8e\x92z6\xbdgd\xc9J\x10\
\xd5+\x89\xb5\xe5\xbd\xfd\xdd\xd3O`l\xb74.\x95\
U<\x11en,J\x02\xffn\xcf\xf7\xb6\x80\xb3C\
p\x9e\x945\x0f\xbdgcjb\x91X/\x83\xaf\x83\
\x9a\x03j8$\xd6y\xb4K'nRj\xd0u\x82\
\xafc\x5c\xed\xffg\xef\xcd\x83e\xb9\xee\xfb\xbe\xcfY\
\xba{\x96\xbb\xdf\xf7.\x1e\xf0\xf0\xb0/\x22H\x82\x80\
H\x11\x82H\x99\x14eJ\x96HY\xa2\xa5\xb2\x5c\x8e\
+\xb2\xa4\xa4\xec?\xacJl9\xb6+\xe5\x94\x13+\
q\xc9\xa9\x94RQ\xc5N\xca\x8e\x95HQ\xa4\x8ad\
I%j\xa1HF\x12E\x8a\x147A\xa4\x00\x92\x00\
\x09b\x07\xde~\xdf]f\xeb\xee\xb3\xe4\x8f^n\xcf\
\xdcYz\xee\xf2\x00<\xdc\xae\xea7\xf3\xe6\xce\xf4\xf4\
t\x9f\xf3=\xbf\xf3=\xdf\xdf\xf7\x97yQ\x84\xebx\
\xd9fy\xf9\xe6\xd9\xdf\x7fD\x96\xb5\xb3\xda\xd58\x8e\
SJ\xc9\xf9\xab\xcf\xb3\x13_\xa9\xa4$f\xa5f\xb2\
\xb7\xcd\xee\xbe\xc5\xfb\x84\x84\xf5\xf5\xd3Da;\x93\x94\
\xe5\xe9\xca\xd7\x83C>\x0a\x8a\xf0\xb0\xa5\xe5&\xf6\x0e\
)y\xf9\xe2\x0bt\xcc\xb5\x9c\xf1\x91xg\x09\x95\x1e\
j\xffu\x00\xba\x10B\xac\xad\xad\x95\xd8w\xd8RX\
\x87\x06\xe8\xe2D\xb4\xd6e\x01\xc7b\xc5\xb9\xb0\x16\x1d\
'M)\x01\x1a\x8bw \x8a(\xda)Rvy\xe9\
\xea\x93\xec\xa4\xc9\xd1q\xb9\x07\x94\xd9\x1dE\x03;\xec\
*\xb6\xf7\x1e\x8f\x03'8\xb5r\x13\x920\x03\xd4\x1a\
\x1c\xb4 \x97#\x8a\xbd[.\xb2\x92w<s\xe1)\
\x10\x09Bf\x0b\xb3{ !r\x10\xc8*T{!\
\xcaI\xe3\xe8\xf3\xba*\x87\x02\x9cK\xd9X.g\x9b\
\xe4\xdb]\xec[\xc1.\x9b\xaa\xc3\xa6\xef1\x90`\x15\
\xc4H\x0c\xa0\x02\x05\xa29u\xef\xe3AJ\x5c\x03\xac\
\x0a\xb1\x1a:\xbe\xcf\xd5\xf8*;vs\xe6\xf7W\x13\
M\xaa\x89:\xc5\xeb\x87\xf5#\x1f\xf7\xd9\x028\x95R\
\x5c\xeb\x9eg\xb3s)\xaf\xdd\xe5Jr\xa06@W\
\x9e\xac-\x9d\xa6\x19.`\xad\xcf\x06.\xe1\xa6\x9e\xcb\
\xf5\xd01\x1fd\x80\x987\x0fa*\x85\xa0\x1a\x5c\xde\
z\x89+\x9d\x97\x91MMj\x1c\x81\x14x2E\xd3\
\xec\x01pO\x22\x5cH\xebVVV\x10B\x94UV\
\x0e\xe3\x11}h\x80\xae\xa6w\x17\x17\xa7\x00\xe8\xaa9\
\xd2(g\xb3\xf7\xc3L6O\x16.\x9bR\xcb\x80\xdd\
\xc1%.l?\x8d\x91\xf2P\xa0\x5c\x07\xfc\xe6\x89\x8c\
^\x0d\x1dh\xd1\x91\x84\xf3`=k\xcbg\x90\x19\x9b\
Zo\x11\xcdg\xd9cF\xe4\xd1\x94\x97\x042\xa3\xa4\
\xcf\xef\xbeH\x18j\x94\x12\x15\x07\xc1a\x93\x98*?\
;\xee\xf9\x905\xff\x98l\xb9*\xd0\x95\xd1\xa2\xa8\x02\
\xf5\xc8\xa2\xda\xc8\xa2cs\xd5\x13.\xc5\xf8\xb0\x83\xa7\
\x87\x12\x09\xc2\xf5Q\xd6 \x1c\xc4\xd2O\xdd\xa55`\
\x92\xec\xd0\xf4Q\x02\x22\xb1\xcbz\xdb\xb0\x14\xf6\xf7\x9d\
\xff\xe8o\x98\x04\xb2\xa3\x00>\xe9\x1aL\xban\xa3\x9c\
\xeeh4]Dw\xb1\xe8pe\xe7\x02\x1e\x83\xb7v\
\xb8\x08C\x9d\x01Z\xe4\x17\xdcCS.\xb0\xd4^\xc5\
&\x19\x0d\xe9\x8fh\x86y\xbcy\x00G\x9f\xeb0\x04\
\xd0R\xd33[\xbc\xb8\xf9,>\x90\x98\x14\x02-q\
&\xc5S\x1f\xa0\xabI+\xadV\xab\xf4\x22\x1a\xeb\x9f\
r\xbd#\xe8j\xb5\xee\xd1\xf4\xeeQ\x92}4\x92\xce\
\xfc4\xf6\x8a\xc7\x0a\x19rq\xeby6{\xcf#\xa2\
`. =,8_\x0fC\xf2y#\x10'\xc8\xe5\
\x88\x1e\xe1%\xab\xcb\x1b\xb8r\xf5\xbd\xc6\xc0\xec2\xdd\
\xb8/:\xab\xcb\x92\x1c\x06t\xb8\x9a\x5c$\x8a\xc2\xa1\
\xea6\xc5\xf3,Y\xc8\x1d:\x82)@\xab|M\x8a\
\x99U1\xaa\xaf%\x17B\xf4\xce\x12\x8dx\x89\x06-\
p!\x11M\x22\xab!\x8e\x88\x9c\x98\xba7|\x13\x5c\
\x03\x99BH\x94\x8dL\xdb\x9aU\x7f\x06\x7f9\x9a\xf9\
\xfd\x93\x16\x85\xeb\x9a\xcf\xcf\xdbV\xf7\xf1\xdcA\xca\x95\
\xed\x8bX\x1c\x22\xa7%2\xf0\xae9@\x97\x91T\xa6\
\x08ZY\x5c\xc3&no\xf0=\xe6\x19\xe0a\x03\x9c\
Y\xfd\xf6\xb0zz)uF\xa9n>M\xcf\xf6\xb2\
u\x18\xb2d\x15_c\x89\xae\x8akU;\x8b\xe5\xe5\
e\xd24=t\xc5\xefC\x01\xf4\xc5\x8b\x17}!\xaf\
+\xf8\xe7\x22\x8b\xb00\xe6\x1f\xf5{.+\xa5\x14\xfc\
\xb47Y\xb6\x9c+\x08u\xc9\x85+/\xb2\x1b_\x86\
(x\xc3s\xd0E\xd1\x18\xa5\x14Zh\x96\x16\xd7\xcb\
(\xcack\x01\xf4\x1eP\x16\xdc\x04\x5c\xdd\xb9\xc4v\
|\xa54\xb6\xb2&\x9b\xf6\x16R>O\x8a\x90\xf6\xd0\
\x1c\xe0\xd0\xffG\xf9h9\x9b\x83\x8e8E\xbbq\x1a\
\x02\xc55s\x8d\x81\xdaaWv\xd9\x0e=I3\xc1\
K\xa6\xee\xdb\xda\x10G]\xbaa\xca\x0e[\xb8\x08^\
\xee]\xc3\xb6\x97\xd8\xb5\x8d\xd9\x9dz$\xd3p\xf4\xf9\
ay\xd2\xfd\x19\x82\xc3\xd6\x96NZ6\xb76\xb1\x18\
Pjd6\x9a\xd6\xbb\xfd\xde\xe3m\xd6\xd9W\x97O\
\xe5\x09.'\x1ct\xb1\xe6\x22\x03\xc3\xa5\x9d\xf3l\xee\
^#\x8c\x9a\xd8$\xcd%\x8c\xf5\x03@Y\x19<!\
Ss\x14\xf5\x0b\x0f#\xb7;\x94\x8a\xa3\x94\x1a\xe5.\
[E4]\xa57Fi\x8d\xfd&\xfd\x16%d\xbe\
x\x08\xda\x0b\xb6\xb6/\x13\x9b]\xb4<K\x9d\xc2\x99\
\xc7\xb1\xbd::\xeaI\xf6\x9b\xb9\xf7\x88\x0ah7\xda\
\xf9\xdc\x9b\xbcP\xe8l\x8ac\xe8\xa8\xce\x81\x82Nw\
\x97n\xd2eU\x84e\x92P\x10\x04\xf9@kp\xce\
\x02jO10f\xa1\xaf\xc0\xfcy\xafU13\xa8\
u\xbd\x977\xd9\xd1\x17y\xec\xfc\x15:[W\xd8\xde\
\xb9\x84]U\xa4\xb4\xd1\xfd>.\x98\xfe\xddJ\x86\x04\
q\x974\x8c\xb0b\x97\xa5\xfeY.\xc6\x1d.\xad\x7f\
\x95\x95\xdbV\x09\xae\x85\x13\x17}f\xbdVg\xe1\xa8\
\xee1&E\x83\xc6\x1b\xba\xfd\xce\xd8\x88\xad^\xa2\x92\
\x1bbC\x16[\x8b\xd9:D\xcd\x88~T\xb5r=\
\xfa\xddA\xbe\xe7\xa0\x9f\xf3^\xe0\xa5\xa5\x17\xef\xb2\xbd\
\xbb\xcb\xdd+\x0d\x06;[Dm\x8du\xf5\xbf{\xd4\
\x5c\xa9\xa8\xf6}\xd8\x08\xfaP\x00],\x02\x86aX\
\x02\xb5\xae\x98\xe8\xc7q\x9c\x15/\x9d\xb0R-\x84 \
\x91\x11-\xd7E\xf7\x02\x9a\xd1\x02/\xd8\xa7x\xec\xc2\
\x9f\xb3t\xeaVz[=h\x1c\x96\x851#p\xc2\
\xf4\x911\x97<x\xcf\xc8\xe2Z\xd1\xd8\xab\xc7p\xe4\
B\xd3\x5c\xefY\x01\x9b\xa2G\xec\x93\xa6\x89\x91\xc8\xc5\
\x97\xe0<\x14}\x14+\xc8R\xb2$%\xd7\xba\x09\xa7\
\x97\x17\xd8\xe0-\x04\x1e\x8c\x02\xed\xa3\xd9\x83|\xe8\xf0\
Fe\xaei6+\xb6\xeb4\x5cK\x9f\xc7\xe9\x01\xf8\
\x16\x02\x8f\xd6\x99\xcd\xa2\xb1\x03\xa4\x12H\x15a\xadG\
\xc8\xd93\x98q\x91X\x95'\x1d\xf7[\x0b\x8d\xf0\xac\
h\xcaYI\xc3\xdc\x0c-x\xd9?\x81[p\xf8\xa4\
H\x92\x81Y\x93\x08o\xb2\xdf l\x06~q\xb4\x89\
j\x08n\xb1g`\x1b\xc4\x84AQ\xb0\x9fE\x12\xc5\
\xbd\xa3\xd2\x9e\xc5Hf\x9f\x18}.\x87\x81\xb5\x00\x92\
\xd2\xf63\xfb.\xef\x1d\xceg\xeb0U\x89j$N\
\xb3\x95|\x8d]\xdb!\x92\xad\x5c\x1b\x0fH\x87\x17\xb3\
\xdd\x0c\x95\xf3\x18\x19`\x9b\x8e\xc8x\xceE\xefD\xf0\
\xbf\x10\xbb5\x02B\x8c\x1b\x17)\xfa}\xf7\xb5\xec\xb3\
\xb2X\x9f(\x22\xd0b\x8a&+}\xc4\x97\x0a\x88\x02\
8\xb3G\x87\x10\x85\x85n\xfe1;\xacS\xdc7\xa8\
!\xc7\x00o5\x7fAN\x0d \xc5\x88!\xd4\xe8\xb1\
L_\x10.5\xb9v\xf52O\x9f\x7f\x9co\xbb\xe7\
\x9dh\xe9\x11N0tj\x13\xb2\x09\x8b\xc8\xd9ZK\
\x14Et\xbb]\x96\x96\x96h\xb5Z,..\xd2\xef\
\xf7Y^^\xe6\xc5\x17_\xf4\xe7\xce\x9d\x13\xd7\x0d\xa0\
/]\xba\xe4\xfb\xfd~9\xfd\xaeN\xd3\x8a\x08z\x9a\
\x84\xa8\xda\x00\xacq\x18\x97\x81\xe9\xce\xce&\xc6$x\
\xc7\x01\xbco_\x9d\xed\xa8\xf4\xd8c\xa3\x82\x91Qz\
\xff\xa0Q\x83\xc7\x92\xb2\xec8\x85tv0\x18\x1c\xd9\
,\xe1(\xfd\xb8g\xe9\x82\xabm\xa2\x08\x0a\xa6\xc6\x8f\
\xce\xcd\x98~\xfb#\x8b\x1c\x8f\x22\xe2\x1c\xfd\x9c\x10\x02\
cs/\x9b\xb0\x18\xbc\xe7\x0a\x11+A\x83\x18\xa2Q\
\x0e\xf3\xfb\x8e+\xa2\xbd\xde[\x01\xb0RJ\xb6\xbb[\
\xf4\x93\x0eJ\xe7\xd2VY\xbf\x9f\x8e3\xb4j4\x1a\
\xa5\x1e\xfa\xbas\xd0\x85\x9e\xb9j\xe4Rt\x98Br\
R\xe5e&\xb9BI\xef0\xc6\xe1\xbc\xc7\x8a\x01\x17\
6_\x221)\xd6x\x94\x96sw\xf4\xc3\xf2\xd4\xc7\
a\x83x\xd8E\xc8\xe2\xff\x85\xd6|~\x80\x1e\xbe\xe3\
\xceA\xa7\xd3\x19\xaa\x88q\xd0\xa2\xa13\x7f\xff\x88T\
m\x96?\xf2>U\xc4\x98\xa9dq\x1d\x8a\x0c\xd5i\
{a?P\xd0p\xfb\xcew/}n\xbc\xa2c\x0c\
\xef\x5c}>\xaf\xdf\xcb\xbc\x1c\xac\x90Y\xdap\x1c\xc7\
\x94\x81\xb7/\xa2|5_\xbb\xae\x98\xfe\xbfV\xdc\xea\
\x8e\x9a\x03\x9f\x1f\xa0s\xd6/\xd0\x5c\xbe\xf6\x0a[\x9d\
\xcb\xe80\xc08\x81\xaa\xe1f8N\xa1V\xe0b\xd5\
\xc0\xff\xa0\x83\xd5\x81\x01\xba\xc8\x92)A\xa3\xca/\xe6\
\xe4xuT\x99X\xb5\xdb[\xac\x118\xe9He\x97\
\x8b\xd7^\xc4\xe2\xf1\x1e\x94t\xd7\x0d\x9c\x8fj\x15\xfa\
8\xfcn\xf7\x01\xf4\x5c$[>\xc5\xaeP(\x1e\xe8\
\xf6v\x91\xea\xf0\x11\xeea:\xee\xb8(d\x16?;\
\xba\xcfl_\x8c\xaf\x861\xc9\xf8\xe60\x85\x84\xeb\x16\
\x5c\x9d\xa7-J\x09i\x1a\x93\xa4\x83\xbd<DO}\
\xe9\xd6\xc8wV)\xc7\xa3\xbe\xef\x07m\x1b\xf3\x0e\x10\
G\xb9)\xe1\xf1N\xa2\xc2\x80\xed\xde%\xae\xee\x9cG\
\x05A\xb6x\xe8\xdd\xcc5\x82\xd1\xd9B\x01\xd0\x00K\
KKe\x1a\xf8A\xa5v\x87\x8e\xa0\x0b\xff\xe7\xea\xf4\
\xb3\x9aA3\xad@l\xf6\xba\xc19\x90J\xd13\x9b\
\x5c\xeb\xbe\x82W\x12\xef\x14\x8a\x83\xa6o\x1e\x0c\x9c\x0f\
\x1b\xe1\x1eGc\xae\x02L\x16=\x1e\x9c\xf6\xa9z~\
\xc4\xf1`\xac\xd9N\x9d\xec\xbe\xa1i\xdd\x84\xc8\xd2W\
h\xf4Y\xa05\xed\xf8\xd5zy\xe3\x00\xb6\xb0\x18\x98\
\xb4\x8fF8\xd3\x00\x7f|g\x1co\xdc\xbfg\xa64\
~\x96P\xbc~\xf8D\x96\xcc@\xde\x98\xc3\x19\xef\x8c\
S\x8a\xcc\x1b-\xbfZ\xed\xffX7o\xf0^ \x03\
M\xdfoq~\xeby\xa4V\x80.UR\xd3\xae\xd7\
\xe8\xfaKa\x9e\x04\xd0n\xb7\x09\x82`\xc8n\xf9\xba\
\x02\xb4s\xae\xac\x9e2\x9a\xa02+\xb2)w\x9b\x82\
W\xa0$\x9b\x9d\x0bl\xf7\xaf \x94D\x08\x05\xde\x1e\
\x1b(\x1fGDx\xdc\x11D\xd6\xa1\x0f\x08\xce\xb9\xcf\
\x06\xb9\x0f}Qjl\xd2y\x1c\x85)=\xcc\xf6C\
\x1eW\x93\xb0\xfaz\x1d\xe0\x99\x15AW\xf9\xc6\xd1}\
\xdaw\xd79\xf7I\x11\xf4A\xbd\x94\xc7j\xafE\xb1\
(f\x0f\xd2\xc0\xc7\x0eN\x93\xce\xf3\xb0\x86\xfd\xc75\
\x83<>\x80\xb6\x08\x02,\x16\x1f\xc4\x5c\xb8\xfa<\xc6\
\xd9<_\xd3\x1ch&XD\xcbQ\x14\xd1l6K\
=\xf4\xa5K\x97\xfcu\x05\xe8j\x81X!D\x99\xac\
R\xd8\x8d\x0e\xa5t\x8f\xe1\xa2\x01\xbc3Y%\x0f<\
\x97\xb6^\xa1\x93le\x08\xe2\x15\xde\xbb\xb9A\xf6F\
\xe4\xa0\xc7\x9a\x86\xcfu\xaf\x8a\x83{\xf2\xd5\xd8r\xb6\
s\xdc\x1c\xf4Q\xdf\x9bIQo\x9d\xcf\xd4\x8d\xe0G\
?3O\xa2\xc4Qs\xd0\x1e\x97\x0f&\xc3\x98+\xe5\
|\xeb\xfb\xe3f\x12'\x1c4\xd9\x8c\x08\x85q\x16\x1d\
\xb9\xcc~4\x8e\x91R#\xbc\xaf\x05\xccU\xa5J1\
k+fw\xedv\xbb\xac\xbar\x10\x9a\xe3@\x00]\
\x8c\x04\xd5E\xc1\x82\xdf*\xa8\x8bQ~p\x1a\x17\x08\
\xe0\xbcgg\xf7\x1aI\xd2\x9b\xf8\xfe\xe3\x9c\x0e\x1d\xb5\
\x9f\xf3Q7\xb0\xc3\xac\x88W?ZL\xbf\xa4\xe2H\
\xfc\xa4\x8f\xf2\xf7\xcf3(\xce\xbbO\x8a\xb8\x8f\xea~\
\x1d'\xa0HYU\xaf8\x10\x07H\xc8\xf0\xfeU\xed\
;\x87\xe5\xe2\x8fs\x13Bf\xaa\xb3\x00v:\xd7H\
l\x0e\xd0\x07\xc8Z\xae\x02\xb4\x10\xa2\xac05\xeaI\
t\xac\x00\x9dU\xdd\x8ei4\x1a\x04AP\xaeZ\x16\
\xe5_\xaa\x0b\x84\xd5(\xba\xca\xdb\x94nO\x81D\xc5\
\x12\x93^\xe3\xc5\xddgH\xa3\x80F\xe8\x09\xe9\x80^\
\x9a9\xfd\x1e7\x95\x9d52\x0fu\xdc\xc2\x87v\xc2\
\xe3D?\xdb\xbc^\xe0\xcc\x0e\xe1\xc7\xe98'\xe9\x14\
\xf6w$\x8d\xc1\x84Y\x16\xa1\xee;\x92\xdc\xd89H\
=^\xcc\x8e\xa2\x8c\x00-\x1c\xcaJ\x8c\x8f\xf0a\x82\
\x22eQ\xad\xd3\xf7>\xab?X\xf5\xfb\xad\xa8\x1a\xc6\
r\xa8R\x0c\xd5\xec\x93\xf9\xf5\x11\xc2g\xd5(\x84\xc7\
\xcb\xbd\xbd\xee4~\x1a\xb0\x8e\xe3\xe4\xcb\xebT\xd4\x0e\
\x9c\xb4\xb3_\xaa7\xab\x10\xee<Qc\x95\x0e\xd9\xd7\
\xc6 \xa3\xeb\x94\xcc\x14\x1fJ\xee\xff\xae}\x86L\xc3\
~\xd4\x86>\xb0\x84\xb1\x0a/\x0c\x10a\x0d@\x1f\xec\
\xec\xee\x9b\x0a\x83v\xd041\xdeA\x12&\xd8$B\
bIG\xda\xefx\x00\x99\xdcV\xcb\x05\xe8)\xc03\
\x1a\xa0\xed\x1b \xc5\xe4\xdd\xe7~\xea\xd55\xae\xea\xfd\
\x1b\xfd\xff\xe8\xeb\xa3\x7f\x1f\x87\x03Nk\x94\x8di\x9b\
%\xb4m\xb2%/\xf2l\xefY\x9c\x0aX\x90\xc1x\
\xcc\xa8\xfc\xb6\x22(UJ\x95\xc2\x89\x22i\xc5{\xcf\
\xca\xcaJ\x89w\x07\xa9\xb0r \x80\xae.8\x8c\x03\
\xdf\xd1\xf7M]a7\x16\x84 \xb5\x09\x83\xb8\x97E\
\x0a&\x07\xb6\xebRQ\xe3z\x8c\xd0G\x13y;l\
\x96\xf2+\xea\xfb\xf8\x0a\xd8_\xfc\xd5\x0b\x1aach\
\x9a|\x5c\x15a\xeaN\x89\x8f\xea\xf5\x83\x1e\xe3\xa0\xbe\
.G1S\x98v\x0c)2\xeb\xd7(\x8aP2\xb3\
\x1a-\x84<\xce\xcf\xf5\xa5y\xa5\x22\xb3/\xe8x\xd5\
y\xe0W\xb3o\xa2\xca\xeb\xe0\xc8\x82\x8f\x9d\xddM\x90\
\xae\xa4j\x0fr\xdf\x8a-\x8a\xa2!\xf0\xbe.\x00]\
P\x1aUO\xd9\xd2;b\x84w\x9e\xe6d\xe7\xbd\xc7\
$6K=\x8e;lu\xaf\x81\x92\xe5\xda\xa0\xc5\xbe\
\xfen\xf8\x11/\x92(\x91O\x99\xa4\xc7\xba\x14\xe3\xf2\
\xd4w\xe9\xe7m\x89C\x96\xa3\xad\xd6\x12\xca\xa9\xa9\xd1\
\xcfQ-t\xd5\x89\x9c'q\xc0\x93\xaam\x8f\xaaD\
&\x06\x13\x13>7\xee\xf3\xb3*\xe7\xd4\x01\xe9\xa3Z\
\x03)gPB\xa3\x85\xa6\xd5he`b]~\x1f\
\xdd\x1c7\x9eR\xd3\xdd\x8b{3\xdb\xceQ\xca\xec^\
}\x8e\xb9F\x1b!\xb3\xdb-J\x80]\xb8\xf2\x22R\
Y\x8cu\xb5\xd6\x1d\xc6\xfd\xd6\x02\xe7\x9a\xcd&a\x18\
\x96\xcev\xd7\x15\xa0\x0b\xd7\xbabE\xbc\xa0?\xc6\x01\
\xf1x\x89\x9d\xcfRq\xb5`\xab\x7f\x8d\xed\xc1N\xa6\
\xd3t\x22\xab`-\xdc\xeb\x0e\x98\x0f\xd3\x98'\x1d\xcb\
y\x83T\x82\xc4\xa6\x0c\x92~>\x05\xdc_Yb*\
\x09]0\x022s\x11Zh.#lP\x9b\x87=\
,oXG!2\x0b\xac\xc7u\x94By1i\x9f\
&\xa1\x9b\xb6\xc87\xcb\xcdn\xde\xeb3k\xe0\x9e\xd8\
~\x9c\x22\xd4\x0d\x1aQ+\xeb\xaeC\xe5\xd9\xe6h\xa0\
*\xab\xfe\xb2\xdb\xdd\xce\xcb[\x0d\xbb\xac\x1c\xa7\xcc\xee\
\xd5\xd49\xd7\xd9L^\xb1\xc8\xa1\x10Zp\xf1\xea\xb3\
X\xd9\x1fr\xb3\xab\xa3X\x19\xf7\xbe \x08J\xa9\x9d\
snn%\xc7\xdc\x00}\xe9\xd2%_\x95\xd5\x15\xcf\
\xab\x00]5I\x1a\x1dQF]\xedp\xe0\xa5g\xb3\
w\x89\xc4\xf7\xb3\x8e\xe0E\x96\x83/^_\xe0|\x5c\
2;\xeb\xb3\x14\xed\xd4&t\x07\xdd=>\xbc\xf6\x0d\
\xae\xb6\x89l~\xbc\xd2^A\xba`hAc\xde\x06\
(j\xea|\xa7E\xa6\xb3\x00\xb4\x0e\x88\xd7\xbdGu\
\xd5\x1c\xd3x\xe9\xc3\xf0\xd5\x07\xa1:ljiGm\
\x02\xa2\xfc\xb6W\xbd%\xea\xdc\x7fU\xce\xb8<\xb0\xb5\
\xbb\x85W9\xcf\x8b;v\x99\xddQRe\xc7\xb3I\
\xc0 \x94\x00\xaf\x91Z\xb1\xb5{\x91\xd8\xed\x22\x82p\
l[\x98e7[\xc5;!\x04a\x18\x0e\xb9{\x1e\
+@Wk\x0c\x16\x04y5)`\x1c\xc5\xb1/j\
\xae&\x1a\xa0\xb0\xdep\xb5s\x05\x17\xf8\xcc\x87\x18\x85\
\x12\xe2uAq\x1c\xb7\xccH@\x16AKIl\xfa\
t\xfb\xbb\xec%L\xd4\x9e\xc3QL\x8a}no\xb7\
\xbax\x8a\x86n\xef\xf3\xaa\x98\xc7\x8bw\x9e\xe8\xb9n\
\x04\xbd\xef\xd4+\xd1\xf08\xcd\xf2\xacE\xc6i\x9f\xf5\
s\xa6jO\x02\xf0\xba\xd7\xaa\x0e\x852\xfa\xba5\x82\
\x95\x95S(T&\x97\x1c\xca\xda\x9dg\x1e\x9f\xad\xe8\
\xect\xaf\xe5\xc5z\xfd\x5cQ\xfda\x07\xa0\xd7.\xbf\
\x9d\x15\xa6\xcdf\xaa\x1a\x94\xa4\x97^e\xa7w\x15\x99\
\x03t\x9d\xbe1\x09\xa4\x0b\x1e\xbaZ\xee\xef\xba\x03t\
5\xedv\x92\xd6o\xd2B\xa1@\x91\xda\x84+\x9dM\
d\x94e\xe1\xc8\xdc\xcc\xf7@\xc2\xfc\x1b\x8c\x83.\xae\
]\x11A\xf7\xe2\x1e\xd6\xa7\xf34\xbf\x8cs,\xdc\xc7\
r\x80^YXc\xa1\xb9<\x91?;\x0cGy\x94\
\x1ct] \xaf\x1bA\xd7\xf9\xfbk\x89\x83\xc6\xc2\xfa\
\xeaz\xce?g\xf7\xce\xa4\xa3\xb3\xa2\x19]\xdcSV\
\xbf\xe9\xf4:\xe5\x0cL\xfa\x83\x15d\xb8\xd18h!\
\xb3E\xd3\xacH\xb2 u]\xb6v/#d0\xd7\
\xacq\xd2\xd6l6\xcb\x0c\xc3\xa2,\xd6\xb1r\xd0\xa3\
\x8e]\xe3|\x11\xaa\xef\x9b\xb6P(\x81\xd4\x19\xfaq\
\x0f\x19d\xab\x9d\x22\x97\xa6y\xe1_w\xc0||\xef\
\xf7\x18g3#)\xef`\x9e>\x0ae\xd2Oq\xdd\
\x15\x9av\xa3\xbd\xcf\xfe\xf5zLE\x0f:\xfd\x1d\x1b\
aS\xdfl\xe9\xa0Q\xe2Q\x5c\x8b\x83\x1a\xd2\x0b\xa1\
Xh/\x95K\x09\x05\x8d\x08\xd4\xa7\x00+6\x9e\x99\
\xe9\x92\x1dKo\x1cU\xbb}\xad\xe9\x9c\xeb\xf4-\xc8\
\xcc\xfb\x8bb\x15\xdd\xee\xce\xa1\x94B\xd5~\x15\x86a\
\x09\xd0\xf3\xa6|\x1f\x08\xa0\xe38\x1e\xaa\xa2\x12\x86a\
\xf9z\x11a\x1bc\x86lH\xc7%\xa9Xka\xb0\
HW~\x93+\xf13\x84\x83\x15\x1a\xae\x8d\xd1]b\
\x12\xda\xb2=U\xc3Xh\x91\xf7s\x9d\xbeB\x03L\
\xe7\x16\xa7\x1d{\xd2\xa89\xfc\x98}\xcf\x9e\xdf\xaf\xab\
\x95\x002qq.\xff\xbc\xc7\x82\xc8\xaee#\x5c&\
N\x05N4y\xe9\xda\x9f\xe1E\x00N\x82\x98}\xb3\
-\x0e/\x22\xbc\x17\x84\x0e0\x02\xabc,\x03\x1ej\
\xbf\x9f\xdd\xfe\x0e\xedF\x1b\x99\x08\xb4\xc9\x9d\xb8\xc2&\
\xa9\x07!\xdd\xbeZz\xa2\xe4.\xb3\xa8\xc3U(\x04\
/\x05\xa8=\x0d\xeah\xb6b\xd6\xe2\x86\x95\x14\x0e\x9f\
\x95\xe4\x12\x99\xac\xb7\xba\x1b9,\xcb\xaeBo\xf1\x9a\
f\xfa>\xed\xb3\x22\xffN\xa7\x04N\x89\xf2y\xf1\xfd\
NM\xd7\xd2\x8f\xb6\x8dQ*\xc5\x8aQ\x1d\xbd+k\
.\x16\xf5\x17\xa5\xca\xae\x81P\x12\x83\xc0\x8b\x00\xa9\x22\
\xd2\xc4\x13\xca\x06^\xec\xf0\xa6\x9b\xdf\x87\xeeI\x94\xdf\
\x05\xb9\x85h)\x8c[@\xb8\xc1\xcc\xfb\xaf<\xa4n\
\x00j\x99\x9dd\x97\xcdk\xdf\xa4\xd9r\xe8\xa8G?\
]\x19\xd1\xc0\xbb\xfd\xbf+\xd7c\xefQ*\x95\x94q\
Y\xa1I\xf6}\xbe\xda\x07}\xe5:\xec\x8fH\xa7\xe9\
\x9c']\xfb\xbdcT}R\xc6\xc1\x9b\x9b\xfa\x9e\x80\
\x01I\xb2F\xe2\x06,\x84\xdb\xd8~\x9bA\xb4\xc4\x0b\
\x9d\xa7\x09EP~W\xe1\x02X\xed\xbb\xd5\xf3\x1dU\
\xb3U)\x8d\xb5\xb55\x9cs\xa5?\xfe\x85\x0b\x17\xfc\
\xb1\x02t\xdd\xd1\xaf\x8e\x17\x07\xb8\x89\x04\xfaa\x8a-\
\xdeH[\xb5Al\xefn\xe6\x05U\xeb\x85P\x0e3\
\x14-\x09\x14\x02\x89&dc\xfd\x16\x94\x0cI]\x8a\
\x97\x16\xaf\xf7fEr\x8f 9\xf4\x14\xf8 S\xe3\
\xbamo\xd4\xcbct?l\xb4v\x94Q\xe6\xd8\xeb\
\xe6e)\xa5T\xb9b\xc7\x98\x04)!\xb6}\xd6Z\
7\x13\x85mT\x08\xe8\xb0\xec\xb2\xce\xd5'\xa1\xb5\xca\
\x02\xa8^\xdc\xa1\x17\xef\x12\x86!\xc6\xb8\x03\x9b\x91\xdd\
h}\xab\x9a\xcf\x91Uw2\xf4\xfa\x9d\x92b=l\
\xed\xd3\x02\xe0\xab\x02\x89c\xe5\xa0\xab)\x8d\xe34\xd0\
\xe3\x8c\xfa'.\x16JO7\xee`\xad\xc1\xe1*\x1e\
\xc5\x92\x1b\x11\x9f\xe7\x05%G\xa6\x8a\x91\x1e\x94\x12\x5c\
\xdc<\x8f%\xc9\x15W\xbe\xd6\xfd*\xa3\x1fA^\xff\
Q\x22\x098{\xe6v\x22\xbdL\x92\xa6Xm \xc8\
\xb2\xde\x84\xb7\x08\xef\xcaL\xb1\xa3J\xca\x987\xd1\xa3\
\xae\xb3\xdeQ\xf1\xd0u\xe8\x8d\xa3X\xf8\x1a:\x86\xf3\
H!\xc0ee\xcd\xc0\xe0\x85!hH\x8cI8\xb3\
|\x0fM\xb1\x98\x8d\x95*\xc4#\x11E\xc7\xad\xf9\xf5\
BJ,\x9e\xcb\xd7^\xa2\x9b\xec\x12\x84M\xd2\xc4!\
\xd5I\x00\xe4\xa8\x00\xb4\xdb+]\xb5\xd3\xd9&\xf5\xc9\
X\xef\xec:\x0a\x9ej\xad\xc2\xa2\xa8v\x91\xac2O\
\xe097@\x97^\x0ec\xa6\xaf\xa3\x8b\x84\xd3\xbc8\
\xf6J\xe88:\xbd]\xac7CS$)\xe5\x0d\x15\
A\x1f\xb8c\x0b\x81\xf4\x12\xe1\x05:\x80\xcb\xdb\x17\xd9\
e;+\xbeU\xc3\xee\xadX\x1ft\xf9\xecT*\x01\
^\x22\xd0l\xac\x9ca\xady6K\xb9\x97IF)\
\x10\x80O\x91\xc2\x03\xfa@*\x95\x83\xf3\xad\xa2\xc6\x94\
\xf6`^\x1cu%~\x07\xe5\xa0\x0f\xac\x88\xf0\x12\xe1\
\x04\xde9\x94\x04\xa5%Re\x11\x97q\x96\xdb\x96\x1f\
 \xa0Yv\xd7lpe\xa8\x9c\xd6\x8c\x10\x11\xe7\xb3\
\x81\xfe\xa5KO\xe1d\x8c\xf5\x0a\xe1\x14\xa1|\xc3\xe3\
s\xbe\x00/\x11y}+\xa5\x14^zv\xba\xdb\x18\
\x92\xb1v\xb7\xf3\xf6e)e>k1s{r\x1c\
8\x82.\x92TF\x15\x1c\xd3\x5c\xb3&!\xc8Nw\
\x0b\xeb\x13\x84\xa2\x8c\xa0\xa5\x94s'\xcb\xdd(Q\xf3\
P\x03\x92Y\xbc\xa4D\xe6h\xd61\xd7\xb8\xb0\xf5\x22\
\x9e\x94zU\x87U~/l\xc9\xc0)!\x10\x1e\x22\
\xdd\xe0\xdc\xf2\xfdH\x1b\xe0H1\xde\x03\x0a\xe5=R\
y\xfc\x98\xe6q\x9c\x05\x09\xea\x00\xf8\xbe\xc5\x181}\
\xaf\x13A\xcf\xdb\xf9\x0e\xea\xe67>\xc2\xd2y\x10c\
\xcb\x02\xca\x12\x89I,\xd2\x07\xdcs\xea\xad\x84\x04{\
U\xd9Q\xc8\x92\xdd\xa8A3\xe6\x85\x85\x1d\x96\xe7/\
=M\xb0\x08I\xea\x90\x22\x1b\x88O\x22\xe8\xbd\x19\xbf\
\xa2\x00iI/\xdee`{C\x11\xf4\xbcn\x8a\xd5\
\xcfEQTF\xd0\xaf\x1a\xc51\x9a\xda=\x1aM\x8f\
\xbe\xc7{\x8f\x15\x86^\xaf[.@9\xb1\xf7\x1d\xd3\
\xcc\x88^\x8f\x91\xf3A\xf8M/\x1c\xc2\x83r\x12\x84\
\xc5)\xc3s\xe7\xbf\x89%\xad\x14\xea\x9c\xbc)\xa1)\
\xaa8\x0b\x91\x85\xd3Bf\xd1\xb4\x02\xbe\xe5\xa6\xb7\xd3\
\x94-\x10.\xcb\x22v\x1a\xe1\x1dJX,\xbe6(\
\xcd\xd2\xfa\xd6\xa59\xeaH\xee\x8e2\x82>(\x18\xd7\
\xd59\xcfz\xddI\x81q\x0e\xa9U^\x1a)#\xd6\
\x93\x9eaua\x9d\xdbW\xef#@\x83\xca\x06\x9cl\
\x0d\xc1\x810\xd8\x1a\xfd\x5cH\x09\x12bz\x5c\xdaz\
\x96\xe6\x82\x225 E\x03g\x937<@\x97El\
\x0b\xf3$\xe7PZ\x10\x9b\x01\x9d\xc1N-\x8ac\x96\
\xb9\x17dJ\x8e\x838\xda\xcd\x05\xd0E\x16\xe1$\x8a\
c\x5c\x04=)A\xa5x\xcda\xe9\x0d\xba\xd8J\xa5\
^\xe7\x5c-\xf0yCp\xd0\x95\xa9\xac\xf1\x06\xd5\x84\
\xe7^y&3M\xf2\xf5\xbe\xafX\x08\xa9\xae\xacK\
a\xc1\xc3\xb7\x9cy\x98e\xbd\x82\x12\x1age\x1e\xa1\
9\x84p\xa5\x19\xcf\x09\x07}|\x1c\xb4\xf5\x0e+<\
:\x08\xb0\xd6\x81\x13\x04\x84H\xab\xb9\xe3\x96\xbbYj\
\x9cF\xe0\xb0\xb9uX\xd6\xff\x8aj.5<\xa1s\
?\x89K\x9b\x17\xd9\xdc\xb9\x88\x0f\x0c\x02\x85D\x22N\
\x22\xe8\xe1\xe8\xd8\x83Mc\x84\x02\xe3R:\xbd\x9dZ\
\x09*\xd3\xfaw\x81\x97\x85o\xfe\xb1g\x12\xce\xaaZ\
<\xad\xfe\xdb\xf8\x05CCj\xe2\x1c\x8c\xdc\x10\x8f\xfd\
z\xa8\x0a|\x14\x91t-\x9e\xcce\xa3\xbb\x0e%\x97\
\xb7.e\x00]\xd3\xce\xac\x9c\xb1\x00\xc6&y\xe7\xf6\
 \x0c\x1bK\x1b4\x836Z\xc8\x8c\x0f\xf5\x12I&\
\xa1:\xe8\x1a\xc0Q\xe8[\xe7\xd1+\xd7\x89\x9a\xe7\xe5\
\xc0\xaf\xd7o6.\xc5xSR\x86x\x89\x92!\xa1\
jr\xdb\xcdw\x80\x17X\x93\xe0|\x82\xa7(\xbe\xe0\
\x87*\xbeO\xc5gcp\xc0\xc5\xab\x17\xe9\x0e\xb61\
.\xc92\xe4\x8aH\xfc\x8d\xbe\xa9\xbc\xaa\xb7\xc8\xa8\xc4\
\xc2\xed\xcf\xfa,7\xe3\xa0\xeb,\xa3}\xaf\xa8%z\
\xac\x00]\x05\xcf*\xad!e\xf6\xc3\xfa\xfd~\xf9\xb7\
\xec\x87\x8a}\x9f\x1d-\xbd\xe3\x8c`\xd3\x5cF\xb7\x1a\
\x84\xfd\x90\x96\x1f \x9b\x92\xbe\xd7\x84*\x1d\xcb\x1a\x8d\
\xd35N\xf3\x84\xae\xe3\x091\xe9\xf9\xfe\x1b\xe3\xc7z\
DO\xd4I\x8b\xea`SI\x9f(\xf4\xc53\x16\xc6\
R\x1b\xd2l\x18L\xd2E\xb9e\xd0!\xe7;_\xe2\
\xe5\x9d'@\x8a\x5c\xa2hp\xce\x0c]\x0fk\x186\
H\x82L^\xa7\x1aT\x95\xc2\xca\xc1\xbb\xdf\xf2#\xa4\
\xbb\x80\x08\x11M\xc5@u\xb1\xf12M\x95\xee\x01A\
\xfe(\x84\x18J\x97\x9e\xd6(G\xb9b\x97\x9f\xd0\xb0\
\x14\xce\xe3\x84\xc7Kr\x13\x9f\xca\xe3\x88^z\x16\xc7\
<\x9e\x22\xda\xbfW\x8f5\xaa\x93.\x9eWu\xd2\xc5\
^\xfdl\xdd\xf6\xe3\x04Y\xf4;\x8e\x0f\x07R\xe9h\
\x85\x01Ig\x8b\x85\xe0\x14\x89\x89\xb0\xd1\x0b4\x82.\
\xef8\xf5S\xa0A\xe9\x06\xa1\x88\xd0\xf9T\x19\x02d\
F|\xcc\xc6\x1f\xadH\x1c|\xe5\xfc\xa71K\x97h\
\x84\xa7p\xdd\x10\xaf\xfa\xa45V\x09\xa7\xf9g\xcf;\
k\x19\xff|\x82F\xb9\xe6\x0d\xae\xd3\x7fGkLV\
g\x92\x96\x08e\x1d\xce\xf7\xd9\xa5\x8bj/\xa3\xfa\x01\
\x22M\xb9b/\x12E\xcd\x12&\xabr\xbc\xc2\xfb\xbc\
Z%}\x5c`P\xa8B\xda\xed,)\xacZ\xaf\xf5\
X\x00z\xd2\xff\xa7UN\x99\x14QgS<3\xe6\
\xfd\xf2@\xa3\xcd\x0d9\xc0\x0b\x99\x9b\x80\x83\x14\x999\
U\x9a\xa6\xbct\xfeyP\xe4E{\xb3\xdd\xb9=7\
A\xa5\xa9'\xc3\xf2p\xeb\x99\xdb8\xb5p7\xc2\xc6\
8\xb7\x83\x94\x0bx\xe9Q\x81>\xd09_\xcf\xc8\xf5\
\xf54\x13\x1a\xb7\x85*\xbb\xc6RE\xc4.F\x861\
\xfd\x1d\xb8\xff\xdc#,\xaa#\xf8.'\xb0x^\xb9\
\xf42BB\x9a\x0eP:\x07\x19\x15\xbc\xe1\xfb\xd7p\
\x16\xad,\x07\x05\xef=\x895Sgk\x07\xa1\xd7&\
\x15\x189R\x80\x1e\x17-N\x03\xefi\xc7\xb36\xc5\
x\x9bE&\xf9\x14o\xde\x1fq\xa3sd\xa9KQ\
A\x96\xb9)\xbdDH\xcf7\x9e\xff\x1a\x89\x8a\xf75\
\x94=\x93\xf1I\xd9U\xfb'$\xa7\xa2\x9bx\xe0\x96\
\xef\x84\xa4\x8b\x10\x1dl\xd2\xc2+Kl\xcd\x5c\xa0u\
\x90\x14\xdf\xba|\xdeQ\x02\xe3<\xa6P\xc7=\x88H\
'\xb24|\xdd&\x951*\xec\xa2\x93u\xde~\xd7\
\x07i\x1c\x01\x05\xe1\x94\xe6\xe2\xf6K\xbc|\xe1Y\x1a\
\x8d\x06\xde\xf7\x09tV\xc9\xda;u\xd2\xc1\xf2,\xe0\
\xac\x98P^\x05Gx\x8c7\x0c\xe2~\xed6:\xab\
\xbd\x8df!\x1e\x1b@\x8f&\xa2\x8c\xfb\xe2\xa9%n\
F\xa2\xed\xd4&X\x9bb}6\x0d\x1c\xfa\x01'\x99\
\x84%\xcf,u^-\xd8\x09Z\x8d\x88\x17/?\xcd\
\xe5\xe4\x85\x8c\xc74\x06\xef)\x05\xf1\xe5\xf4\xcd\xd5X\
\x04\xb2\x80\x0bx\xfb=\xdf\xcb\x92\x5cD\xda\x18c\x02\
\x84\x96\x18{\xb8\x9a\x90\x07YP\xab\xeb\x00x\x18\x15\
\xc7\xbc<\xf7q\x82\xb57)^8\xacP\xc8P\xe0\
\xd2\x1ew\x9dz\x98\xbb\xd6\x1e\x05wx\xb30#\xe1\
\xf1\xa7?G/\xb9F\xab\xd9F\x0a\x8b\x90\x06g<\
\xd6\x9e\x04A\x05\x1e\x09\x91\xd5\xf1.\x9e{\x1c\xddx\
w\xee\xe8y\xf4=U\xb7\xcf\xeb\x1eA\x8f\x82u\x9d\
\x08z\x14\xc8\x13\x1bc1\x99\xf7\x04\x0c\xf1\x9ao\xc4\
\x12<\xfbnx\xeedg\xa5#u\x1eo\x04Q#\
`\xbb\x7f\x99'/\xfe\x05\x90-j87\x9c\x96\xea\
\xf1y\x89\xa4\x19[\x00$\x92s\xed{x\xe0\x96\x87\
I\xbby\xa5va\xe7\xae\x1c=\x09X\x8f\xa2\xea\xf5\
Q\xb4\x89y\xdc\xf1\xe6Md90\x85\x85@J\xcd\
 M\xb2\xe7}\xcd\xc3\xf7\xbc\x97\xa6\xd7s\xd6\xb4\x1a\
\xbf\xc5\x18\x1e\xfb\xfa'\x89\x16@\xab\x168\x83w\x09\
x9\xe4u\xf1\x86\xed_r\xcf\xf6X\xa1\x10.\x07\
h\xe1\xe8\xe5\x8b\x84\x93\xbc\xcd\xeb\x04\x13\x05@W\x17\
\x09\x8f\x15\xa0G\x93S\xaa\x11\xf4$\xad\xf3\xb4\x9a\x84\
\xc6\xc7\x18o\xf2\x85(\x95\xf3@2\xf3\x13\x17'\x11\
\xb4\x12\x12\xa5%\xc6\xe7e\xdb-H\xef\x89\xc5._\
~\xf63\x80E\xe5\x09>e\x9dZ/\xb0\xc6S\x8b\
\x84V\x8eP\xb7\x88<<t\xf7\xfb\x09\xd2\xd3(=\
 \x8d\x13\xb4\x0c\x0e\x04~\x07}~\xd0\x0c\xc4\xc3\x82\
t\x1d\x10?.\x90\xd6:Sm\xa4\xa6\x87\xb2p\xb6\
\xf5\x16\xdet\xf6\xa1\xac\xfd\xab\xc3\x03\xe8\xf9\xc1\x0b\xbc\
p\xe5\xcb4\x964\xf1@fV\xa5\xd6\x02\x22\x9fm\
\x9dP\x88\xc2e\xd5eD\xee\xfa'\x95\x00\xe9\x89\xd3\
\xfe\xccA{V\xbb\x195V\x9af\xc9|(\x80\xbe\
t\xe9\x92\x1fW v4\x82\x9e\x14QO\x02|\xe3\
3\x0f\x8e\xfd\xd1\x8c?\x89\xa0\xf3kb\xbd'\xb5\x86\
 \x08PB\x93\xa6)\xba\x05\xcf\x5c\xf8\x1a\x17.\xbd\
\x08\x18\xa4\x04c2ms&\xb8\xafw{=1R\
B\x1a[\xee9\xfd(o\xba\xe3]\xa4\xe9U\x02\x19\
\xd41\xcb\x9b\x0b`\x0f\x1a-\xdf\xc8\x1c\xb4\x13\x1e\x87\
Fch\xd1\xe2\x1d\xf7\xfc5V\x83\x9b2\xbaO\xe8\
C\x1f\xff\x0b_\xfdS\x12y\x19\xdd\x80\xb8/P4\
QB\xe56\x01'\x01P\x96\xbc\xe5\xf6\x16\x09]\xe1\
\xa4\x07I%\x91\xa7N\x91\x86\xa9@{\xc0\xd9\xca\xa1\
T\x1c\xf3R\x1ac\x1b\xa8sY\x9a\xab\x98=J\xbd\
\x117\xe9\xb3\x8a*\xc6\x19\xc2\xa0\x81\xd6\x1a\xebR\x1a\
\xad\x80\xed\xfeU^|\xe9YR\x1b\x03\x95\x91\xd9\x17\
\xb7v\xf6\xed\x8d}/\xf3\xe8p1\x01M\x1e~\xeb\
{I\xcc\x0e\x0b\xedE\xfc\xab\xc8Q\xce\x02\xfdy\x92\
N^\xcb\xea\x91\xd4&X\x03\xa1\x86\x96j\xf0\xe0=\
\xefF\x11\x80\xecb\x8e\xe0\xf8\x8f?\xf5\x18\xbam@\
:\x9c\xd5\x84A\xab4\xee1'\x99\x84#tb%\
\xf2\x95\x99\x08\xef mf\x1aevl\x14\xc7\xc6\xc6\
\x86\x18\x97\x9cR\xca\xe5*\xc5b\xad\xb5\xa5\xbd\xde$\
\x9a\xa38icR\xbab\x97\xa6[\xa2\x99Xzb\
\x80\xd1\x11\xd2v1\xb4kw\xc0:\xe9\x96c\x07\x10\
\x97\xed#\xc3\x06\xb5U\x10G\x0dH\xa8r\xc7K\xac\
\xf4H\xdb\xa6%\x17I\x93-,}P-\x92X\xb1\
\xd8l\xf0\x89\x8b\xff\x0e\xab\x16\xb0\x83\x80(\x82T$\
$\xc2\xa0\xc2\x98:=\x5c\x0e\xd6A\x81j\x05Hc\
x\xdb\xe2\xb7\xf3\xde\x8d\x7f\xc4\xe5\x17w\x10g\xae \
\x8c\xc3[\x90A\x88\xf3)a`h\x84);\x83M\
LC\xef\xbb\xbfugO\xb3\x1a\xf5\xb8\x86<v\xf0\
\xae\x9a;\x8f\xd9g-\xee\xec\xab\x18\xbeo\x86Q\x8d\
v\xf7,L'\xc9tG\xbf\xcf\xb9\x16\x81n\xa2\x84\
\xc1\xfa\x1eJzt\xa0\x10\x12\xbcH\x194BR\x7f\
\x89\x85\xfe\x0a\x1fx\xe0\xbf`\x95\xb3\xe0\xc1\x1aQ\xaf\
s\x9a\x14\x0f\x0c\x80\x9e#\xf3\xd7p}\x06\xbe\xcf\x97\
/<\xc73\xd7\xfe\x80Fc\x0da\x02\x1a\x8d\x1e\x89\
\x89I\x09\x08\xdba\x9e9:#U\xd9\xcb\xdc\xc8~\
\xf8\xaa\xec\xf3\x86\xae\xc9\xc9N\xa2K'\xd2H2\xb7\
&\x10>{\xe4\xb0UY\xe4\xf0\x9e(P\x10{\x85\
\xd1\x1e\xf4..\x09\x91f\x95\xc4^\xc1\xda\x14\xa5\xf6\
T\x18{\x91\xb0D\xebp\xec=\x1f=G\xef}.\
\x87\xcd\xf2E\x9cs\x5c\xbcx\xd1\x1f)@\x9fl\xaf\
\xcd\xed\xc2\xb5K|\xe5\xa5/ #\xf01\x04e\x22\
o\x13_c|\x09\x1b\xb94\x0f\x85\xd6\x1a\x81\xe6\x9d\
\xdf\xfa.\xce\xae\xdfC\xf7b\x96@\x12D:\x03<\
\x19\xb1\xb3\x930\xe8y\xd6\x97\xcf\xe0\x12{r\x03f\
u0\x91`]\x8c\x10\x8a@\xb7q^\x93\xc6\x92$\
U8\xdf\xa4\x198\xe2-\xc1\x9b\xef~7w\x9c\xbb\
\x1b\x01xc\x08t\x83Z\xb9\x82..\x07\x12\x8d\x07\
\xa7H;\x0e!$\x9f\xfe\xd2Gh4\x1a\xe5\x02\xd5\
8p<\xd9\xa6\xcf\xb4^\xed\xe2\xb7\xd7\x0d\xa0\xc7E\
D'Z\xe7\xc3o\x9bi\x87/>\xfd1R\xe1p\
&\x00\xef\xb2:\xce^b\xd5\xa0F\xcb\xcc\xd2\x8d\xad\
\xcd\xf8k\x9f\xc2\xd9\xd6m<r\xff{\x09v\xd6P\
\x81\xc4)\xd8\xea\xee\x82\x0eh\xb5\xd6\xf0&B\xd9\x10\
mO\xc6\xf7Y[\xa0\x13\x9c\x89\xb1^\x22d\x03G\
H\xea\xb3$\x11\xa9\x22\xe8t9\xd3\xba\x97w\xde\xff\
AZ\xac\x02&38\xf2\x12_G\x87\x1ejR\x9b\
\x89qBi2uF\xa3\xcdU\xb3\xc9\x17\x9f\xfe]\
\xda\xed\xf6\x90uoa\x08T]\xe0?\x01\xf2N\x1a\
\x9d\x00\x00 \x00IDAT\xe6\xfd\xf58Gg\xfa\
u-\x04\x8e\x1a\xb4\x8f\xfd\x0e\x8d\x02\xf3a\xa6\xc1'\
\xdb\x98\xad\xa9y\xe6\xea\x17yy\xf7)T#\xa7g\
\x5c\xa6\x82\x11\xaa\xce5v\x84A\x88C\x80\x03\xad\xc0\
'\x82G\xef|\x1fo>\xf3\x9d\xf4:}\xa4\xf0\xe8\
@`\xbd!l6\xd0:d\xd0\xef\x12\xca\x93{8\
kSZ\xe4\xaa\x1a\x81q\x1e/\x0c:4\x04\x81\x01\
\xfa\xe8\x8e\xe7\xaf\xbc\xe5\x83\x9cm\xbd\x15\x93H\xc0f\
szGn\xe0?\x83\xe1@`\xad\xcf\xd3\xbe\x0d>\
I!\x80?\xfe\xc2\xc7\xe9\xa9\xe7K\xa5F\x91\xc0T\
\xa4+\x9fT+\x9a\x0c\xaaU\x8c\x1aM\xe3\xdeGI\
\x1e\xf3\x9a\xd9\xc9\x10\xfaz\x8f\xd0\xc2\x90\xed\xe4<\x9f\
\xfd\xdaG1\xca\xe5\xd4\xb9'M\x19\xeb\xe7\xbco\x00\
\xa5R\x80Adse\x97HZ\xac\xf2\xde\x07\xff:\
m\x96\xb1=\xc7\xcar\x1b!\x0d[\xdbW\x10\xca\xa1\
\xa4\x03N\x16\x99f^_#\x91\x22\xc0{\x85\xb5)\
B\x0d\x90\xb2\x8fKw1\xfd.o\xdax\x07\x8f\xdc\
\xf3^t\xfe\xdebV\x93\xd5\xc5\x98}\xff\x1c\x0a\xa9\
2o\x09;\xb0\x88f\xc0\x95x\x9b?{\xfcc4\
\xd7\x86=p\xaau\xffN\xb2u\xe7\x03\xf0YZ\xe8\
\xd7=\xc5qBm\x1cS\x84\xe64V\x1a\x9ex\xf1\
\xb3\x9cO\xbf\x89W*+\xcc\xea-\xd9\xc4w\x16\xc3\
!p\xde\xe1\xc8\x01\xdayZ\xad&&\x81\xbbO\xbf\
\x85\xf7?\xfc7a\xa7I\x7f\xb3O\x18\x08\x8cKp\
X\xa4\x96\xb9z\xe4d\x9b\x1a\xe1:\x8fV\x8d|\x00\
4Ha\xf0i\x02\xb1b5\xb8\x99\xf7\xbc\xe5Gi\
\xb3\x847\xd0n\x06\xf9\xc2\x9d\xcdj\x10\xd6\x01h\xab\
\x89\x94\x03o1>$\x16\x8eO|\xf9\xb7\xd81/\
\xd2\x88\x16\x86<\x88'\xcdf\xdf\xd0\x03\xe8\x84\xc5\xe8\
q\xe0<\xfa\xb7q >\xed\xb8\xafi\x80>\xe1\xa0\
\x8f\x09\xa0S\x08e\x93\xcd\xe4\x05>\xff\xe4\x1f\xd2\xcd\
\x5c\xf7QA\x8fZ:\x00\x0fij\xf7\x9c\xe3H\xb3\
h,\xb6($\xef\xbe\xe3o\xf0\xf0\xed\xef\xc1w\x03\
L?eqq\x11\x87$\xb6\x16\x7fb\xb63\x1b@\
\x9d\xcb,-\x01\x89 @#\xe2\x06\xa7\xa2{\xf9\xf6\
7\xfd\x10w\x9fz\x0f\x1aI\xa4\xd3\xbc\xb3\x07X<\
\x1eS\xcbN4\xf4\x00)\xd6\x1aD\x14r\xd5^\xe3\
\xf3O\xfd.\xcd\xe5>\xd2-\x0e\xa5\x1aW\xa9\x8dQ\
#\xfa\x13\x80\x9e\x0e\xce\xf3\xe8\xa0\x8f\xf2\xba\x9eP\x1c\
\xaf\xf3M\x1a\x9fuj\xd5\xe5\xb1\xaf~\x86\xed~\x1f\
\xef\x0d\x88\xb8\x96\x8a\x03 \x0a\xa3\xcc+\x1a\x83\x08\x04\
\xd8\x98\xf6\xc2\x02\xce\x81\xf6K|\xef\xa3?\xcc\x1d\xb7\
\xdc\xc7\xd6\x95]\x84\x90H\x15a\x9dF\x05\xcd\x93\x1b\
0s\x8al\xf3T\xfc|a\x8e\x10e\x168\xb3\xfc\
\x00\x8f\xdc\xf1C\x90@\x9a\x18\xa0K\x9c\xa4\x90\xdb\xac\
\xa6$\xd8\xba\x1d\xd8\xa7X\x97\xe2%|\xf9k\x8fs\
~\xeb)t#\x86$,+J\x17\x0b\x85\xd5\xc5\xc2\
\x13\x80\xa6V\xc4{\xd8\x0c\xd8\xeb\x0e\xd0\xd5\x0a)\xc5\
\x8f+F\xe8\x82\xeb*\xfc\xa0\xab+\xa1\xe3\x0b0J\
\x9a\xb6M_\xee0\x884-\xdf@\xa5\x03\xacl\xa1\
\xe9\xd6\xbe\xb0\xb5\xb5\xb8\xc2\x0f\xed\xa5\xcer\xdfe\x91\
\x5c\xcf\xf1k\xcfT\xdf\x96{\x96\xea>\xce+W\x96\
\xfb \x1a0Ha\xa5u\x86W6?\xc7c/\xfe\
\x02]\x99\x22\xfc)\xb4\xcf\xbc\x90R\xef\xb0Y}p\
<Y'\x8d\xe34\xd3f\x09\x8d s\x87\x0e\xf2\x7f\
\x09\x9a  \x90@\xfa<k\xdc\xc1\xf7\xdc\xf7\x0f\xb9\
w\xf9Q\xe2\xeee\xbc\xba\x0c\xca\xe1L\x83\xc8;\x84\
\xb58\x1cV\x1b\x8c\x1edZm\xeb\x08k\xe8\xd8\x0f\
\xd2\x89\xc6\xd9\xdc\xd6\xdd\xa75\x87q\xde\x17\xd5\xae'\
=e\x9d\xcc\xe23i\x1a \x84 \xd0\x06%\xfbH\
?@\x03\xca{0\x09&X\x22\xee\xef\xb2\x18\xc44\
5\xecl;n\xbf\xf9\x11~\xf8\x91\x1fc-^\x80\
\x10\x82\xb0\x0d\xac\x10EA&\xdfF\x13\xd2BCY\
ht\xd2\xb6\xad\xb7@,\x10\xba%Rg\xf9\xe5?\
\xfd\x1f\x09\xeeK\xe9\x9a.K&\x02(k\xe1\x15\x91\
t\xb5\x0f\xcf\x1ea\x1cb\xdfb\xb0\xc8m\x05\xc4\xd8\
\xfbRG\x080\x9a\xb81\x89z)\xf3\x14\xbc(\x03\
\x8e\xc3\x09\x0d\x86\xfd\xe4\x85Li\x04\x0d\xb4K\x90N\
\xe0\xdc\x12\x09\x1d\x84\xde\xa2\xa5N\x13\x86a9\xb0U\
\xcb\xfc)\xa5\x86\xa4\x8a\xa3\x91vu\xd6R\xe0a\x15\
\x13kg \x1e7\x8f<k\x94\xc9@[\x95\x0d\xff\
\x84\xf6\x983Bs\x82F\xa4\xd9\xde\xdd\xe1\xa6\xb3\xe7\
\xf8\xd4\xe7?\xc9\x85\x9d\xaf\xe1\x15\x988\xab;\x98U\
\x8d\xf6x\x97M\xb4\xb3*\xc3A-\xab\x0e\xado\xc7\
;\xcb\x9d\xa7o\xe6\xbb\x1f\xf9\x10\x8b\xf6\x0e\x06\xdb\x03\
\x16\x17=\xb1\xd9\xc5\x88\x00T\x03%\x1bh\xd7@\xfb\
0\xf3\xa6\x16\x9e\xd4u\x8el\xe0\x9a'\xe2\xa9\xfb\xbe\
\xa3hk\xed\xb6\xc29Ko\x90\x90\xc4\x02\xe7\x1a8\
\x17\x02\x0dd\xb0\x80L<N\x1b\xd2(ewg\xc0\
\xed\xd1\x9b\xf8[\x8f\xfe\x18m\xb1\x80\xd5i\x8d\xeb\xaf\
K0\xa8\x96\x8b+\xf66\x11\xf1@\xe2#\xf8\xdd\xcf\
\xfc\x22B\xef\xe0{M\x16\x1ag\x18\x88k'\x1dd\
\xc6f}v\x1d\xfd\x08^y\x0f\xaa\xe2E3\x8d\xde\
\xa8U[t\xc4\x0a\xe3X\x22\xe8q\xbe\x1b\xe3\xbe\xb8\
\xce\xf4\xa9hlZh\x94\x18W\x0e\xe6d\xfaU\x8b\
\x9e\xf0!\xc2\xc7x\x05\x034\x97\x07\x17\xf9\xd4\x97\x7f\
\x03\xcbeT\x90q\xccZ\x0a\xb4Ph\xa1\xca(D\
\x08\xeaUv0`\xd3\x84\x10\xc7[\xd7\xdf\xcd\xfb\xdf\
\xf6c\xdc\xd4\xbc\x93\xce\xe6&\x8d\x86\xa3\x8f\xc7\x88\xcc\
[X\x18\x89H\x03\xa4\x0f\x91\x81\xc0iS\x1b\x18\xa7\
-^\x1d\xb5\xe2`\xd6zH\x9dRn\xe5\xeb\xb6\x87\
\xf3\x06)\x22\x94^B\xa8&\x89\x83\x81\xb1\xa4\x06\x5c\
\xd2gay\x81\xdd~\xc2\xb2\xbe\x95\x1f\xff\xde\x9fb\
\xdd\xdd\x8e0\x1a\xa3\xe6W\xc1T\xa33)%\xda6\
\xd1\x11|\xa3\xf3\x0c\x1f\xfb\xcb_!j\xf5i\x9ae\
\xb4k\x13\xeb\xdd\x93\x0e2\xb3-\x88\xd2\xd5\xd5{\xbb\
\xe7\xcb\xe1\x04\xa1\x8eff'\xd7\xad\xea^\x955\x0a\
!\xd8\xd8\xd8\x10\xc7\x0a\xd0E\x83\x9d\xc4i\xd55\x14\
\xd1\x22B\x0b\x8d\x14\x22\xaf\x91\x96-ry\xc1\x0d[\
8\xf6(7\xe5\x05\x02\x8f\xd4\x8a\xadn\x9f\xd3\xe7V\
x\xec\x1b\x1f\xe3\xf1W>\x89\x0b\xc0\x15~\x1aE\xb5\
-\x97-\x0a\xfab\xce>\x0b\x9f-Da\x13\x97X\
B\x1b\xf2\xc8m\xdf\xc3\xbb\xdf\xf4\xb7h\xbb[q\xbd\
\x14G\x82T)J\xc5\xe0S\xbc\x05a\x03\xf0\x0a+\
&\x03\xdf< x\x94\x11\xefA\xbec\xdao\x88\xe3\
\x18\xe55\x81n\xa3t\x84\x95\x0e\xaf\x12\xa4\xcev\xd5\
\xb4t.\xf7\xd8\xe0^\xfe\xde\x07\xff\x19\x8b\xfe\x0c\x0c\
@J\x85\x22\xacE'N\x0az\xbc\xf70\x80T\x18\
~\xeb\xb3\xbf\xc0\x8e\xba\xc0B\xab\xc9\xa2n0\xe8\xf5\
\xb1'k\xb8\xb3\xafo\x9e\xbe_P?\x0a\x81\xf4\x99\
\xd9X\x14\xb5\x0e\x5c\xefr\x5c\xf1\xd8jj\xfbu\xe1\
\xa0\xab|J\xd5vt\x9e\xd20\xa1\x8aP\xe8\xb2\x92\
\x8ap'2\xa0y\xef\x85\x94\x92\xc1`@k\xa1I\
\xe2\x07$j\x97O\xfd\xc5\x1fp)y\x05\xb4\x01\xe1\
H\xd3,\x9a\x95\xa2b\x0a#gW\xd4\x90Q\x06\x10\
\xa1^\xc2']\xb4\xd5|\xdb\xb9\x0f\xf1\xddo\xfb\x09\
Z\xf1*\x12\x03\xbe\x8f\xa0\x87PI^\xefM\xe2\xac\
\xc499\x13\xe0&E\xc7\xd3^?Jp\x9e\xf5\xfd\
\xb3\x06\x98@\x85(\x15\xe1\xac\xa0\x9f\x0c\xb0\xaeC\x18\
\x0e\x08\x82\x04E\x8c\x17\x92%s\x96\x1f\x7f\xf7?\xe4\
\x0c\xf7\xa1d\x83~8\x00\x01\xda\xcc\x8f\xa0\x05\x9f\xec\
\x9c\xcb\xb8\xe9\x10\xbe\xf0\xdc\x1f\xf0\xa5\xe7?\xca\xe2\xe9\
%\xb4l\xe3m\x0f\xa1\x068\x7f\xb2\x88;3\xe8\xcc\
\xf2ns_\xe8=\xae\xdfYhM\x01\xe8iA\xe8\
\xb8\x81\xb4\x90;\x1e+@\x8fF\xd0E\xda\xe8<\x11\
s\xb5q{\xef\x09T\xc6Y\xcaJ@W\xfe\xfdd\
\x95y6@KG<0\x84:\x22\x94\xb0\xb3\xb3\x83\
l\xb4ya\xeby\xfe\xf8+\xbf\x8a!\xc1\x92\xe2D\
\x8c\xb5\x0e\xc4^\x85aW\xc3\x0cJ\xca^I\x8b\x04\
M\x855\x09\x11\x92\xb7\x9f{?\xdf\xff\xf6\xbf\xc3\xb2\
\xb9\x09\xdd\x0f\x88\x07\x03R\xdb\xc7\xebLV&\x84B\
{17\xb0\xd6\x91b\xce\xbb0X\x17\xec\x0fr\x8e\
J)\xbc\x13X\x0fBZ\xb4\xb28\x1b\x93t\x13\x06\
[\x96\x9b\xc2{\xf8\xb1\xef\xfd\x07\xdc\x16>H\x107\
3#1\xed\xe9\xf5;\xd4\x91iT\xfbRYo2\
Weh\xad\xb9\xe07\xf9\xb5\x8f\xff\x1f4\x17\x0d\x91\
\xd2X#\xe9\x0d\xba\xb4ZQV\xe9\xf6d\x9b\xd1\xc0\
s\xb0\x95\x12K\x05@\x1d\xb4\x1bK33\x09gq\
\xd1\x05F\x1eT=sh\x8ac\x5c\x9d\xc2:\x80\xbd\
gd\xad\xd1B\x95\xe5f<'\x06<sET\x81\
#q\x8af\xd4\xa2\xdf\xdd\xa4\xa9#\x04+\xa4\x81\xe5\
\x0b\xcf\xfd\x0e_}\xe1q\x0c1:\xd4 \xed\x10\xb5\
_\xa7\xa2\x92'\xc2\x91\xe2|\x0a\x04DQ\x84\xb4\xd0\
\xb4\x01\x8f\xdc\xfa\xd7y\xf4\xee\xbf\xc1\x1d\xab\xef \xf4\
\xcb\xa4\xb6\xa8\x80\xed\x10\x18\x82\x09\xf7\xf2F\xe2\xa0\x9d\
O0v\x80\x94\xd0\x8aB\x84\x13\xd8\xbebI\xdc\xca\
\xdd\x1b\xef\xe2C\x0f\xfc$\xe7\x1a\x0f\x22\x95\x02\x9d\xcd\
\x18\xd3\xce\x80V\xabAZc\x80\x1c\xd5\xe8j\xbd\xe7\
\x11\x1d\xc71\xbf\xfd\x97\xff\x9e\x97w\x9eg\xad\xbd\x8a\
JRL:\xc0\x89\x16\xc6j\xb4<\xc9\xf4\xac\x03\x81\
E=\xd4R#\x8eBJM\xb3\xd9\xda\x87m\xf3d\
\x12V\x95*\xd7\x95\xe28\x0a;\xc92\x02\x19kJ\
\xeeNRQ\xeb\x02\xb4p4[\x8b\xc4\xbd\x18l\x9f\
f\xd4\x22\xd2k\xf4m\xca\xb6}\x9e?\xf9\xdc'\xd8\
\x8c\xaffe\xc5\xf2\x0a5\xc6\x18\x04{\x15\xa5g\x8c\
\x00H\x05B9\xac\xcb\xde\xaf\xd5\x0e\x81H\xd0\x83\x88\
w\xdf\xf3\xc3\xbc\xed\x9e\xf7\xb1\xbet\x072\x5c\xc8\x04\
\x82\xde\xe0m\x02fp\xe4\x1c\xf2\xab\xbd\xed\x03v\x0c\
\xc6\x1b\x10\xd9`db\x87H\x9a\xdcq\xf6[\xf9\xde\
w\xfd\x1d\xee]x\x07!-\x06\x22[8\xc4B;\
Z\xa5\xdb\xe9`\xa3\xd9*\x8e\xaa\xa1Q\xf5\xf9\xf6\xf6\
6\xe7\xcf\x9f\xe7\xb7\xff\xec\x17\xb8\xf9\x8e\xb3\xf88\x22\
\xc0\xe1E\x9f\xe6\xc2i\xb6w\x0c\x91>\x09v\xe6\x19\
\xac3\x8ac/\xb1'\x8a\xa2\x03W\xf2>\xaa\xac\xc2\
\xb9\x01\xba0\xfb\xde\xf3\xbbu\xe5To4;i\x5c\
\xc4\xbd\xef\x02\x09\xc3\xe9\xe8\x0cI\xa7G\xdaJ\xe9\x89\
\x06\x11\x11*\xed!\x83\xc5\x09\xa7\xbc_\xa7<-J\
\x1f\x9a\xe6\x16z\xca\xdc\xd0\xb7N\xa9\xae\xe1c\x89r\
/\xbe\x7f\xaa\x0e\xd4\xcb\xca\xf9\x15;\xa5\x8ey\xdf\xe7\
\x0a\xff\xdd\xf21+\xc73\xee\x11\xefQF\xe3\xd2\x0e\
J{\xb4^a\x90\xa4\x18\xae\xd0\x0c\x05mq\x1b\x9f\
\x11\xbf\xc4\xef?\xf61\xb4\x0d\xd1>\xf3\xea\x90\x91f\
\xe0\x12\xea\xa4\xaa\x09\x05\x82\x00AT\xa9\xc0\xb4\x84\x94\
-h\xc0\xd2\x15\xcdw\xac\xbc\x9f\xbf\xfd\xc8O\xf3\xe6\
S\xdf\x81\xe9:\x92t\x1b\xdd\x14\x88p\x81~<@\
*O\x14\xfa\xcc\x83\xc2\xf7\x11J\xe0T\x83\xbeo\xe2\
<X\xe7\xb1\xcec\xac\xc3:\x8f\xf3\xe0\x11 d\xa9\
7\x96\x88Q\x09{\xb63c\x1f\xf3\x99\xea\xb1\xa6\xd1\
'\xce9\x22\x1f\x12*\x85\x10\x8e\x81s\xc4.\xc0\xcb\
\x16B{\x9c\xd8\xa2a\x05\xcd \xc4H\xb86\xe8\xd2\
h-\xf2\xbe\x07\xbf\x9f\x1f\xb9\xef'\xb8\xbf\xff\x00\xe4\
j\xc6\x06\xd0\x88T!8\xa7\xbd\xb0B\x83h\xf6\xf8\
H7\xa3B,l\xc7\x06o\x80\x04z\xadm\xfe\xc9\
\x1f\xfe\x14w\xdfr\x06\xc9.\x09=\x8c\x88@\x04\xa4\
\xe9eZMO\x92\x84\xe5*\x98\xf0r\xa4\x0de\xe9\
\xe1E;+\xf6\xd1A\xa8\x98\x9eW\xaf\xc94\xdah\
:\x00\x8e{>!\xe7`\xd2\x0d\x9a\xf3\xf8\xfbi.\
Y\xe9\xbb\x92P\xa48)1.`Y/a\xe2]\
\xba\xaa\x03Js68[\xae\xf1T\xd7{\xaako\
\xb3|\xe8\x8d\xc9*!\xed\xec\xec\x94\xc0\xdfl6\x8f\
\x0f\xa0\xa7\x95\xb4\xaa\x8e\xf0\xe3\xcc\xfd\xc7\x1dG\xa9\x80\
@G\xd9\xc9{\xb9\xaf\x22\xee\x8d4R\xbf\x1a\xdf\xb5\
\xd6X\xe7\xf1\xe7\xfe_>\xf5\xe4G@4\xe9\xec^\
E\x91\x12\xc9\x10\xc4\xe1\xa7\xc0~\xbd\x8f\xd7)\x1b\xfa\
N~\xf0\xc1\xbf\xcf\xf7\xdd\xfb\x93\xac\xc5w\xb1}\xa5\
C_l\xd2^\x5c%\xb1\x9aN\x07\xd2\xa4\x85\x14M\
\x94\xb5\xe8t\x8b\x96\xbfL\xe6\x93/\x86\x1e\xab\x03\xd0\
\xac\xeb7/\xef<\xebX\xa3m\xb4+.\x92XC\
h\x17X$`A\xed\xa0\xdd\x15\xe2D\xd2\x1f\xdc\xc6\
\xa5\xa4\x85hZD\xfc\x12\xa7\x936\xdfw\xcfO\xf1\
\xbe;\xffK\x16\xa2\xd3\x10l\x1d\xfa\xfa\x8a\xb8\x85W\
)\xb1\xef\xb2\x1cdIE\xbb\xe1\x0e\xbf\xf8\xd1\x7fC\
hNt\xce\x87&8\xf2:\x84\x88\xcc\xbf&\x0b4\
5\x12E\xbb\xb90\x91\xc2\xad\xcb\x12TU\x1c\x07\xc9\
\xde\x9c\xbb\xe8Y\x01\xc2\xd6Z\xb4\xd6\xe5\x08;\xaa\xe4\
\x18\xc7\xc5\x8c\x93\xa0(\xa1iF-t\xae\x85.\xdf\
+\xb3\xd1\xfaF[&\xccF^\xe6\xca&\x1aU\xcc\
\xcc5\xe3\x89-\xb6\xb1\xc9\xc7\x9f\xfc5\x16\x16\xef\xe7\
\xa1\xdb\xee\xc7\xf4\xb7\xd1\x8d6\xc6Y\xb4:\xdc\xef\xe9\
\x89\x0e\x92&A\xbc\xc0\x86\xbc\x89\x0f\xdc\xfb7\xb9m\
\xf5\x16>\xf5\xdc\x87\xf9\xda\xa5\xcf\xa3\x9b\xdd\xac\xf8l\
\xb3\x85\xf3\x92\xd4\xc4(\x9b\xd0\x0a\xa0\x15\x05\x5c5\xe3\
\x1b\xf7^\xc7\x18\xf7\x9a8\xf0\xb5\x9f\x05\xf2\xa3\x1dK\
\xeaSH\xeb\x10\xae\x8br\x02?h\x91HO\xd8\x94\
4Wb\x12\xe3\xb9\xfa\xe2\x80w\x9e\xfb>~\xe8\xdb\
\xfe.k\xdcM\xda\x05\xd1\x04\xaf\xa3C\xb7_)\x04\
1=Bm\xf1;!n)\xe0\xb7\xbf\xf6\x1b\xfc\xd1\
W\x7f\x93\xb7\xdfu\x1b\x9d#)\x8c\xf5\xc6\xa68\x9c\
s\x08-\xb1\xde\x82\x8c\x10^\xa2\x84fyqul\
\x9f\x9b\x07\xa8\x0bLL\xd3\xf4@\xed\xf6@\x00=\xea\
'[\xa4\x91VK\x8bO\x0a\xf9G_W^\x13E\
\x0d\xa4\xd0X\x07a\xde\xa4\xa5\x94Xg\x8e\xa2\xb0\xf1\
k\x02\x90\xa7\x01\xef< =\xe9s\xa3 ^\xca\x1f\
\x93\x01\xe1\xda9^\xb8\xf6\x14\xbf\xf3\xc4\xcfs\xe7\xad\
\xff\x8a\xb5\xa8\x05\x22\xc6\xd96\x1c\x12\xa0S\x16X\xa0\
\x99\x01}\x0aH\xc7\x03\xa7\x1e\xa2\xd5^\xe2\xdc\xf2\xdb\
\xf9\xcc\xd7\xff=hG\xaa\x13\xac\x12\xc8@\xa1\xa3\x05\
\xd2\xc4p\xf9\xda\x00\xb9\xc8TjJJ1u\xf66\
s^\xe2k\xf0\xc8#S\xe3\xa1E\xa0$`\x90\xee\
\x10{C\x14,\x11\x04mD: \xed\xbd\xc4\xa0w\
\x99u\xf5\x00?\xf2\xfe\x9f\xe6\xc1\xa5\x0f\xd0L%\x18\
C\xd0JAD$i\x93\xe8\x90Zd\xaf!b\x11\
\xd2\x18\xd34|\xfe\x95\xcf\xf0\xcb\x1f\xf9\xb7\xdc\xfb\x96\
\xb3\x10'\xe0N\x94\x1a\x87\x9c\xa3\x0c\xf5\x19\xa9$\xd6\
x\x16t\x83\xe5\xf6\xea\xc4\xa0\xa0.h\x17\xaf\xc7q\
<\x94j\x7f,\x00]\xe4\xa0\x17\xa0\x5c4\xe8\xa2\x06\
a\xb5\xb4\xceh\x96\xe1$\xbe\xc6\x1bh\x86m$\x01\
\xd6\xe5\xfcn.wq\x1c\x1a?^C -\x8e\xa4\
\xcc\xd0$ \x9e\xf4\xde\x86^csS\xa0\xda\x01W\
\xdc\x17\xf9\xd5\x8f\xff,?\xfe\xdd\xff\x15-\xb9\xc6Q\
\x98\xd1-\xdbf\xe6e\xa2\x00\x9d\xe2\x9dC\x12qW\
\xf3A\xee\xb8\xf7A\xee\xb9m\x9d\xcf~\xe9Ox\xe2\
\xc5\xc7P\xcb\x09\xba\xe9\xe9&=\xbc\x08X8\xbd\x86\
\x1dt\xe7\xfa\xed\xa3\x9dAx\xe6\xfe\xfc<\x8b;\x81\
\xb9\x8c\x0e\x97\xb0\xe1:}7\xe0Z\xf7\x05\xa2Tp\
\xae\xfd-\xdc\xbe\xf2\x83|\xf7]?\xcab{\x95\x00\
\x8b\xd7\x12\xb4\x064\xd6Y\xc2 S\xbe\x1cf\x1b\xc8\
\x1e\xcd\xb8\x85\x194\xb9\xb0\xf4\x1c?\xf7\x9b\xff\x0dg\
oi\xd2\xf0\x11\xd7\xcc\x16\x81l\x9c`\xeca\xe0\xd9\
SYK\xf39olYl\xad\xd0\x0e\x17\x878\xe8\
:\xe0<\xe9y\x1c\xc7c\xd7\xe9\x8e<\x82\x1e\x05\xe8\
\x82_\xa9\xfe\xadj\x9e4kdqV\xd0\x08\x9b\x04\
*$q\x99\xd1\xa2\xf3\x0e\xa1\x04\xa2p\x90\xbf\x81@\
\xfa0\x91\xf3X\xc0\x11\xd3A;\xb6\x11A\x10\xe3\xd2\
\x08\x9a\x03\x9e\xdc\xfc=>\xfc\xf9\xb3\xfc\xd0w\xfc\x03\
\xa40Y\x92\xd0!\x1b8.3d\xf2*@\xca\xdc\
\xff\xc3\x82rpw\xf4W\xb9\xfd\x91G\xf9\xd6\xfb>\
\xcb'\x9f\xf80\xcf^\xfc\x0a\x8d\x15\x0d-\xc9V\xef\
\x02\x8b\xbe=UG:\x8ev8,\x9f?\xd64i\
d\xcd\xa4\x88\xaa[b\x91\xd8\xf5I\x06\x9b\x18\x0fk\
\xe1\x06\xf7l\xbc\x93G\xce~\x80{\xd7\xdeJ\xd4\x07\
\xdf1\xb8\xf6\x00/\x1c\x03\x17\x12JA \x14&\xdd\
!\x08V\x0fw\xae8R\x03i;\xe1\xbf\xff\x85\x7f\
Jp\xaa\xcfJ{\x85t7\xc5\x84\x9a\xe0D\xe8t\
\xe8MKE\xeac\x22)\xb1\xde\xe3\xad\xe7\xf4\xda\x06\
\xa1l`\xf2\x9a\x8f\x05\x9eMb\x02\xa6=\xcf\xcc\xc9\
b\x82 @)u\xbc\x00]]\xd1\xac\x9e@5\xba\
\x9e\x8b\x83F\xd1\x0a\xdbh\x1d m\x9e\x85\xe6\x5cY\
%\xe2F\xf3\xe4\xb8\xde\x1ctOtXY\x08p[\
\x1ec\x15\x8b\xa7\x17\xf8\xe3\xaf\xff:\xeb\x1b\xe7x\xdb\
\xed\x0f\xb0\x11\xdc{8\x8a\xc3\xec\x124\xda\x04d\x9e\
\xc7\x89\xc9\xdc\x01\x95\xf0 \x0cn\x10 E\x93\xb7\xac\
\xfe\x15\xee\xfb\xce\x07y\xfc\xc2\xe7\xf8\xd3\xaf|\x94W\
\xb6\x9ecuu\x85\xd4%c\x1b\xf74-\xf2Qr\
\xd0\xd5kZud,\xd4\x0a\x03\xbb\x88\x8dS\x96\xe5\
\x22w\x9f~\x1b\x0f\xdd\xfe\x01\xee^\xfd\x0e\x02\x14&\
\x86\x81\x89i\xb4#\xa4X\xc0:KS\x1a$\xd0\xef\
\xc5\xb4\x9a\xab\x87n/b\xd0$no\xf2\xaf\x7f\xed\
\x9f\xb2\xe5\xbe\xce\xe9\xf6\x0a&uX\xe9i\x06!$\
'\xa5\xab\x0e\x1b`(\xa5H\x8cEj\x85\xb5\x19\x9e\
m\x9c\xba\x89@(\xd2\x09\xbeC\xd3D\x10\xa3\xe0\xec\
\xbd'M\xd3\xb2\x80\xef<4\xc7\xdc\x00=\x1a\x05\x8e\
\x16W\x9cg\x0a\x99\xfd_\x11\x04AV\x96\xdc\x9b\xac\
\xa4\x9es'F\xd5sF\xd5\x93\xc0[/\xed\xb0u\
I\xb1\xb6\xb0D/\x0d\xd9\xe9\x04\x84g\xb6\xf8\x8dO\
\xfc\x0bV\xbf\xe7\x7fb\xe3\xb6\xc3\x01\xb4h,b\xbd\
C\xb8\x8cc\x8bt6\xe7I\xd18\x19\xd0\xd0;@\
\x13l@\xd3\x9c\xe6\xdb\xce|\x907\x9fy\x94\xc77\
?\xc3\x97\xbe\xf99\x9e\xee\xfc\xf9\xd8\x88dZ\x07\x18\
\x02\xd5\x19\x11\xa4\x13\xf5\xe8\x8d\xd1\xef-\xf6\xb4\xd1\xe5\
m7\xffU\x1e\xbd\xf9\xfb\xb93z\x00\xe5\x00\x93\x82\
\x1e\xa0\x22K/\x0a\xb0\x0c\x08}H\x80\x02\xa3@B\
\xab\x19`=\xa8C\xc6\x17M\x14?\xf3\x1f\xff%_\
\xee\xfd\x1ew\x9e\xbd\x95\xb6ms\xcd\xf5qj@;\
U\xa47\x04\x09\xf8\xean\x85W\xb6\x0cd\x9e5+\
Y\x5cXF\xc8\xa3\x99\xad\x154\xf0A\xf4\xd4s\x01\
\xf4\x993g\xc4\xcb/\xbf\xec\xc30\xa4\xd7\xeb\xb1\xbe\
\xbe\x8eR\x8a8\x8eY\x5c\x5c,\x17\x0a\xa5\x94$I\
B\x10\x04$I25\xa2\x8e\xc5\x15V\xe4\xb7\xd0\xb2\
g\xb8\xdc\xf8\x12~\xd0`\xd14Q*&\x89\x12\x94\
\x09\x87:\xce\xf8\x8e\xeb\xf7E_\xb3\x9c\xf7\xcac\xf8\
\xc9\xc7\x9e\xe7b\x96\xef+\x0d\x9e\xc4\xd0\xc3\xac\x81\xaa\
\xce\x806Vo)\x98:\xed\x92\xbd%\xc26t\xbc\
\xc5\x07\x82\xc0\xc5\xd0o\x11\x9ej\xf3\x8b\x7f\xf1\xaf\x90\
I\xc4\xfd\xf7|\x0b\x01\xeb\x98D\x12\x85 \x89IS\
C(\x87\x17\x11\xad-|WF\x1a\x90\x90\xa0\xf64\
\xbdb\x88y]\xca\xb9\xb1l\x17@\x9bu\xbe}\xed\
\x07\xf8\xf6\xb5\x1f\xe0\xc9\xcec\xbcp\xe1\x1b|\xe3\xe5\
?\xe7\xe5\xed\xa7\x19\x04;\xf8\xb6\xc0\x05\x02'%\xa1\
\xcd\xef\xbf\xf3(\x04\xca\x81F \x11(\x01\xbb\xca\x0d\
u\x84\xd1,/\x95\xe6\xfe\xbd\xc5\x90\xef\xf2\xc5\xa0\xfc\
}\xd7D\xa6dQXL7A\x0c\x04\xeb\xe1\x19\xee\
<u?g\xd7\xcf\xf1\xae\xb3\x7f{\xef\x9az\x8b\x93\
\x02!4\x22\x83c\x16\xab?zO\x1a\x9f\xfd\xe4\x1a\
\xb78\x06\xa2|\xb2hSG\xd2H\x10\xf4piH\
\xcb-\xf0\xf7?\xfc}H\xe0\xb6\xc57\xe3b\xc7.\
]B\x05\xdeG\xa4N\x0ce\xdeN\xf3I\x9eU\xf6\
j\xa2\x97\xf3\x90a\xd9H\xe4\xe8e\xf9\xfd\x99\x86Z\
\x0c\xe5\x0b\x14E.\xf7^\xdb?XN\xf3\x91\xce\x1e\
\xc5\xd4\xf3\x1fV\x0a\x8f\xfe\xee\xaa\xe7\xb5\x1c>\xbf|\
\xe4\xee\xf9\x06\x91\xbcB\xab\xb1\xceN\xbf\x81n\x5c\xa4\
\xd5\xedqn\xe9>l\x00\xca\xa8=\xa5\xc7\x18w\xba\
q}n\xd4\x0a\xe0\xca\x95+h\xad\xcbT\xfd\x9bn\
\xbaI\x1c\x0b@\x8f\x82Dq\xd2\xa3\x7f+N~Z\
d]\xbeW8\x02\x19\xd1\x8cZ\xb8\xc4\xa2\xf3\x9az\
Bz\xe4k \x8e\xaeK+\xccK?\x1c\xc5\x82\xe1\
\xa1yX!\xf8\x95\xcf\xff\xb7|(\xfa\xe7<x\xf3\
w\xb1\x18\x00t\xf0\x89B\xab6\x892\x04^\x97*\
\x14\xa52\x97\xaf\xec\xf6\xba!\xca\xeb\xa0\xdb]\x0b\xdf\
\xca\x9d\xf7<\xc8\xa3\xf7\xbc\x97\x97\x06O\xf2\x8dW\x1e\
\xe3\xd9\x8bOr\xb5s\x89\xd8\x0d\xb0\x0b[\x99\xb3\xa1\
T\x18\x11\x90j\x81\xf5\x0a\xe73\xd3\xf8\x15S\x1d\xf0\
+\x89C\xf9\xd4r7\x5c@\xe0\xf0\xde\xe2l\x0a\x22\
E\xe0P\x22S\x1e-\x19\x8f\xefB\xa8V8\xb3\xf6\
f\xee\xdcx\x1b\xb7\xaf?\xc4\xa9\xe8v\x9ab\x01\xe1\
\xec\xd4zt\x87\xdd\x22R\xb6\xba\x86\x85\x85&Z\xa5\
4{\x0e\xf4\x1a\xdd\xb0\xcf\xcf\xfc\xe6?C\x08\x97\x19\
P\x15d?UY\xe0\xf5g\x00\xeb&\xa7\xd491\
\xffj\xfc\x80\xb1k\x0f\x02o-\xdegx\x16\x06-\
\x16\x17V\xa7\xce\xce\xeaP\x8e\xc5{\xe28.=T\
\xaa\xa9\xfa\xc7\xc6A\x8fj\xa1\xab#\x8c\x94\xb2\xac\x1c\
P\x05\xf0i)\x93\x81\x0aYo\xaf\xe3v=\xaa\x15\
\xe0\x84\x1b\xeap\xaf\x15\x90\x1e\xbd!\xe3$t\xe3\x17\
\xecf\x83\xf4\xa4\x9b=\xfe;g\xab7\xea,Hz\
\xef\xd9Z\xdc\xe6\x17\xff\xbf\xff\x8e\xff\xe4;\xb7x\xcf\
=\x1f\x84~\x84\xd0\x0e\xa12\x05\xc2\xe8G\xa5\xcc\x00\
Z\x08\xc9Q\xe0T\x98\x18\x8cK\x09e\x9b{\x1b\xdf\
\xc6\xddw=\x8c\xbdk\xc0\x95\xfe%\xaem_\xe5/\
\xce\x7f\x8a~\xd2c\xab\x7f\x95\xadx\x93\x9e\xef`u\
\x8c\x88\x1c\x22\x14tM+[L\xf6{\x11T\x95\xa2\
0\xe6I\x84\x17(\x1f\xa1}\x03-\x16\x88\xf42\x8d\
`\x81P5xs\xf8\x10\x1b\xeb7s\xcb\xcdw\xb2\
\xc2\x06\x8a\x16\x8a\x90\x80 \xc3Cu\xdc\x14B\xcc\xf2\
B\x80 \x05+@\xb6H4\xfc\xaf\xbf\xff\xb3<\xb6\
\xfb\x9b\xdc\xbcx6_,w \xaa\xd9\xb0\xa26p\
N\x8a\xac'\x01\xe4\xe4\x08\x5cL\x05\xday\x0c\xa9^\
+IhR\x82\xb5\x0eo-\x02\x83\xf4\xd0\x0c\x97\xb9\
i\xfd\x16\xbc\xa3\x96\xb5\xe8\xb4\xd7\xbd\xf7t\xbb]\x9c\
s\x04A@\x10\x04\xc7\x0f\xd0\xc5b`\x91\xc6Xp\
,\xc5\xdfF\xe9\x82i\x85\x18\x1d\x16\x89b}\xe1\x14\
\x22\x91\xc8\x05\x89\x17\x16\xeb=\xd2+^\x8b*\x8ey\
\x00p\x96$\xae\x0e\x00O\x1b \x98p.u>\x0f\
 \xf4iZ\xb7l\xf2\x1b\x9f\xfd\x19:\x9dM\xfe\xda\
C?\x99\xf1\xac8B\x1c\xc5\xa2m\xb5\xa1\xca\xa3\x1c\
7\xc3\x14\xed\x03\xb4oV\xdc\xdd\x96\xb85\xd8\xe0\xec\
)x\xf0\xcc\xbb\xf0Xv\xec\x16[\x83\x8b\x5c\xed\x9e\
g\xb3w\x9e\xed\xfeUzi\x97\xcb\xcd\x17K\xeb\xcd\
BYT,X\x0b!8m\xdeF\xa0[4\xc3e\
\x96\x1a\x1b,\xb7nbu\xe1\x16\x96[\xa7h\xa8\x05\
\x9a>B\x88\x8c\xcb\x16\x05\x06\xd9\x18\xd8\x02\x99\x02\xa7\
\x8f\xb5-\xa5,\x10\xd0\x85\xc4\x90\x9a6\xbd\x96\xe7g\
\xff\xe3?\xe6+\xe7\x7f\x8f\xfb\xdf\xb4A\xbfkJ)\
\xa1\xf7\xe3\xda\xce\x0c\xcfm?\x1b\xac\xa7\x03\xf8\xf4(\
\xba\xce\xc0\xf0Z\x02\xe41g\x99[*\x08\x84t\xd8\
\xd4\xb0\xd8<\xc5\xda\xf2\x19\xbcss\xd3\x93\xe3$x\
\xbd^\xaf\xa4;\xd4\x9c\x03\xfe\xdc\x00\xbd\xb1\xb1!\x9e\
y\xe6\x19\x9fE'{YL\xc6\x18\xa2(*C\xf8\
q\xa0<\xeeu\x84@X\xc9j\xf3\x14!\xcd<:\
\xcb\xb9#\xf7\xda\x91\xd9\xcd\x03\xc4\xf3\x82\xfa<\x11\xfa\
\xb4\xcf\xcfz\xce\x98\xd7u\xaf\x87l\xaf!\xd6\xfa\xfc\
\xd6\x13\xff\x86]\xd9\xe3\x07\x1e\xfc)\x9a\x89D\xfa.\
D\xcd\x8c\x1ep>K\x81\x95G;\xab\xe9\xf4\x03\x9a\
\xa1\xce\x5c\x1f\x05\xa4\x09x\x91\x12E H\xf0}\x0f\
J\xb2\xac\xd7Xn\x9d\xe6\xf6\xd6\x83 \xb2B\x02\xce\
y\x08<\x1e\x8f\xf5v\xaf0kQq\x04\x89\xceI\
tI\x0e\xc0>\xa7g<\xd9T@\xc68\x0bq\x0f\
\xa4\x88\x08\x1b\x80\x88\xf2\xfd\xf8\x15\x12A\x1f\xbc\x0f\xa1\
\xa5\xb9\x18^\xe5_\xfe_\xff5[\xfaq\x1ex\xeb\
-\x0c.\xf5!\x12%\x7fZr\xa7c\xb8\xd9Y\x80\
X7\xbd\xfd\xb0\x00^'B~-\x81\xb5\xc7\x22\x84\
BH\x89\xf0\x06\x93\xa4\xac\x9d\xb9\x99\xc5\xe6\x1a\xc4\xc9\
T\xa3\xfe:\xc9*B\x08\xfa\xfd~\x09\xce\xc7\x9e\xea\
]\xe5\x1d\x0b\x80\x1e\x8d\xa0\xab\xef\x99\x94\xa0R\xfe_\
\x09\x5c\xe2Y\x8aVX\x8c\x16\xd8\xb1&\x9bvx\x87\
p\x0ap\xaf)`\x9e\x0e\xa6u\xa3jj\x83y]\
\xcez^\xae\xbc\x00\xec\xa6\x15\x0cvS\x5c\xb3I\xeb\
\xe6&\x1f}\xe2W\xb8r\xf5e\xfe\xeew\xfd4\x0b\
\xf64`PJ\x00j_\xc7r\xee\xf0\xd1t\xd8\xf4\
\xa4d\x19qZjT\x03 \xc0aI\x12\x90\xcd\x08\
Y\xd4\xda1\x16\xe1\x1cZj\xb4\xccW\xe1\x5c\xbeH\
\x89\xda[/\xf2\x1e\xf2J21\x06!\xf3\x81Nd\
v\xb6\x22\xaf\xda#\x84 6]\x22\xdd\xa6\xb1\x18\x95\
Ug\x5cn\x03\x22\xa5\x9c\xca\x90\x1e\xc9:\x82\x80\xb4\
\x19\xf0\xc5\xad'\xf9\xf9\xdf\xf8G4\x17/q\xcf\xea\
:\x9d\xcd\x18\x22\x9d\x8f(9H\x17\x0bo\xde\xe7\xe7\
?dWR\x1b\x00\xe7*\xe95\x15\xc0\xc5\x94\xc1A\
\x1c\x98b\xb9\xae\x14\x87w\x90WtB\x1a\x12\xe7\xb8\
y\xe3NB\x9a\xe0\xbb\x08\x19L\xf5\xd8\x98\x15M\x1b\
c\x18\x0c\x06\xa5Rm\xde\xedP\x00]\xacJV\xa3\
\xe9\x02\xa0\xc7q7\xe3F!\x19\x08|\xcf\xd3\x0a[\
,7W\xd8\x8e/!\x14`Az\xf9\x9a\x90A\xdf\
\xc8\x1ct\x10\xb6\x88\xd3\x1d\xb4U\xd8^\x93\xf6B\xc0\
W/\xfe\x0e\xff\xee\xa3\xd7\xf8\x91\xf7\xfd\x0b\xd6\xe3\x16\
\xadV+\x13)\x089\xa2\x948\x82\x08\x92~\x06>\
eu\x17\x9d\xe1\x0f\x8aH\xb7\xe9\xdbl\x10\xd0\x02\xa4\
\x06A\x8a\xa4\x8f%\xc5{\x03bm\x5c\xcf(;\xbe\
\xce\xf3Q}\xae\xd3Fd\x03K\xc6/\x82\xd6\x0bx\
\xc0\x9a\xdc\x22U\xb8\x5cq\x22\xf1H\xf4\x94.r\x14\
\x8b\x85i\xe3*\x1f{\xe2\x93\xfc\xca'\xff\x03k\xb7\
wiH\xcd\xee\xd5.A\xb4\x80\x91\xfd|E6w\
6\xcc#i!\x8a\x22\xa7nl$}\xc2A\xcf1\
>\x8a\xcc9\xd29\x87\xd2\x99\xba\xe7\xec\xcdw\xe5C\
\xa2\xc5\x89p\xecg\xea\xd2\x1c\x83\xc1\x808\x8ei\xb7\
\xdb\x99\x94\xf88S\xbdG\x01\xba\xaa\xd6\xd83\xe0\x97\
\xb5\xc2\xff=S$\x85\xb7Ym\xc2F\xa3\x8d\xeb;\
\x0857\x92o\xffQe\x0e\x8e}o\x8d\xcfN;\
\xe6nz\x85\xa5\xf6\xadt:=\x90\xe7YZi0\
\xe0&\xbe~\xf5i~\xeew\xfe\x1e\xff\xf8\x91\x9f\xcf\
,\x12\x1b\xad\x9c\xe7\xf5\x84axt\x1d$]\xa2L\
\x18\x95.SYT\x94\x8a-\xa7\xf2\xc8V\xe6\x93\xa9\
\x00D\x80\x12\xcd\xfc3f\x9f\xf3\x1d9u\x965R\
\x95W\xcd\xc8\xa2f\xbc\xc3\x09\x8b\xd0\x1e\x81 u\xcd\
l\x00\xd0\x1at1[\x93\xd8\xebD\xae\xfd\xcf\x9f\xfc\
e\xbe\xf1\xd5_\xe7\xcc\xd2U\x9av\x8d\x9dt\x89\xb4\
eQ2E\xf7\x03\x92 \xcd\xa5nb\x88\x83\x169\
_3\x8e\x97>(\x9d\xf0F\xf4_\x17\xd2g\xae\xab\
>S\xc9H)9\xb5\xba\xb1O?v\xd0\xc18\x8e\
c\xd24-\xab\xb3_\x17\x80VJ\xd1j\xb5\xe8t\
:%\xb5\x11\xc7YJd\xa3\xd1(9\xc0I\xbcs\
\xf1w\xef=\xa1\x01\xd7\x16\xa4&\xe4\xdc\xe2\xed\xbct\
\xedi:IJC\xb7\x09\xfc\x16\x96\xe6\xfe\xa9\xf9\xd0\
\x05sc\xfe\xbe\x17A\x09\xe1\xc7~\xbe\xbc\xf0^f\
\x11\x9b\x10\xe3\x1f\xe5\x1eZ\x08\xb1_g\xb9w\x09\xdd\
\xbe\x1b_t\xf1\xfd7\xb7\xfe\x22\x03\xa3\xe7'\x87\xf5\
\xbe\xde\xa9\xf2\xfb\xab\xef\x19{\xec\xe2s\xc55\xf4\x80\
^\xa0\x1bo!\x02\x90b\x81N7\x93uE\x0b\x1e\
O\x87\xff\xe1\x93?\xc0\xfb\xde\xf6\x9f\xf3\xae\xbb\x7f\x82\
\x0d\xbdH(\x00\x1f\xe7?!\xca%\x1d\x1e+2E\
lF6\xe8\x8c\xbeu5Z\xd8\xd0\xa2\xf6\x18_`\
9\xe1y\xb5\x09O\xeb;j\xe4\xd8b\xf80\x81\x1c\
\xffe\xf5\x97r\x0c\xd68\x14\x02T\x00\xf9X!\xf2\
q%6\x96\x866\x80\x81$\xc2\xa01!|\xed\xca\
\x9f\xf3\x91?\xfd\xbfyj\xe7Oh\x9dj\xe1\x1b\xb7\
\xd0\xf5\x1e\xef\x12\xb4\x03+2-\xb8\xcc\xd7a2\x87\
\x1a_,k\xe5^\xe6#\xf6\xbe.7G\xf0{\xc0\
]\xae\xe7T\xdaSy\xff\x8bcU\x8f\xb1\x0f\xa4\xa7\
\x5c\x5c\xe1*y\x04\xd3\xdb\xf3\xc4\xe0\xc1\x89\xbd\x91p\
\xe4Q p\xde\xcd\xd0I\xcb\x19\xfc\xbb\x9c|\xee\x80\
L%\x03\x1f\xe1\xa3\x04k\xbb,q\x0bo\xbe\xf9a\
\xb4\x07\xeb\x1c^\xfa\xb1\x15T\xaaAiYB\xae\xe2\
\xdba\x8cAk\xcd\xb5k\xd7J\xfe\xf9\xbaE\xd0U\
\xaa\xc2Z[FT\xd5\x94\xef\xe2dG\x15\x00\xfbS\
z\xb3f\xa2\xa5\xa2\xd5\x5cD\xca\x10\xe1\xd3\x92\xe3\xbc\
^R\xe8:\x91\xebqE\xc2\xc7q\xbc\x83D\xd3c\
\x1bH\xf3^>\xf1\xa5\x8fru\xf3%\xbe\xfb\xc1\x0f\
q\xfb\xd2;Pqf\xde/T\x92\xa7\xf2)\x84\xcf\
\xeaJ:\x9f\xad\x1f\x04\xd2 \xb5\xcf@\xfc\x06\xdeR\
/\xf7\xb8\xc5<6\x10\xd2\xe1\xb0Y!\xdfF\x03\x5c\
DgW\xd1\x5c\xd2$\xc2\xf1\x87\x8f\xff&\x1f\xfe\xf4\
\x7f \x09\xaf\xb0\xb0\xb2\x80\xd6zH\x96Z\xcd3\x90\
\x07h'\xd7;b\x9e\x97K>h}\xca\xe3\xea\xf7\
J\x0b\xac\xf7\x08\xa7X[9M\xbb\xb5\x98c\x8f\x9e\
M\x8fL\xf8\x7f\xf1|0\x18\x0c\xa9\x8a\xae\x1b\x07]\
D\xc8I\x92\x94\x15\x02\x92$\xa1\xd1h\x10\x04\x01\xfd\
~\x7f\xaa\xc1H\xd9\x08\xf1(\x0cJJV\xdb\xa7\x89\
D\x9b\x8e\xdb\xca2\x94\xfc\xf5\xd7A\x1f5\xc7{\x14\
2\xbby\x8f9\xefyN\xfb\x5c\xe2\x1bD\xab\xbb<\
\xf6\xf2o\xf3\xec\x85?\xe7\xbb\xde\xf2\x9f\xf1\x1d\xf7~\
\x88E\xd5DxI\x7f\x00Q\x94\x83sj\x09C\x95\
q\xba\x08:&fI\xdf\xd8\x00\xed\x85\xcc\x1c\x99}\
f\x0e\x95\x85\xa5\x0e!\xa1\xd9\x08\xc1\x04\xc4\x09\x84\xcb\
\x9a\x97\x06/\xf1K\x1f\xf99\xbeq\xf93\xac\x9c\x0b\
\x08\xa5\xa6I\xb3\x94\x09f\x00\xad\xca\xc0\xa6\xaa\xbc9\
*>y~\x95\xc6\xf4c\xce\xc3}\xbf\x169j\x87\
/\x93\x81L,\xb9\xfd\xbe{i\x07-\xd2\x9e%\x0a\
4\xb3\x1c\xe9G\x8b\x94\x14\xe7^\xbc\xbe\xbb\xbb[\xd6\
\x92\x14B\xb0\xb1\xb11\x17J\x1f\x08\x01766D\
\xa1\xd8H\x92=)J\x92d\xc67a\x18\x96'9\
\xa9ly\x09\xd2R\x81\xb0H\xefXn\x9e\xa6\x1d\xac\
\xe4lA\x06\xdd\xd7\x03\x90\xeb\xfc\xed \x8b0u\x8f\
5\xad\x83\x1c\xb6\x03\xccs.\xe3\x9e\xb7\xda\x9b$I\
\x9f\xc6\xf2M\x0c\x1a)\x1f\xfe\xe2\xff\xc6\xff\xf9G\xff\
\x9c'.\x7f\x8e\x9e\xb0\x04\x0d\x9d\x15\x9fu\x0e\xad\x1d\
\xf8\x98d\xd0#I\xa0\xa1\x17ox\x0eSb\x919\
S#e>s\xf6\x1a\xbc\xc6\xa3\xe9K\xb0\xad\x94\x8f\
>\xf1\xff\xf03\xbf\xf4\x9f\xf2\xcd\xde\x1f\xb1~W\x00\
\x81B\xcb\xd5\x12\x9c\x8d1{\xa0\xcc\xfe\x85\xa8y4\
\xc5G\xa7\xd2\xa8\x03\xe0\x07o\x93\xaf\x05\x9d\xb4C\xe2\
|\x82\x22+\xf6{\xdf\xedo\xc9\xa4\xf0.\x01\xa1&\
.\x08\x8e\xbe^5\x8f+\x02\x9c4M\xe9t:h\
\xad\x09\x82\xe0@\x12\xd5\x03{M\x16\xbcJ\xe1\xb5!\
\xa5$M\xd3\x12\xa0'E\xcc\xfb\xf9h\x8d\x90\x16\xe1\
\xa0!WXj\xdc\x84\xec<\x8b\xc7\xe1E\x80\xe0\xfa\
Ls\x0e\x16\xe1N\x8bV\x8f&B\x9f\xf6\x9du\xa2\
\xe5\xc3>\xf7\xdd\x97Y\x086H\xd3\x16\x22\xf2D7\
u\xf9\xf2\xa5?\xe2\xf9?|\x96\x87\xee\xff\x1e>\xf0\
\xd6\x1f\xa4\xad\x17\x90\xae\x89H4\xc2\x0b\xa20\x02\x05\
\xa9M@\x8574@k\x1ci\x92bSA\xd8\x8c\
\xb2\x05N\x09\x89\xb5\xa0,_\xd9\xfa*\x1f\xfe\xa3\xff\
\x9d\xaf^\xf88\x1b\xb7\xb7XY\x5c\xa3\xbb-\xf0\x89\
\xa7\x198R\xd2\xe1\xfav\x88\xa1\x0a\xd0\x8c\xf1\xaa\xa8\
\x1b \x8c.\x22\x1f\x17\x80\x8f\x07[q$\xc1\xccq\
oB\x08R\xdb\xa7!#\x02\xe9<T\x00\x00\x00 \
\x00IDAT\xd7\xe6\xeeso\xce\xb42\xc2\xe3E\
@V\x04\xf2`\x8b\x84\x9dN\xa7\xf4):\xc8\x02\xe1\
\xa1\x01ZkM\xbf\xdf/\x17\x0a\x8bQ$\x0c\xc3\xa1\
\x8c\xc2i\x86\xfdBJ\xa44\xe0\x05\xda\xb6\xd8X\xb9\
\x95\xa7\xae(<\x06/$\xe2:\xc99\x8e*\x91\xe4\
\xb8(\x88\xc3\xe8\xac\xe7M^\xa9n\x0d\xb9B\xaf\xd7\
\x87Pb\x13\x8d\xf5\x92\xb5[\xce\xe0m\x97?\xf8\xf2\
\xbf\xe5\xb9'\xff\x98w\xbd\xfd\xfbx\xfb}\xdfO\xab\
\xb1\x81\xebCC\x00\xc4\x04\xaa\x0b\xac\xdd\xd0\x00\xdd\xdb\
\xdd\xa5\xb5\xb0\x04\xa1\xa4\x1f\xf7p!\x08\x1c\xcf\xed|\
\x93/<\xf6\x19~\xff\xa9_f\xe5&\xb8\xf3\xad\xa7\
\x89c\xc1\xf6\x15MC\xac\xd0n&8{\x19K0\
\xd4/\xbc\x13\xa5|UL\x12:\xcf\x11\xc1\xee\x7fM\
\xcc\x0d\xca\xf5\x00U\x1c\xcb\x0c\xf2\xf8\xa7@\x02\x81\xc5\
\xa6\x863\xeb\xb7r\xf3\xfa9\xf0\xb6\x5ch\xaf\xe3\xb5\
Q]\x5c\xad\xf6\xa3\xed\xed\xedL\x08\x91\xe3\xa1:\x80\
m\xc0\x81\x01\xba\xa08\x8a)Z\x01\xc8\xce\xb9\x12\xbc\
\x0b\xfac\x1a\x07\x8d\xd2\x08\x99d\xeed>\xe2\xa6\xd5\
\xb3\x04J\x930\x00\xaf\xcar\xf6'\x1c\xf4\xab\xc3A\
w\x92\x88\xd6\x82\x22\xf5\x03\x5c2 PM\x06;)\
\xe8\x94;\xee\xdd\xe0\xea\xc5\x97\xf9\xf5\xcf\xfe\x02\x9fz\
\xea\xb3\xbc\xfb\xa1\x0f\xf2\xf0\xb9o\x07\x16\xf1I\x82\xb2\
\x9a\xb0yC\xe33\xad\x855\xfa\x83>>\xf4\xc8\xc8\
q)}\x9e\x8f\x7f\xf6\xc3|\xe9\xe9\xcf\xd0s\xdb\xdc\
tg\x88\xc4\xd0\xdf1\x04r\x91\xf5\xa5\x15\xfa\xbd\x1e\
[\x9dM\x9a-\x90B\x0eG\xcc5\xe9\xa9\x13\x0e\xfa\
h6\xebA\x87\x82t'\xe6\xae\xfb\xeeg\xa9\xb1\x86\
,\xbdO\x18\xab\xb5\xac\xe2W\xe1GT\xa5:\x0a \
\xde\xde\xdeF)U\xd2\x1bg\xce\x9c\x11\xd7\x0d\xa0\x0b\
\xb9\x5c\x91EX\x9c\xa4s\xae\xd4\xfc\x8d\xabM\xb8\x0f\
\xb0}6\x9d\x90B\x82W,-\xaegS\x81Qy\
\xd0kx\x9bF=\xd4\xa10\x8e\xe6}\xc7\xf3;\x5c\
\xa8\xe9\x1b\x87\x12\x92@\x81\xb7}\x02\x1d\xe0\x09\xd8\xba\
\x18#\x9aK4\x96=\x97\xe2'\xf8\xd5O\x7f\x91O\
/=\xc0{\xee\xffa\x1e\xbe\xf5\xfbY>\x8a\x9aZ\
\xaf\xf1\xcdX\x08\x9aM\xceo\xbd\xc2\x1f~\xe1\xf7\xf9\
\xe27\xff\x98~\xe3\x15\xf4FB\xd8\xe8#zk\x08\
\x1a4\x10\xd8\xb4\xc3\xee\xe0\x1b\xc8@\xd2X^\x22N\
B\x22i\xca\xc2\xcbRJ\xa4\xd0\xc3 p\xcc\x80u\
\x5c\xaa\x8f\xd7S\xdf\x0d\x82\x80n\xb2\xcb-7\x9fC\
\xcb0\x07\xe8\xbc/\xf8\xd9\xf4\xe3\xa4H\xbb\xd7\xeb\x1d\
\xc8\xc1\xeeH\x00\xfa\xcc\x993\xe2\xa5\x97^\xf2Zk\
:\x9d\x0e\xcdf\x13)%\xbb\xbb\xbb\xac\xae\xae\xd2j\
\xb5\x88\xe3xH:4\x8e\xe6\x88\xbc\xc5\x8aE\x92h\
\x17bXOo\xe7\xbe\x857\xf1\xa5\xad\x8f`\xda+\
\xb4r^{J,_\x1d6(\xf4\xc0\xe3\xff^M\
f\xf0\x95\xcf0\xfc\xba(.\xb8\xdfS\x92\x88\xe2X\
\xf9\xe8:r\xec\xc2\xffV\xe4\x8ec\x82\x11_\xe8\xd2\
\x1fz\x14t\xab\xba\xebJT\x5cj\x99\xd5p\x03\xf0\
\x15_\x06\x9fI\xba\xaa?M\x08\x01\xae\xa2\xd7\xac\x5c\
\x8fqZpYy\x9e\xad\xcd\x8a\xbd\xc3I\x81&\xcd\
\xd2\x9fs\x1d\xb1\x90\x02\x93I\x9f\x09u\x8451i\
bhF\x0d\x16O-pi\xfby~\xf1\xd3\xff\x9a\
\x8fm\xfc\x0a\xf7\xde\xfd\x00?\xba\xf1O\x08\xc3\x10\x1d\
ff\xd0\xceg\xcb\xbfR\xb9L\xdb\xebr@\x92{\
W\xb5zF\x1aY\xbeP\xed+\xcef2\xccY\xe6\
`\xce\xe4y+\xa3\xcd\xa0(A\x17\xf6\xf3\xd7t~\
\xad\x8b$\xac<\xe3P\xed\x12\xc8\x10P\xa41x'\
\x09CY^\xb0O\xa7\x9f\xe4\xf3\x7f\xf6\x09\xfe\xf2\xeb\
\x7f\x8a\x8fvX\xbf\xa3\xc5\xb2\x96\xb88\xc0\xf7\x22\x84\
\x07O\x9aU\xe6\x10\x01J\xadfE)b\xd0\xa4X\
\x03R\xe8\xf2~W\x17\x0a\xbd\xf7\x88Y\x91n~\xbf\
DQ\xfc\xb4\xe4\x9esG?W\x05\x931\x81\x96,\
\x1c\xf2F\xfb\x11C\xd6\xc1\xe51F|\x9f\xf7+\xad\
d\x09n\xfb\xbd\x9e\xe5\x1e\x1dR\x1cv\xc8\xef\xc4\xff\
\xff\xec\xbdy\x90$\xe9y\xde\xf7\xfb\x8e\xbc\xea\xea\xee\
\x99\x9e\xee\xb9wwfg\xef\xc5.v\x17\x8b]\x1c\
\x8b\x938\x08@\x04\xc1\x03\x84\x84 EZ\x14-\xda\
\x96l\xd2\x0e\xdb!\xd3\x0e\x85#\x14\xb6\x1c\xb2#\xac\
\xc36\x1da*(3\xa4?d\xf1\xb4I\x93\x0aJ\
\x22\x08\x82 \x89k\xb17\xf6>\xe6\xe8\x99\xe9\xb3\x8e\
<\xbe\xc3\x7fdev\xf5]\xd5\xdd3\xbb\xa2Y\x11\
9]SUY\x95\xc7\x97O\xbe\xdf\xf3>\xef\xf3\xd6\
\xfb\xb1\xfeJ\x15\xc9n\xbd\xa6G\x8d\xa2\xf6\xea\xc2\xb3\
\xe3s\xed\xc9RC\xe4;<x\xe1\xbd4\x08\xb1i\
\x17\x1dH\xac\xdb>r\x1e\xbd~\x83 \xd8\xe0\xda\xa9\
\x94\xaa)\xaa\xc5\xc5EZ\xadVia\xba\xcf\xe2\xae\
\x035\xa4\xab6\xb6\xca@WQs\xe5}\xba[\xa9\
\xf7v|t\x15\x91Ou\x8e\x10\xae\xb5(\x9c\xd9\xf7\
]\xf1\xb0\x9a\xb3\xdeh\xbe\xfb\xb0\xa3\xe0I\xf7e\xbf\
\xfbY\xad\xa7UHa]]\xa8\xd4j7\x88\x22O\
\xaf\xb7\xc2w\xbe\xfbg<\xed\x7f\x84\xdb\xcf>\xc4\xc3\
w|\x9c\xdb\xa7\x1e\xa1A\x83\xc0\x0ad&\x00\x83\x88\
\xfaT\xe5-\x0a\x0d>\xa0.\xe3\x13\x12t\x86\xf5\x16\
\xeb\x0a\xbc\xb7\xb5dIj\x81\xc4\xe1|\xa7\xbeX7\
n_\xf97\x0f\xba\xeb\xd3Y,\x82\xb2\xcdZ\xd5.\
^\x92\x94\x9f\xf5\x1e!\xedP\x95a\x10\xca\xa1\x94G\
\xa4\xad\xf2\xcb\x03\xf0\x11d\x14\xbc\xc1\x0b|\xfb{\x7f\
\xc0\xb3/\x7f\x83\x97^\x7f\x95 \x12\xcc\xccj\xa2\xc6\
\x0c\xb9\xcd\xe8\xaf\xf5Q\x04$I\x82\xc9\x8b\xb1U\x17\
\xef\xb4\xa8\xf3\xedPY\xec\xf7w\xf6\xbb\x9e\x10\x02\xe5\
\x03\x8e\xcc\x1c\xe7\xc4\xfc\xf1\xe1Mk(\x800\xf50\
\x99h\xc6+\xa5diii\x03\x9b\xa0\xf6i[{\
 \x80\xaex\xe8\xa2((\x8a\x82(\x8a0\xc6`\xad\
\xad\x1b$n\x17A\x8fV\x12z\xafA\x94\xd3;\xa1\
%\xd6X\xe6\x8f\x9e\xa5uu\x96~\x9en\xa8\xe4\xd9\
\x8bS\x1d\x17\xe4F?7N\xc2m\xb7\xcf\xed\xc7+\
c?\x1c\xf88I\xbfI8\xecq\xb8j\xef\xcb:\
\xb3\xdd\x8e\x8f\x1f\x9ek\x0f\x14E\x8e\x13\x16\xa5\x02|\
(\xc8\xd2>\xab\x9d5\xfe\xed\xab\xbf\xce\x1f>\xf3;\
\x9c\xe9\x9c\xe7\xa1s\x1f\xe4\xc1[\x1e\xe7\xd4\xf4\x1d$\
41V!<H\x04\xd2ypE\x09\xccR\x95\x86\
\x196*\xad1FM\xdd<X\x9bcmA\x10\xed\
d\x09Y\xfe\x8d\x07\xad\xad\x05\x8a\x1e0\x80\xb5\xd8v\
\x19\xa1I!\xcb\xb1\xe8\xc1\xd9\x00g\xcb|J\xd8\x10\
X\x0c\xd7\xb2\xeb<\xfd\xc6w\xf8\xe6k\x7f\xc4\xf7\xae\
~\x93e\xfb:.\xe8q\xee\xf4i\x9c(\xab\xce\x06\
\xa9CIM\xb3\xd1\xc1\x19O\xbf\x9f\x12(y\xa0$\
\x9f\x98\x10\x80\xc6WY\xb0+\xef|P\xa0\x1c'\xa9\
8\x09\xc0\xde\xa8\xe2\x16!=\xb6\xeb\xb9\xed\xb6\xdb9\
\xd1\x9a\xc3{(\x9c%B\xe3\x8cA\x85;\xbb\xd7\x8d\
\xe2\xe0f\xbacaa\xa1\xa6O\xf6k\x94t(\x00\
]\x15\xa5T\x05+\x95qRU\xb0Rl\xa2(\xb6\
\x82\xb5F\x88\x01\xc2\xab\xe1\x9c\xa5\xe0X\xe7\x14\x9d\xf0\
\x04\x0b\xdd\x17 \xd6\xbb\xab\x10v8x;u\x83\xde\
\xdb/y\x1c\x00\x1eo\xfd\xdd<\x99\xc7O\xf2\xed\x1d\
\xed\xee\xea\x17-\x18\xfb\xe6\xc6>\x92\x8d\xe5\xb9\x0e\x91\
* \x1b\x182\x93\x12\x04\x8e(J\x88\xe3\x06-7\
E0\xeb\xf0\xa2Ow\xf5e\xfe\xdf\xa7\x9e\xe3\xf7\x9f\
\xf95N\x1c\xbd\x9b\xe3s\x17\xf8\xc0\xc9\xcf\xd0n4\
\x99iM\x13\x0e\xcdA\x15\xe0\x8b\x1c[\x18\x10A\xed\
<'\xc4\xb0\x00@\x09\x94\x92(\x15\x952\xa8\x9d\xb5\
\x87\x10\x87\xf5\xac\xbd\xf2[\x10B@X\x22\xb5\xcaD\
\xe9\xd5!\xca\xf2lD\x19\xc4\x1b)\xb0N\xf0+\xcf\
\xfc\x0ao^|\x9e\xd7/?I\xe6\x16H\x1a\xd0\xee\
4\x99V\xb7\x22\x880\xfeU\xa4\x8a\x90(\x84\xf18\
#pT\xbe\x0en\x13\x0d\xb6;H\xee\x07\x5c\xc5\x1e\
\xb6\xa3\xe3\x02\xd8\xf8\xc9\xbe\xc9\xa8\x84=\xf7K\xec\xbd\
-[[_m-\xb7\xde\xf9;\xf6*4q\x0cz\
\x82w\x9d\x7f\x18\x85&/\xb2\x92\xdaB\x12\x84r\x1b\
{\x87\xdd\xa3\xf1\xeaq\xfd\xfau\xb4\xd6u\x04=i\
\x81\xca\xa1\x00\xf4\xfc\xfc\xbcx\xf5\xd5W=\x94%\x8d\
\x9dN\xa7\xbeh\x01\xa2(\xaa\xcd\xaa\xb7\xf3R-\x17\
\x85P \xbc(\xf9&oh\x86\xb3\xcc6o\xe5\x95\
\xab\xcf\xd6\x9bx\x90\xc4\xda\xae\xc0\xcc\xb8Q\xe9\xee>\
\xcc\xe3\x02\xdan\xc0\xba#p\xeer\x03\x1a\xc7/\xfa\
0\x92\x93;\xed\x93\x96\x82\x22\xcb\x11\xd2\xa3T)\xc8\
w\xf8Rr\xe6\x1c:\x0d(\x94B\x85\x01q4O\
<\xef\xc8\xdc\x80\xd7\xf3?\xe6\x85W~\x9fo~\xfb\
\xd7\x99j\xcfr\xe2\xc8YN\x1d\xbb\xc0\x89\xa3\xe79\
9}\x8e\xa3\xc9id\x10\xd2\xa27\x049=\xe4\xf5\
um\x0b\xbaN\x9cos\x1d\x0e\xdfwj\xc47I\
\x94\xb6\xa9\x0e\x8b\xc7\xe2\xf1\xe8\xa8\xf4\xbb\xeb\xb9\x15\xae\
u\xdf\xe2\xf5k/\xf0\xd2\xc5\xa7y\xe9\xe2\xf3\x5c_\
\xbeB>\x0dRf\xc43\x19S\xa1\x05\x03f\xd0G\
\xb8\x90H\xb5\xb8n\x0cQ\x10\x10\x061\x81j\x0c\x8b\
Nr\xa4r\x84\x91\xc0\xe6\xfb\x03\xe7\xfa\xef\x04Q\xf0\
\xbe\xf4\xcdb\xff\xd4\xc6n=\x04'\x01\xeb\xddd\x80\
\xa3^!{m\xd7~\xa2~\xeb\x0c\x91h\xf3\xae;\
\xde[\xfao\x08\x10A\x88\xf7\x02\xa5\xb6\x9aQ\x8ds\
]eYF\xb7\xdb=\x90\xbc\xeeP\x00\xba\x22\xc9\xab\
\x82\x95J\x0f]E\xcdQ\x14m\x08\xff+zcC\
\xc3E/PZ\x0e\x1b\x92\x82\xd2\x1e\xe1\x9b\x1c\x9f:\
G[\x07d\x07\x04\x90\xfd\xd1\x1f\xe2P\xfd\x9a7G\
\xd8{m\xdf\xb8\x05)\xe3\xbe\xbe\xdf\x19\x06c\x1cc\
\xa9 \xcf\x0bp\xc3\x02%Y\xf5w+\xdf\x8fg;\
\xe4E\xca \xef\xe3\x07\x06\xa5$\x81\xd2\xcc\xe8\x0e\xe8\
\x0e\xfeh\x9f,{\x8d\xef\xad\xbd\xc63W\xff\x08e\
\x13\x92\xe0\x08\x9d\xc6\x11\x9aI\x9b\xfb\x8f>F#n\
2=u\x94\x99\xf61Z\x8d\x19\x22\xd1\x04Qv\xac\
TrW|Fa\x87\xe5\xba\x0e\x87#-\xba\xact\
WX\xeb\xad\x91\xa6)__\xf8=V\xd3\x15\xae\xad\
,\xb0\x98.\xd0\x17+\x88\xd8\xa0g\x04\xfa\xb8\xe2x\
_a\x8d\xc0\x91\xa0]X\x9a\xeaE\x19\xa9[&\x13\
K\xcc\xcf\xde\xce\xa0\xdb#Os\x94\xb0\xe8@\xe1\x9c\
\xc2z\x8b1\x1e\xb1\xc9G\xfb\xa0\xd5w\x93\x03\xe8\xb8\
\xbag1V\xe4~\xb0J\xc1\xfd\xc9\x00'\xa1\x86&\
\x05\xea\xc1\xa0\xc7\x9d\xf3\x0fp\xdb\xdc\x05|\xee\xd1\x91\
 3\x0ac}\xd9QH\xe8=)\x8e\xcd\xd7\xde\xca\
\xca\x0a\xc6\x18\x1a\x8dF\x1dE\xbfm\x00]m@Q\
\x14u\x0b\xac\xd1\xe7\xdb%\x0bG9h\x10(%\x90\
R\x80t\x84Z\x90\x99\x80\xe33\xb7\xd1n$\xa4&\
\xfd\x0b\x0e\xfa\x1d\xccAc=\x81Tx)p\x16\x0a\
c\x87\xdc[L\x18\x07,\xf7s\x842\xe8\xc8\x12\x0a\
\x87\xf0\xa0\x9dB\x14\x0d\xa4KX\xb3EI\x95E\x82\
\xa8\x01\xc2\xe5x\xdeb\xc5\xbe\xcerjy\xf9\xa9\xaf\
\x01\x02-4\x81\x8c\x09\xc3\x848h\xd2\x88J\x7f\xdd\
\xa3\xed;v\xbd\x01]3\xafS\x14\x19\xbd\xb4O\x7f\
\xb0\xca \xeb\x93\x99\x01\xb9\xcd\xf1\xde\x92\xb4\xfbH\xa1\
\x90\xa1\x22l\x86\xc4:\xc2\x91`\x9d\xc7\xf6-\xda+\
\xb0\x02\xeb\x14\xb9Q\x88\x00\xd0\x0a)\x04\x86\x94\xab\xd7\
\xae\xa1\x95 \x8e\x14Z\x81+2\x8c-\xb0\x0e\xa4\x0c\
*\x17\xea\x9d9\xfc\xbd\x00J\x88\x89@\xe7/8\xe8\
\xc9\xb6;\xcfS\x1ex\xf4a\x9aj\x1aYd\xc3\x1b\
\xb9D\x09\x0d\xbe@\xc8`\xa2}\xaf\xd4\x1b\x156\x1e\
\x84\x7f>\x14\x80\x9e\x9f\x9f\x17\xcf>\xfb\xac\x1f\x95\xd4\
U\xba\xceQ{\xbd\xcd\xad\xcb7\xf7\xb8\xab\xaa\x0a\x85\
\x94\x0c2\xc1T{\x96f\x92pu-\x9dh*\xbe\
\x9f(w\xf2\x22\x8e\xc9\xc0v\xd2\xdf8\xd4\x8c\xb8\xe0\
\xc0\xbf\xbf\xfbq\xb6H\xa9\xa9:1\x09\xa1\x10\x02\x8c\
\xf5\x14\xdd\x8cHvQ\xa2\x81\xf23X\xab\xc8\xac\xa1\
\xef3T\xb0\x8c\x8e\x17i\xd8v9^\x0a\x87+<\
B\x045(\x09@\x9f(9\x02\xe1\xa1\xf0\x03r\xdb\
c\xcd^\xc1\x0d\xca\xf1\x94]\xff\xc3]\xc7@\xec\xa7\
\xca\x80 \xf0\x08-\x08#\x08\x95\xc5\xcb\x92\xee\x08\x8b\
S\xeb\x9a\xbd\xac\xe4\xa4\x15\x1e\xe9\xc1{\xc9j\x18!\
C\x87'\xc3\xdb\x14o\x1c\xc2h$-B\xdfF'\
\x06\xef\x0a\x0a3\xc0\xe6\xe5\xb1\x08U\x84\x91!\xd6\x08\
\x90\xe9X@rP\x00\xba\x99\x0a\x90\xfd\xd2\x0b\x87\xb1\
\x8d\xfb\x01\xf7\xbd\x02\xcc{\xee\xb8\x17\x5c\x99\x98v\xce\
\xe0\x90\xa5\x91\x9d\x17\x13\x1d\x8f\x0a\xe3\xba\xddn\x1d\x88\
\xbe\xed\x11\xf4\xc5\x8b\x17k-\xf4\xf5\xeb\xd79{\xf6\
,J)z\xbd\x1ea\x18\xd2l6\xb9~\xfd:A\
\x10\xd4\x92\xbcJ;XFh9\xd25\x09\x94!-\
\xfa\x08\x11\xd2hf\x14+k\xbc\xff\xe8\xcf\xf0\xf4\xd2\
/0\x9dt\xf0\xb9\xc38\x8bl\xc4\xe4\xa6\xc0\xe5\x19\
\xad(\xd9\xb1\x10|{\x83\x93\x11.\xc8\xaf\xfbIo\
\xf8\xac\x17\x1b\xa7\x85C\x9df\xad3\x15\xa5\x9c`=\
\xc0\xf1\x9b\xa2\xd6u\xff\xe6\xed(\x06?\xd4(\xd7c\
J\x8e\xea8G\xfe\xa2\x86\xad\xe7\xfc\xee\xfb\xe5\xd7\xb7\
\xa5\x14\xfcn\xacJ\x93~\xa4\x81\xc2\x88\xcf\xee:\x15\
\xe0\xb6\x80p\xad\xdc\xf6[\xc7\xe8f\xb0vR\xe2\xfc\
\xba/\xb0\xdcL\x9b\xd0,\xf1\x8f\x1eB\x08\x029\xb4\
\x80v\x1a2\xc8\x87$V\xe9C\x01`6\x10\xaf\xc1\
@n\xbf\xef\xc3\xc0\xa6\x93tv\x1d\x9f\x9bu\xbc8\
\xf0v\xfd;\x8d\x1f\x01PY\x8a;F\xcf\x9b\xb4\x83\
\xfa\x98\x08t\xd9yj8n\x11\xc3\xbe\xb2H<!\
\x0c\xb5\xdc\xd6Y`0\x14\xa2\xecnx$F\xbd\x99\
7\xe8\x98\xa9\xc7Ku\xd6\xfc6\xbd\x08\xfd\xb6:e\
vM\xe6m\xdc\x0e\xb9\x09d\xca\xb3\xb6\xfe\xfd\xdb\x7f\
\xdf\xfas\xb9%\xea\xde\xf8\xb9\xd1:\x80\x91\xef\xad\xc6\
]\xbd\xf9b\x0fN\xbb\xd4Qol\x92+\x01\xbbI\
\x03\xbdQ5c\x0d\x84\xb1\x225)\x1aE,\x12\xd2\
4\xc5\x92\xe3b\xcf\x9d\xfa!\xdeu\xe1\xdd\xa4\xc2\x93\
\xa8\x10\x0aOK\x0f\xc0\x06x\x1f\x81\xf2{bK%\
/\xaeX\x81K\x97.\xd1n\xb7\x09\xc3\x90 \x08\xf6\
\x9d \xdc\xba7\xfbx\x9c<yRT\x5c\xb4\xb5\x96\
\xa2(j\x9e\xd99W\x13\xe5\xd5\x8eU\x94G\xb5T\
&\x22\xd5R\x9d\x98 \x08h\xb7\xdb\xb4\xc2\x19l^\
\xea\xaa-\xc3\xd6Z\xce\xa3d\xb0\xf5\xe2\xbbI\x11\xc5\
\xdb\x19A\x1c\xe66\x1f\xf6\xfa\x07I\xe2\xec\x16\x19\xee\
\xb6T\xe3l\xa7e\xaf\xf5'\xdd\xd7\xc3\xe0?o\xf6\
\xb9x\xbb\xc6\xd1\xcd\xd2Q\xef\xf6\xddR\xb2\xa1\x90\xc4\
x\x8b\xc3\x91\xb4\x9a\x0cz}\xee>w/\xb1\x88\x11\
^\x0cc!\x09R\xe3\xf0\xe3\x06\xd0\x1b\xb6\xe1\xfa\xf5\
\xebx\xef\x0f\xe4`w\xa8\x00]=*\x0d\xf4`0\
@k]N?\xb3\x8c(\x8a\x08\xc3\xb0\x06\xd3\xca\x17\
\xb5J\x18V\x80]\xb5\x1d\xaaL\xfc\x83 `zz\
\x9aS\x9d\xd3\xd8\x14\xa4Ve\xb4j,\xd2K\xc20\
\xc4b\xf7\xbc\x98&\xb1\xd6<\xbc)\xd8\xc1.\xf2I\
\x92(\xe3r\x8b\xfbMB\xed\xb5\xfe\xb8\xc7x;\xc0\
\x1d\x97\x93\x1d\xfd\xdd\xc3\x00\xe8q~k\x92m\xde\xe9\
\xf9$c\xec0\x8aY\xf6\xe3vw\xa3\xc7\xe7a\x5c\
?\xe3\x1e\xe3\xed\xbeKJ\x89\xb3\x16\x8d.\xb5\xfa\xe4\
8\xedPZ\xe3\x0d<\xfe\xae\x0f\x12\xd3$\x1c*\x83\
F+\x1e\xc7\xcdg\x8d\xfe\xbdx\xf1b9S\x0c\x02\
\xa2(:\x10\xbdqh\x00=77'\xa2(\xc29\
\xc7`0\xa8\xefV\x9b\xedG+^\xa6\x8a\xa6K\x8e\
f]k8*IQ* \x8a\x12\xce\xcf\xdd\x8b4\
!\xd6zT0\x8c\xb4Q()\x87\xbd\xe6&\x8b\xdc\
&}\xbe\x170\x1e\xd4\xef\xf60\xfcx\xf7\x1a\xc0;\
}\xd78\xe0*\x86\xe5\xc6U\xadG\xf5\x5clS\x86\
\xbc\x1b\x80\xef\x06\x88\xdbm\xc7n\xdbv\x98\x11\xd7^\
\xbf?\xc96\xef\x04\xcc{\xdd\xd8\xc6=\x7f\xfb\xb91\
\x1e\xb6\xdf\xf3AfG\xe3\xca\x01\x0fz\x8dnx.\
\x1c\xd2\x97\x98\x81p\xe4d\xc8X\xb0\xb6\xd6\xe3\xe4\xec\
\xad\xdcw\xfb\xc3\x04>@\xbau\xca\x10\x04\xce\x8b\xb1\
\xd1q\x94\xe2\x5cXX\xa8y\xe7 \x08\xf6e\x90t\
C\x22\xe80\x0c\xeb\xde\x84\x95\xbb\x9d\xb5\xb6~o=\
!(\xeb\xbf\x15H\x8f\x82wEyT\xd1\xd1\xb9\xa3\
\xf7\xd0\x89\x8e2\xc82\xbc\x16(\x15\x94\xad\xd0\x8c\xaf\
y\xac\x83N\xaf'\x1dL\xfb\x1dxo\xd7\x05\xb2S\
$:\xe9\x05\xb1\xdd\xfa\xde\x89a_9Y\xf2\xe1\xc3\
\xe7\xeb\xaf\xfb\xbaC\xa4\xa8H\xce\xd1e\x8c\x08v\xa7\
\x9c\xc2~\x1f\xbbVF\xfa-\xee8\x1b\x96\xcd\xfb2\
\xba\xff\x9b\x8fC\xc5\xdf\xde\xa8c\xbf\x9f(\xfaf\x8f\
\xcf\x1b\xddpb\xefcg\x87\xe5\xdc\xe5y\xb1\xc2\xa3\
\xb4\xa6\xbb\xd4\xe7\x91;\x1f\xe3h\xeb\x04._?\xa9\
e\x0bH=\xf1X\x92R\xd2\xedv\xe9\xf7\xfbDQ\
t`\xf5\xc6\xa1\x03\xb4\xd6\xba\xa69\xd24\xad\xcb\xbc\
\x8b\xa2\xa8\xc9\xf2\xd1\x0bc\x9d\x8b\xf6\xc3e3\xed\xa1\
\xb0\xd63\x97\x9c\xe2\xd4\xb1[(\x0a\x8b\xc3\x96^F\
V`\x0a\x87\xdd\x94\x22\xdcO5\xd5~\x06\xd0\xa1V\
R\x1d\x22\xc7=\xc9T{\x92\x08\xff\xa0 2\x0e\xad\
\xb1\xdf\x08\xfa\xa0\x1c\xf3\xb8\xbf?\xce\xe7\xf7{\xbc\xf6\
\x1bMNJ\x17\xdd(\x0ac\x12i\xdf\x8d\xe8\xb8\xb2\
\xdb\xe7\x9c0%\xb7\xec\xa8=\x82\x8cq\xb4\xf4\x0c\xef\
\xbf\xe7\xc3\xe0\x83\xe1\xb1\xb2\xc3jR\x89\xf3\x94\x15\xce\
\x13b\xe0\xc2\xc2B\xa9\xfd\x8f\xe3\x03\xab7\x0e\x1d\xa0\
\x8f\x1f?.\xe28\xaei\x8e\x0a\xa0\xd34%\x08\x82\
:\xc2\x1eM\x0e\x8e:@\x95T\x87\xa8\xe9\x8d\xea\xfd\
&\xd3\x9c;}G\xbd\xb3\xd6\xdaZ\x8d\xe1\xc78q\
\x7f\xc1A\xef>\xa5\xde\xeb7\x85\x1f\x0aI\x9c\x07\xe7\
\xeb\xe7\xd5\xeb\xfb\xe5\xa0\xc7\x8d`\xf7\x02\xe0\x83.\x07\
\xd9\xb6\xfdr\xd0\xfb\x9d\x01\xed\x07x\xff\xff\xceA;\
a\xca(\xda\x09\xbc-g\xf3\xfdn\xc6]\xb7\xdc\xc3\
\xbdg\x1f\xc4\x0d;\xb0[\x99\xe3\x85Aj\x81u\xeb\
\xca\x8cq\xb7\xd9Z\xcb\xc5\x8b\x17\x89\xa2\xa8\x8e\xa0O\
\x9c8!\xde1\x00\x0d\xa5\x92\xc3{O\x96e5'\
S\xf1\xd0\x9b[\x8e\x8f\xb6\x80\xa9\xb8\xe7\xd1\x02\x8b\xea\
5e\x03N\xcc\x9f$\x88B\x9c(\x9b\x03\x042@\
\x8f\x00\xfca;`\x1dV\x19\xe9an\xd3~\x13K\
\x07\xdd\xc7\xbd\xd7\x97\xc3\xa4\x8a`\xdd\x95h}\x11\xce\
#\x5c\xa9+\x1e]\xaa\xd7'\x89p\xb7[\xf6\xeay\
9.@\xefH\xad\xec\xb9\xfd[\xf7y\xe3\xb1\xe0&\
\x9c\x83\xfdE\x9e\xef\xa41~\xd8\xfa\xee\x1a\xe8+_\
y\xe7\x11N\xa0u@\xda\xcb\xb8p\xcb\x9d\x1cK\xe6\
\xb0\xce\xa1\x02\x89\xc5b1\xeb\x12TOM\xd1\xee\xf5\
\xa8\x9a\x96,..\xd6\xd4\xc6A\xca\xbb70\x13\x87\
y\xe0\xe38&I\x12\xfa\xfd>\xddn\x97f\xb3\x89\
\xb5\x96\xb5\xb5\xb5\xda\x1f\xba\xdf\xef\x13\x86aM\x83X\
\xab\x87\x0a\x8fuEGi_\xeaQJ\xd0\x95\xcb\x5c\
\xf0\x0f\xf1X\xf20_\xe9\xff\x06\xbdx\x16m\x14\x14\
\x03t\x94\x80\xdd\xcd\xff\x99]3\xb1b\xc4\x91{;\
_\x8c\xe1\x1ci\xe4\xb3\x02\xcffO\xe5\xf5\xf77\xe8\
\x98G\xb5\xce0\xa2\x8d\xde\xe4\x0f\xed\xaa\xedu\xeb\x1b\
+\xc4\xba\xfeZ\xece\xf6\xb2U\x17\xbda=\xcf&\
]\xf6\xa6\xe7\x9byY\xbfQ3\xed\x85\xaf\xf7\xb9|\
{\xe3s9\x92\x07\x18\x1d\xdc\xd5\xc3\x226\xbe\xb7\x05\
\x00\xc5N'g\xf8g\xd3A\xdctL\xfc^\xd7\xd0\
6f7b\xe3\x1cx\xcb\xf6\xf9\x0d\x1e\xd9;\x15E\
\x0c\xd7\x1b\xd9\x80u\xc5\xae\xdf\xb2/\xa3\x95\x81\x1b\x9e\
\xef\xa1s\x16^\xd6\xda\xe8\xea7F\x9folV:\
\xfc\xf5\x1d\x01Pl\xfc\xeb\x15\xce\x9b=\xa2\xd7\xcd\xdf\
\xb1Q\xf7\xbc\xd5\xef\x99:7Qn\xcd\xa6<\x91\x17\
#j\x89q\xf2\x04r\x97\xbc\x84\xafu\xdc#[9\
r=zl\xafE\xe3\x88\xe3\xfa\xd57\x09\x93\x93\xa4\
+\x9a\x99x\x9aO\x7f\xf8\x93\x98^\x84\x8c=\xdeJ\
\x02\x922\xca\xc6\xa1U\xd9\x09u\x1c\x90\xad\x0a\xf2^\
x\xe1\x05\xd24enn\xae\xf4?\xd7\x87\x03\xad\x87\
\x1aA\xcf\xcd\xcd\x89\xaa\xbc;M\xcb\x02\x80*\x82\xae\
Z\xbfT\x07\xbb\xda\xf9J\xff\x5c\xf1\xcf\xa3v\xa4\xa5\
[^Hj\xfa\x5c8\xffn\xb4\x99!\x90\x1e\xe7{\
(\x1dc\x87\xa6L7\xab\x01\xe5\xdb\xa5c\xde\xaf\x19\
\xceA;AO\xba\xef\x07\xd19\x1f4\xfa\xbf\x19\xe7\
x\xbf\xc7\xe0\xa0:\xe9\xfd\xa8\x81\xde\x89\xe3\xf8\xb0g\
\xa7\xe3\x9c+\x1di\xd2\x1c\xc28\xc1\x8b\x14\x97\x0f\xb8\
\xeb\xb6wq\xacs\x06\x1d\x1f\x0e\x88Zk\xb9~\xfd\
:\xadV\xabf\x06\xf6k\xd0\x7fC\x01\x1a\xa8\x13\x82\
\xbd^\x0fk-\xd6\xda\xfa._\x99'UB\xeeQ\
\x80\xdenQJ\xa1\x84\xc6\xf8>\xb7\x9ey\x90\xe3\xcd\
w!\xf2>A\x98\x83\xd0\x1b\xaa\xb4\xf6s\x81\x1cT\
\x93z\xa38\xba\xfd$!'M\xd4L\xdapt\x12\
\x1et\xbf\xa0;\x89\x06y/\xfeq?\x17\xfb~\x7f\
\xffF\xea\xa4'\xe5_\x0f:6\xde\xee\x1c\xcb\xb8A\
\xc6\xd8\xf4\x90,\xc8\xf3\xb2\xd2S\x90A\x91\xf1\xc4#\
\x9f\xa4\xa9\xe6\xe1\x10\x86\x8f\x94\x92\x95\x95\x15\xae]\xbb\
VW\x0f*\xa5\x0e\x85\x7f\xbe!\x00]\x89\xb3\xfb\xfd\
>EQ\xd4e\xdd\xce\xb9:Y8\xeaf\xb79z\
\xde\x1cASxt,\x08\xe4\x0c\xf7\x9d\xf9\x00\xbe\x9b\
\x13\x84\x8e\xc2z\x22\xa5\x0ft\xf2&\x01\xef\x1b\x95\xe5\
\x9e\x04\x0c\xf7\x02\x85\xfdjq'\xfd\xdd\xdd\xf8\xe1\x9d\
\xc0\xed *\x89\xdd@\xe9F&\x0b\xc7+\x95\xbe\xf1\
:\xe9q\xd7\x1fg;'M\xc2Mrm\x1c$\x09\
9\xc9\x0dc\x92\x1b\xa1\xf39\x8e\x00\xe7\x15\xde\xe6\x1c\
\xef\x1c\xe5}\xf7\x7f\x04\xd2\xa8l(y\x08\x8f+W\
\xae\x90\xe7y]\x9crX\xd1\xf3\x0d\x01\xe8\xf9\xf9y\
QU\x12V\x9a@\xef}]\xc0\x92$I\xcd\xdd\xac\
W\x11n\x04\xe7\x0d M@\x10\x07\xe4\xa9\xe5\xae\xe3\
\xf73\x17\x9d&\xcbr\x8c(\x90~\x7fS\xa5\x83D\
)7B\xc7|\x18\x17\xc8A.\xf2I\x00y\x9c\xa8\
l\x92\xa8w\xcf\xcf\x0f\xf5\xc4\xdbi\x8c\xbd\x1b\xa7\xd4\
K\xee\xbe\x8c\x19)\xefU\xcc2\x0e\xd0\x8f\xa5+\xdf\
'\x80\xef\x06\x5c\xbbI\xdc\x0e\xaar:l\x19\xdeA\
i\x90\xcd\x9f\xd3\xb2*|\x8b\xc8\xfb\x9eG\xef\xff\x00\
s\xe1i$\xe08\x1c\x80\xbe|\xf9r\xdd\xac\xe4\x1d\
\x0f\xd0P*6\xc20\xa4\xdf\xef\xd7\xdd\x8a\xd34\xc5\
Z[k\x047G\xd0\x9b[bU*\x8e$\x8cA\
\x86\x08i\x98Mf\xb8\xff\xcc\x87H{\x01B\x17\x98\
\xdcN\xacW\x9d4B>\xac\x08\xe1 \xe5\xd5oG\
\x04=\x0e \x8f;\xc5?\x8cJ\xbd\x9b\x15A\xef7\
\xb2\x1eg\x7f'\x05\xc5q\x00|R\x80\x1bw\x1f&\
\x8dd\x0fc\x86\xb9\x1f\x8ar\xafq\xa7}\x803\x03\
\x84\xf04\xe4<\xef{\xf0\xd3H\xaf\x094\x10\x1c\x9c\
\x85\xb8v\xed\x1a\xddn\x97V\xabU+8\x0e\x8b\xde\
\xb8\xa1\x00\xddl6I\xd3\x94^\xaf\x87\xd6\xba\x96\xdc\
\x8dj\xa2\xf7\xe2\xa0\xa5\x94\x042\xc4y\x8d\x0e3\x9a\
\x1a\xee9\xf3A\x92\xf0\x04^f\xa56\xf7/8\xe8\
\xb1\xca\x86'\x8d\xa0\xf7\xbaQM\xca%\xef\x87\xe7\x1d\
\x07\x94\xdf\x09\x1c\xf4~\x80s\x92\x9b\xeb_p\xd0\xfb\
\x8f\xb2E\xa1\x902'\xcf\x06<x\xcf\x87\xb8\xe3\xe4\
{\xb1Y\x8e\xc7\xe2\x84;\xf0\xb8y\xf3\xcd7\xebF\
\xc6U\x07\xef\xc3|\xdc\x10\x80\x96R\x12\xc71EQ\
\xd0\xeb\xf5\xea\xccfYd\x22j#\xff\xd1.+\xdb\
\xf1\xcfeBQ`\xbdB\xea\x8c$P\xcc\xb6n\xe1\
\xc8\xf4i\xac\xc8\x09Fd0\x87Ydr\xb3\xbec\
?\x9e\xc0\xfb\xa9\xc0\xda/\x98\x8e\xbb\xfea\xaa0\xb6\
\xbe\xb7\xbb\xcez\xbc!\xbe\xdbrp\xae\xf4\xa0\xfb\x7f\
X\xe5\xd9\x87\x01\xb0\x07Q\x89\xbcS\x14S\x1b\x0a\xad\
,\xb4\x1a\x9a,\x1b\xf0\xf8{\xbe\x8ff0E\x1c\x86\
\x18\xd7[W\xb8\x1e\xe0\xb1\xb0\xb0@\x18\x86x\xefi\
6\x9b\x87\x8f\xa57\x02\xa0O\x9c8!\x84\x10\xb4Z\
\xad\xba>\xbd\xd9l\x92e\x19Y\x96\xd1n\xb7k\xfd\
`\x950,\xab\x09\xf5\x96\xbe\x85\x85,8\xd2\x08\x89\
\x98b)M\x99\xe9D|\xea\x9eO\xe1\x16:\xf4;\
\xab\x08\xd3@\xf9\x00--q\xe8Qx\x9c\xa5\x94\xe1\
\x89\x8d\xc5\x03\x957\xed\xc6\x93?RT!\x14[\x8b\
\x0e6\xf1v\x0e\xf0\x02\xef\xca\xe7\xbb\xd9`\xaekC\
\xc5\xb6\xdf\x05\xa3nk\x9b\x00\xc8\xeb\x0d\x9e\x00\xb5W\
\xb3\x10{\x02E\xa5\x01u\xcea%\x18\xe1\xc9\xbd%\
s9\x99\xcb)\xc8\xb1\xd2\xe0\xb5+\xbd\x9a\x87\xcbv\
\x5c\xaf\xf0\x12\xe1%\x0c\x9f3\xf2\x9a\xd8\x86\xc3\xdd\x12\
\xc1\x0cM\x95F\x0d\x97\xe4.\xaf\x8f\xbeW>\xb7\xbb\
.{\x16\xb2l\xb3\x0e\xce\xd4\xcb\xe8v\xec\xb6\x8cn\
\x9f\x1a\xfa^\x0fG\x08\xc2;\x84w\x8c\x1eL\x89\x1f\
\xbeW\x1e3o\xa9\x97\xd1c8\xea\xef\xb1\xdd\xf3\xbd\
\xa9\x99uw\x90\xf2\xf0\x8b-v'\xde\x83s~\x03\
\xa7_\xf1\xef\xa3|\xfe\xe8R\xed\xca\xc6\xf1\xbb\x9d9\
\x99\x18\x19\xbbl\xf0{\xf6\xb8\xfa:\xa9\xae\x99\xad7\
\x89\xcd\xd7\xe7\xd6B\x9f\xcd\xd7\xc0\xe6`\xb0j\xb5\xa7\
\xb5\x1e\xd6P\x18\x94*\xdb\x9c-\x87\x01E\xa6\xb9\x7f\
\xfa\x0e>z\xe1q\x22\x07iQ`\xbd& \xda\x13\
\xcb\x84\x10\xe4y\x8e\x10\xa2V\xa5U\xdb\xff\xdak\xaf\
\xd1\xef\xf7kkd\x80\xb3g\xcf\x8aw<@W4\
G\xe5\x11\x9d\xa6i\xcdE\x1bc\xca\x12\xeefsG\
\xfey\xb4\xdbJ\x10\x04dE^\x9e\x00\x15\x22\x80c\
\xedY\xee\xbc\xe5\x1e\x8a\x15\x81\x0c\x1dV\x14\xe4\xd6\x90\
\x15\x0e\x87\x06$\xd6\x16hy\xe3\xfd\xa2\x0f\xbb\x15\xcf\
\xa4\x11\xce\x06\xf3\xfc\x11\x8bM\xad5q\x1c\xa3\xac\x22\
\xf0\x01\x89Jh\x86M\x1aA\x83P\xc4H\xab\xf1\xb9\
\xd85*>,\xbf\xe4\x1b\x19)N\xea\xc51i\xf4\
:Z\x91X\x1d\xdfJ:\xea\x9c\xc3:\x89\xf3\xaaT\
\x09\xa0\xeb\xc5:Y\xbe\xe7\xdc\x86\x99b5\xbe\xab\xef\
\xb9\xd1\x14\xc1aF\xa3\xfb\xe5\xaaodT\x9d\xe79\
q\x1cc\xad%\xcfs\xc20$\x8a\x12\xa4\xd4X\xeb\
I\x22\xc3\xf2\xd5\x01\x9f\xfc\xd8\x97\x08tL\x9a\x19\xa2\
(\x18z\xfd\x8c\xf7\x9b\x15\x1d;\x9a;s\xceq\xf9\
\xf2e\x82 \xa8\x97\xc3*N\xb9)\x00}\xe2\xc4\x09\
\x11E\x11B\x88ZrW\xdd\xe1\xbc\xf74\x1a\x8d-\
\xe6\xfd\xa3\xfa\xe7\x9a\x83\x8e\x82\xe1\x1dR\x95Nv^\
r\xb45\xcbCw<J\xd8o\x834\x08\xe5p\x1e\
\x0aC\xd9\xe4QH\xac\xc9\x91U\x99\xe7\x019\xaeI\
\xb8\xd9q\xf8\xd3\x9d\x80p?Y\xee\xeaxV\x85@\
U\xb3\x84,\xcbJ\xe5\x8c_\x05\xb7\x8a-\x960\xd9\
26_\x01\xdbE\x91\xa1E\xbemD>N9\xf4\
a\xc9\xd4\xc6\xa1\x04\x0e\xca?O\xb2\xce^I\xc3\xf5\
\x99\x11uw\x9dj\xf6%\xa5\x1e\xb6\xfcR#\xb3\xb1\
\x9d\x8f\xd7\x86\xde\x8fc\xe4\x10&\x19\x83\x87\xe1\x1f=\
\xce\xf7\xef\x17d\x0fj\xe05\xfa\xbc\x0a\x04\xab\x1ba\
\x96e\x14EQF\xbd\xfdk\x9c\x9a\xb9\x9d\x8f>\xf6\
\xa3\xf8B\x82L\xcb\x0aX\xa1\xc1\xe7{no5\xd3\
\xdf\xfc\xdbkkk\x5c\xb9r\xa5\xf6\xde\xa8\xea?\xfe\
\x9d\x01h(\x8bV\x92$a0\x180\x18\x0c\xea\x1d\
\xc8\xb2lGJcT\xc1!\xa5D\x0a[~N\x96\
\x9fUN\x10\x11r\xe7\xfc\xbd\x9c\xed\xdcI?\xefb\
\xf1\xe8(\xc4K\x85E\x94=\xf2\x9c\xa3\xf4\x11\xbc9\
~\xd1\x93$\x06'\xc9\xb2\xef\xfd\x5cl\x98\xd6\x82@\
\x88\xa1\xa7\xad\xf3H\x15#d\x88\x90!\x88\x08D\x84\
\xf71\xde\x87@\xb4m\x8f\xc8\xdd@k\x0b\xd0m\xb6\
\xd7\xdc$c;,\xf9\xdaN\xdf\xb1\x17\xc3<\xa9\xea\
c\xf3\xe7Fg%\xa3c\xb4\xf6<w\x05\x85+\xc8\
mNf2r\x9b\xd7K\xe1\x8a\xfa\xb3\x95\xa1\xce(\
\x90\xac7N\xde\x99\xf7\x1f\xe7\x866.8O\x1a\x80\
\x8c\xfb\xfd7\xc3\xefy\xa7kN)EQ\x148\xe7\
\x88\xa2\x08ga\xd0\xcf\x90B\x13\x85\x09fu\x8d\xcf\
}\xf4\xc7H8B\x9eA\x1c\x95U\xceR*\x94\xde\
\x9b\x8d\xa8\x82\xc8j\xb6S\x9d\xf7\xb7\xdez\xab\xfe\xcd\
\x0a\xa0\x0f\xd2\xda\xeam\x01\xe8\xe3\xc7\x8f\x8b$I0\
\xc6\xb0\xb6\xb6V\xefp\xd5`6\x8e\xe3-\xa0\xb0\x19\
\xa4\x8d1DQRG%JI|\xee8\x12\x1f\xe3\
=w>\x81K\x05\xaeph\x1d\xd6S\x8f\xaa\x09\xed\
^\xfd\xe0\x0e\x93\x82\xd8Od\xb3S\x04\xbd\xe1\xef&\
\x9f\xe5\xcd\xcf\xab\xf2\xf9<\xcfk/n)%Q\x14\
\x91$\x09\xb9ib}\x07/\xa6\x91z\x06\xc4\x0c\x8e\
6\xb9I\x18d\xe1X\xfb;\x89\x11\xffA#\xeb\xbd\
\x8e\xeba\x17\xa4\xec\xb5\x0d\x9b\x81ys\x13\xe4(\x10\
\x84\x1a\x02\xe5\xd1\xd2\xd5K\xa8!\x0a\xd6\x1b(\x8f\xd2\
%\xa3\xebo\xbe\xb9m9\xcf\xfb\x8cl\x0f\xd6\xd5\xfb\
``|\xd0\xa8{\x92m\xaf$\xbcB\x08\xa4\xd05\
\xaeDQB\x96\x15\xdcz\xf4.>\xfe\xf8\xa7\xb1\x03\
\xd02\xc4\x0f\x15\xd0JR6\x0a\x1e\xf3!\x84\xa8Y\
\x804My\xed\xb5\xd7h4\x1a74z\x86C6\
K\xda)\x8a\xd6Z\xd3\xeb\xf5H\xd3\xb4VwTw\
\x1f\xad\xf5\x96\xc8bc\x13W\x8b\xd6\x11\xb9q\xe8@\
\xa2EIeD\xb2\xc9\xfd\x17\x1ee\xfe\xa53,\xad\
^\x1dj\x1a\x1d\xce\x15\x08\xa9\xb6\xed\x056\xda\xc6f\
\xdc\x8e\xe0{}\x0e\xfc\x16\x9a`\xd4ti\xe3\xa0\xda\
\xfa\xdeN\xebm6m\xda\xe9y\xe5u\xb2\x99\xdf,\
\x93%\x0e\x15z\xac\xf7XW\x0eH)%*PD\
q\x098&S\xdb\x0e\xc6\x9d\x8e\x89\xdf\xc6\xb0hK\
\xe6|\x87D\xe6\xe6i\xfdN\xbf\xb9\xdb\x05\xba\xdb\xef\
\xeeta\x1d\x84\x83\xdel\x983Js\x94\x11\xbc\xda\
\xbe\xff\xc00wg\x8c\xd9\xa4J\xda\xd8\xa6K\xc9`\
,*\xed0@\xf5\xb0\xb8\xec\xed\x9a\xba\xee\x1f\xc0\xc5\
Dt\xc6\xd6\x1b\xa7\xaf\xf9\xe1\xc1`\x80\xf7\x9e$i\
\x92e9++\xab\xfc\xe4\xe7~\x86\xd9h\x0e?\x80\
(\x09\xe8\xf6\xd7H\x1aM\x04`s\xbf'\x02V\xca\
\xb3\xd1\xd9\xce\xb5k\xd7X]]\xe5\xc4\x89\x135@\
\x1f\xa6\xf6\xf9\xa6E\xd0\xd5\x81k\xb5Z\x14EQG\
\xd1\x95c\x1dP\xef`eG\xbay\xca\x1d\x07\xe10\
\xe3,\x09\xe3\x00/\x0c*\x908+\x99j\xce\xf2\xde\
\xfb\x9e\xa0\xa9\xa6)\x069Jx\x90y\xa9\x8ep\x02\
\xbc\xfe\xf3\xcfA\x17e\x14\xa6U\x88\x1c\xfa\x93\x98\xa2\
Tg\x08\x14n`p\x83\x1c;\x18`\x07\x03\x8a^\
\x97\xbc\xb7B\xd6]&][\xda\x90\xf0\x9a\xc4\x92s\
T}\xb2Y\x81R\xbd\xe6\xbd\xb8a\x1ct\x8d\x83~\
\xf7\xe5\xa0\xdf_\xaba\xac\xc5\x18SOu\xabY\x9e\
\xcd\xc0\x17\x12a5\xd2\x05H\x17 \xac\xc6\x17\x12\x9b\
\xadw\x10\x1aM.\xd6\x1d\xc3G\xa2\xf1\xfd\xf6\x8b<\
\x8c\x08w\x1cP|\xa7r\xd0\xd5MT)E\x9e\xe7\
(\x15`\xad\xa3\xdb\xedr\xf6\xecY\x9ex\xf0K`\
\x0b\xa2(\x1bZ\x01\x96\xca\x0d\xe7s\xc4\x18\x9dSF\
\xbbu+\xa5\x18\x0c\x06\xbc\xfe\xfa\xeb4\x1a\x8d:\x11\
\x1fE\xd1\x8d\xc3\xcf\x1b\x0d\xd0sssbaa\xc1\
/--\xd5\x95\x85\x15@[k\xeb\xa9\xc1\xa8\xa9\xd2\
h\x84\x99$\x09\xddt\x18%\x06\x9a4-\xa7\x19\xbd\
\xac\x00\xa7x\xf0\x9eG\xf9\xce\x93\xdf\xa0\xbbz\x8d0\
\x01\xa5\x04\xce\x19\xac\xf5h\xa1A\x9a]\xa3\xe0\xbdN\
\xcev\xabM\xfa}\xdbE\xd5\xe3|~\x9c\xd7\xab\x1b\
[\xd5Q\xddZK\x14ELOO\xd3n\xb79\x9d\
<L\x18j\xa28@)I^\xf4\xe9vWYY\
]d0\x18\xf0f\xef\xb9-\x8a\x85\x8d\x11\xe8x3\
\x8a\x1b\xf5\xfa^\x11\xbb\x18\x13\x10vz}\xb7\xc8}\
t\x5c\x8e\xfaOW~\xbfJ)\x9a\xf1\x91\x0d\x89\xed\
j\x9dj\xbd\xb5\xfc:\xc6\x98z\x19M\xe8*\xa5\xc8\
3\xb3\xe7\xf6M\x0a\x86\x87\xe1\xbaw\x90\xef\xbf\x19~\
\xcf\xa3\xe7\x07\xd6g(\x8dF\x83^\xaf\x0f\xc0\xfb\xdf\
\xf7AN\x1e\x99\xc7\xd95P]\x8a\x81\xa0\xd9\x08\x19\
\x14\x03BYR\x1ev\x8fr\xefj\x06em\x99\x0b\
[YY\xe1\xf2\xe5\xcb\x1c;v\x0c!\xc4\xa1Z\x8b\
\xbe-\x00]\x81\xf4\x0b/\xbc\xe0\xaf]\xbbF\xa7\xd3\
ann\x8e\xe5\xe5\xe5\xa1$&\xda6qR\x0d\xe6\
\xdcy\xb4\x964\x09\xd5\xfaY\x00\x00 \x00IDA\
T\xa5\xc6\x99\x820j\x0eAHa\xad\xe1B\xf6\x1e\
>\xf4\xc0\xb7\xf9?\xff\xe8\x1b\xf4\xfdQd\xd1\x063\
 N\x1c\xc6e\x08\xd4\xae~\xd1\xa3\xfe\xb9\xdb\x83\xa8\
.#\xf2\x0d^\xcf#Q\xd6F{`\x10\x1b=\x93\
\x85\x1c\xd50\xab\x0d\x1f.\xff\xefv\xa58r\x99!\
sE\xa2\x9b\x18S \x12\x8fs\x05\xfd\xb5.\xf3G\
\x8f\xd3\xf3\x86\xac\xdbCd\x8e\xdb\x8f\xdf\xc1\xe3\xf7~\
\x9c;N\xbd\x9f\xd9\xc6\xddL\xc5\x11hS\xce@F\
U\xf9\xc3m5\xce\xb1\x90?\xc5s\xcf=\xcd\xa5\x85\
7x\xfa\xadoq\xd5\xbfL\x16]Cj\x85\xcd\x02\
>p\xf2\xd3|\xe6}\x7f\x0b\xdbu\xa0V\x09\xc2\x19\
\x9cT 2L&\x89\x9d\x05\xe1\x11\x0a\x9c3u\xd6\
[J\x89)\x0a2\x91\xd1j\xb4\x91V\x92\xa7\x05H\
\x85\x0aB\x0ag)\x9c% \xc7\xb8\x84\xa6\x16\x84\xa9\
cY\xac\xf1?\xff\xfe\x7f\xc1\x92\xfc.Q1\x850\
\xb3\xa8h\x09\xeb\xa7A%\xa4\xc5\xab\xcc\xebs\xfc\xc4\
\x87\xfe.\xf3\xfa$>4t\xbb]\xb4\x0ei\xc6e\
BZ\xe8\xb2CO\x96eL\x85'\xf8\x07\xff\xea\xc7\
y1\x7f\x0e\xcbQbg\x99\x0ac\xae\xae\xac\xa2\x8e\
\x1at\x1ao\xf1x\x1e\xa5Gz\xf6\x0a\xef\x9e\xfd,\
\xef;\xf3Y\x9a\x84t\x8ev\x08\x1a3$\xbaA\xa2\
\xc0\xc9\x16Z)\x5cV\x10Gq\xd9\xa7\xd0\x0b,\x82\
A^\x90e\x03\xc2\xb8\xe0\xea\xd5\x97xs\xe1e.\
\xad\xbd\xc5\xb7^\xfd#^\xb9\xfegL\x9d\x86\xbe\xe9\
0\x15\xb7\xc9\x97C\x84\xcci\xb6\x8e\xd0]\xbdJ\x91\
^\xe6K\x9f\xfc\x1fx\xd7\xdcc\xbb\x02\x9a\xc8=:\
\x0c\xeaH?P\x1a\x85\x1a\xda \xc0@\xaf\x12\x87\x11\
ZH\x8a<\xa7\xb09B)\xd0\x02\xe3\x0da\x1e#\
\xacaj\xaa\xc9\xbf\xfe\xe67\xf8\x95?\xfay|\xa3\
I\x80 t\x92\xde&\xff\xe7a\x18:\x92#\xa9\xb6\
k4:\x1e\xbd\xba\x5c}l\xd7\xdf\x17#\xd7\x00\xbb\
\xf6\xa1\xdcH\x13o\xf5\xcc.DB(\xd6\x10&\xa7\
\x9dtX\x5c[\x22\x0e\x1c'\xe33\xfc\x95G\xfeK\
\x9c-\x80\x98\xc2\xc6\x88P`\xad!\x92e\xee\xc5i\
\xb7\xc1\x07|\x9c\xe0\xe9\xf5\xd7_\xaf\x03\x99V\xabE\
\x14E\x07n\x0c\xfb\xb6\x03\xf4\xa8\xa2\xa3\xd7\xeb\x91e\
Y]\x0a^I\xc3\x82 \xa8\xf9\xd4\xcd\x9c\xeavZ\
\xe9u\x0e6\xe5\x9e\xf3\x0fs\xf2\x99\xbb\xb8nWI\
\xb3.q+&/\x0a\xbcp\xb5\xd8\x7f?\x11\xefa\
=v\x8b\x167s\xd8\xdb\xadW.P\xd8\x1c\x9f9\
T(9>\x7f\x8a\xb5kk\x182\xe6\xa7n\xe7\x13\
\xdf\xf7E\x1e\xbf\xeb3\x04>A\x1aG\x128<+\
\xe4^\xa2\x85FHjszO\xd9i\xc2i\x98\xd3\
\xf70\xff\xd0=d\xf4y`\xf9i\xfe\xc9o\xff\x03\
\xae\x17\x0a\xe9\x15Yf\x98\xa2\xcd\x89\xe48*\xd28\
\xb3\x04\xb2\x03C\x80\xf6B\xa1b\xcdz\xd9\xcd\xfa=\
\xcbY\xf01D\xb2\xba(\x0d\xa2\xad\xc1Z\xd0\x0a\xb0\
\xa0$\x06I\x01\x84\x80\x0aa0\x18\xb0\xb24E\xd6\
8I\xa4\xe6\xf1b\x01\xeb\x03L\xe1\x10\xbe\x8f\xb4p\
\xf6\xd4\x9d\x1c\x9b9\xc9\xb4\xeeP\xe0\x98n\x1e\x19\xfe\
\xbe\xa3\xdd\x9c\xc28\x83\x92\x0a\xd3t\x88,\xe4\xc2\xad\
\x0f\xf1\xfcw\x9f#j\x81\x1b8r\x9b#\x02\x87\xcd\
\xf6\xbe\x00\x14\x09'\xe6n\xe1\xfe{\x1e\xa6\xe1\x03\x9c\
\xf0\x14\x84h\x024\x86\x1c\x85\x02\x82H\x96\xb8a\x1d\
B\x0b4\x96V\x02Q2\x85s\x86\xb3g\x1e\xe0\xcc\
\x99\xfb\xe8\xdb\x01\x9f\xf8\xf0_\xe6\xbb\xaf}\x9d\xdf\xfa\
W\xff\x0c\xd4\x22\x8b\xd7/sb\xfe4WW\xae\xd1\
_\xf14\xc3\x98\x90i\xdaQ\x87S\xed3\xbb\x8f-\
\xb1\x1e\x01\xba\xe1\xbf\xc6\x18t'@\x09\x89\xcdO!\
\xdc0,i\xaes\xe3\xc8\xa1\x99[\x070\x06\xa9=\
\x81>BZ\x84H\x17\x93\x19\x03\x83\x9c\xb0\x19N\xc4\
\x0d\x1f\xe6c\x14\x8cw\x9ca`\xc1\x07 \x1c\x05)\
q\xa2\xe9]\x1b\xf0\xd7~\xec\xcb4\x83\x08\x8a\x83m\
C\x15,)\xa5X\x5c\x5cdaa\x81F\xa3A\x1c\
\xc7e\x9d\xc1!uNy\xdb8\xe8\xea\x11E\x11\xad\
V\x8b^\xaf\xc7\xea\xea*q\x1c\xd7\xd3>\xa5T\x9d\
0\xac\x0e\xca\xa8\x0co;\x13\xa5jq\x0c\x98i\x9c\
\xe7\x83\x0f~\x01\xdf-\x88\xc3\x0cc\xfb8\xaf(\xfc\
\xfe\x92!7jz8\xa9\x9c\x89*\x91\x81\x04)P\
\xa1\xc2K\xd0:dy\xa9\x8fp\x09\x8f\x9d\xfda~\
\xf6G\xfe[>|\xd7\x17\x88\xdc4\x89\x88h\xe8\x04\
?T\x01(\xd1\x06\x12\x84H@\xc6x\x11\x031B\
4\x904\x10\xb9F9MH\x87@\xc4\x5cz\xe32\
6\x93D\xba\x85+\x0c\xb9\xeb\x01\x19\x08\x83T\x05R\
;\xa4tH,*\x90e\x07\x16\x07\xae\x00i@9\
\xc0\x94%\xb6\xa1\x5c\xcf\x96\x09\x15\x94\xe1\x92\xd2\xc3n\
)\xa5R\xc1\xd9\x05\x9c\xef\x03=\x08\x0a\xe2v\x86\x95\
+\x84m\x0b\xc1\x00\xa9\x07\x08b\xacWx\xd7E\x99\
\x80s\xc7\x1f\x22\xd1G\x01\x83r\xaa\x9c%\xa1\xc8\xfa\
\x05\x02\x85\x22@xE@@\x10\xc0}\xb7\x7f\x04U\
\xc4H\x99\x96\xb33W\x10\x84\x06o\xa2=s\x02\xf9\
\x00\xb4h\x10\xd1B\xd0D\xf8\x10oB0\x02\x5c\xc0\
\xb0\xedD9\x1b\xf2\x12\xa4\x06\xef)\x8a\x94<_C\
\x02\xc6\xe4\x084\x92&m5K\xdb\x9d\xe4\x03g~\
\x90\xff\xfa\xc7~\x91\xf7\x9e\xfb\x1cm?G6\xe8\xd3\
:\x12\xa2#\x0d\x22\xc4f\x12\xedCp\xd9\xfa\xe2\xf3\
-\x8b5\x82,\xb5\x98\x02\xd4p\xdf#\x9d \x85&\
+rTX \xe3\x02\xa2\x1cd\x0a~\x80w}\x10\
\x06\xad\x0d\xde\x81@#PD\x8d\x84\xbc(\xd0\xa1\xa2\
\xd1\x8a\xe9L\xb7\xf6\xad^\xda\x0f\x9f\xbc\x1f\xa5\x95\x22\
\xc7Y\x8dA\xe3tJ\x9e\xf6\xb8m\xee>>\xfe\xe8\
\xe7H\x9c:\x94\x9bD\x95(|\xf9\xe5\x97k\xa1C\
\xbb\xdd&\x08\x82\x1b\x1a=\xdfT\x80>q\xe2\x84\x88\
\xe3r:\xb9\xbc\xbc\x5cw\xfb\xae\xb2\xdcU%\xce\xd6\
\xee\xde\xdb{t\xd4E-\xdab\xd7b\x1e\xbb\xe3S\
\x9c\x9b=\x8f\xcc\xfbx[PX\x87R\xc1X\x03\xe1\
 nx\x07\x91)\x8d\xa3eU\x94\xdcf\x9e\xa7\x08\
\x0d:(\x13Q\xcbWS\xde\xff\xd0\xc7\xf8\xeb_\xf8\
\x05ni\xdeGBB`-\xe9Z\x8aw \x89\x90\
\xa2Sj\xf1\x0du\x14\xa5D\xb9\xf8\xdc\xe3R\x8b\xd2\
\x0e<\x14\xa6\xc7\xb3/|\x8d\xac\xb8D\x10\x15\x04A\
\x8aPK\xd8h\x86\x01Mz\xb9\xa6\xa0\x83%\xa0\xf0\
\x92A\x91\x0c\xf9\x9b\x02d\x81\xd2\x06!\xca\x1f\xd2\xaa\
@\xa8\x14dA_\xe4\x0cdF_\xf41\xaa`\xcd\
\xadb\xa4\xc1(GFA(\xa7h\xd2@\xba\x08r\
\x8f-\x1c\xae0\x08kX[^B\xc8|xs\x91\
Hi\xe8\x04G\xb9u\xee\xdd(\x07\x85\xcd\x86\x05\x07\
\x12kK\xfd{\xc9G\x96\x80#\xbc\x02\x07'\xda\xf7\
2\xdb\xbc\x053\xe8\x82\x148,J{\x14\xc9\x9e`\
\x10\xa8\x12\xf6\xbc\x97\xd8\xb4\xc0\x15\x82@\x81\x96\x15@\
\x800\x16<\xa4}7l\xe9\x14\x10\xa8)\x22}\x04\
MA+T`3\xf2l\x15lA\x00(\x0f\xedx\
\x9a\x1f\xfa\xe0_\xe3sO|\x91b\xad \xcb2r\
_\x90\xe6\x0ekA9\x8d\x91\x09V\x0d\x17\x19oY\
\xb4\xd2\xc4QL\xa0\x02\x5c&\xc8S\xbb!Y\xdb\xf5\
\x90\x22\xc8\x85\xc6\xe8\x10\x1bF\xd80\xc1\x08\x8d\x11\x1a\
\xe1\x0c\x8a\x0c1,\x5c*\xb2%\x8cYc0\xb8J\
\xbf\xbf0\xd6\x18\xbd\xd1I\xc0\xdd\xd6S\xd2\x83\x081\
^\xe3\xbc\x85\xcc\xf3#\x9f\xfcq\x1a\xe6(\xaa88\
v\x8e\xbaq\xbe\xf1\xc6\x1bt:\x1d\x94R7%z\
\xbe\xa9\x00\x0de\xd9v\xd5\xb3pyy\x99F\xa3\xb1\
\xa1\x14v4\xd1\xb2\x93\x99\xfff\xc0\x16\xa1\x22 \xa6\
i\xa6\xf9\xec\x07~\x10m\x12\xbc\xd9\x98\xb49\xcc\xe4\
\xc9\xb8&\xe8\xe3\x80\xf18\xa0\x1e\x051\x0a\xc1 \x1f\
P8\x83\xb7\x9e\xfer\xce\xe3\xf7\x7f\x98\x1f\xf8\xf0\x97\
I0\xc8\x22C\x18\x08\xa4\xa2\xd9\x88\x11\xa24\xfa\xeb\
\x0e\xd6\x08\x02\x87\xf4)y\xb6\x8aIW\xf0f\x15l\
\x1f\xad\x0da\xe0\x81\x1e\xdeB\xa05\xdf{\xe5;\x1c\
\x99\x8b\x91\x0a\xfa\xfd.J\xe68\xd7ER\x10\x86%\
\xf0J\x5c\x19\x08\xab\x01\xcey\xd2\xd4\xe2\xad\x02\xa7\xcb\
\xf6\xc8\xb8!H[`@C\x08b$\x91R\x08 \
P\x11\x82\xd2g$$\x00\x13\x81\x03\x97K\x10\x1a\xe1\
=JX\x12-9\xdajb\xad\xa7\xb0`}\x81p\
\x96\xd33wr\xbas\x9e@\x80Tj\xc8\xd7\x0cg\
iq\x8c\xdb\xd2\x0f\x10\x22\x1a\xdcy\xea!\xf2\xae\x01\
<F\xf82\x89\xec\xd5\xde\xaa\x1a\x9f\x97\xc5R\xc2\xa1\
B\x8d\x0e\x05\xaa\xa6P\x0b0\x1e9\xf4\x1c\x8e\x9a\x12\
\xaf\xcac\x9f\xa5C\x0d{!\xc0Eh\xd9\xa4\x11\xb5\
\x90\xc2a\xfd\x1a\xa8\x01\x96\x1e\xd3\xbe\xc9G\xde\xfd\xfd\
<|\xcf\x87\x18\xacX\xb4\x0cP\xda\xe3\xbd#-r\
\xa4(\x10\x94KI\x08m\x5cl)\xd7\x19&\xd1\x05\
\xa1\x0aj\xae)\x08#\x12\x11\x10\xa0Q\xc3~\x81\xbe\
\x9eo\x94A\xb9\x96\xaa\xccO\x14\x0e\x9f;\x1aA\x83\
v\xd8\xa2!\x1bD\xb2\xb9\xe7X\x9e\x04\x84\xf7k\xf7\
\xbb\xab\x82\x03?\xf4\xdd\x90\x0c\x96\x0d\x0f\xdd\xfe8\x1f\
{\xf7\xf7\xe3SYSz\x07\x06I)y\xf9\xe5\x97\
\xc9\xf3\x9cN\xa7S{?\x1f\xb6\xef\xc6\xdb\x0e\xd0\xc7\
\x8f\x1f\x17\x8dF\x03\x80\xe5\xe5\xe5\x1a\x98\xab$a\x95\
\xdd\xaex\x9f\xcd\xfd\x0a\xb7[\x9cR\x84\x91\xc0\x0f\x06\
\xdc{\xea=<t\xe1c\xf4\xd7\x1c\xedf\x83l\xd0\
\xdfWg\x8c\x83\xf6M\x9b\xc4\xf2s\xaf\xe8\xc49\xca\
dZ\xa8PJ\xe0\x8dG\x9b\x84\x1f\xf9\xd4\x8f3\xcb\
Yz\xcb\x96 h\x80*\xc8\xf3eP\x19H\x87\x15\
\x107\xdaX!qA\x8cJZ\x88\xa4\x89\x0bZ8\
\x19c\x8c\xc6\x15\xba\x9c\x92kX\xcd\x0c\xdf}\xfey\
D\x103\x18h\xd2^H(\xdb\xa8\x9e#B\x118\
\x89p\x12a=\xdaA(U\xd9\xdd:\x8e\xb1J\x96\
JH/p\x99\xc6\xdb\x08H\x80\x06,+\xc4\x9aB\
\xa5\x11\xca\x06\xc4D(S\xce\xb6\x85\x81\xc2\xe5\x0c\x04\
\x98\xd0@`\xb1\xb2\xc0\xfba\xf4l\x0d\xf8\x08\x87\xc7\
\xfa.\xaeP\xdcz\xec!\x12\xc2a\xaa*\xc0\x9b\x12\
,\xa5\xf28\x0c\x96\x02\xe3\x0a\xacq\xeb#\xdc\xc2\xbd\
\xe7\x1e'\xf4G\xf1d\x18\xef(\x8a\xa0D\xa8=\xce\
wn\x06X\xf2\xa1\xb9\xbb\xc3Y\x83\xf1\xc3\xdb@\xfd\
\xe3\x05\xd7\x07o\xb1\xe8/q)\x7f\x85\xb7\xd2WX\
\xe22\xb9*0\xca\xe2\x81\xac\x0f.\x95\x08\x11\xa1T\
B\xee\x05^E\x90A\x93\x19>\xf9\xd8\x179\x96\x9c\
\xa7\xa1\x1aX\xdf\xc3\xaa\x01Q;AZU/\xc2\xca\
-\x8bS\x96\x82\x9c\xa22\x96Pe\x92.KS\x04\
\x1e\x95\x822\xa0\xac#\xc0\xa2m\x8ep\x05\xc2\x96\xc5\
4^\x0a\xd0\x01\xe8&\xd6&\x08\xd7\xa1\xbb*\x19t\
#\x02f\xf7\x15XL\x0a\xb2\x07\xf1{\xce\x8d\xc7\xc9\
\x02\xac\xa1\xc5\x1c\x9f\xff\xf0\x8f\xd3$!i(\xec!\
\xe5\x91\xf2<\xe7\xa5\x97^\xa2\xddn#\x84\xa0\xd3\xe9\
lh\xd6{#\x1f\x9a\x9b\xfc\x88\xa2\xa8\xee\xf0\xbd\xbc\
\xbcL\xab\xd5\xaa5\xa2\x15@W\x12\xbc\xd1\xe8yT\
\xea4\x9a@\xcbQ4\x83\x1e\x89\xb1\x14\xab1\x1f}\
\xf4K<\xfd\xfa\x8bd\xc5\x12\xd2Y \x18;\x01x\
\x10\x19\xdc8\xdf\xbb\x93\xdcn\xb7\x22\x95\xf2X\xe4$\
\x8d\x10!!s\x82\x07\xee|\x84\xdb\xdawaW\x02\
\x9a\xed\x84A\xaf \x8c\x0da\x22\xc9\xcc2Vh\xbc\
L\xb8~}\x8d\xff\xfbk\xff\x82n\x7f\x8d~\xdeE\
JI\xbb\xd1\xe6\xe4\xb1S\x9c?{\x17\xa7\x8f\x9f!\
\xc8\x074\xc3\xb3|\xef\xcdW\xe8\x99U\x92(@\xfa\
\x18\x89B\xab>\xcd\xa3gY\xca\x04:\x07\x1dB\x9a\
\x97:\xf48\x0e(\x8c#\x0f\x96X[\xe91\xdb\x9a\
\xa5\xa5\x9aH\x01\xd6\x81Db\xbc$H\x86<\x80v\
\x5cYz\x8b\xceL\x87^\xd6E\x05\x01\xa1\x0e\xc9Q\
@\x88\xa1\xa0M\xc0\xc2ZJc\xea\x0c]\x97b\x8b\
\xa3\x10X\xbc\xf6\xa0\x0bt\xd1\xe2\x8e\xd3\x0f!\x0c \
\x0dV\xaa2\xdf(`P\xf4y\xe9\xf5\x97\xb9\xf3\xfc\
\x9dH)PR\x96\x91\xa40h4\xb7\xcd\xdf\xcfl\
\xeb<\x0b|\x0b\xe7c\x94k\x01\xfd\x1d\x1c\x0e\xd7\x93\
CQ\x14\x81\xac}\xf6\x18\xd6\xfb\x94\xfb\xa4$\x03k\
y\xe3\xca\xf7\xf8'\xff\xf2\x1f\xd1S\x0b,vKZ\
\xa0\xa1;\x1c\x99\x9a\xe3\xcc\xc9\xdb\xf9\xfe'~\x98S\
\xcd;\xca\x84U\x01H\x81w\x1a\x17jt\x08\x14!\
s\xcd\xbb\xb90\xf70_{\xf1\xf7\xf0\xf1\x12\xed\x86\
g\xb1\xb7H\xef\x88\xdc5H\xe8\xbbE\xa6\x82)t\
 1\xb9Ek5\x9c\xe1\xa8R\xa1\xa0\xa0\xc8 \xb5\
\x19\xba!\x90Z\x90\xe69\xd82\x97\x91\xc9U\x02\x04\
x\xcf\x9a_\xa2q,\x22\x0f\x04\xf9\x9a\xc1)WG\
\xe3\xfb\xd6Y\x8b\x1b\xcbA\x1b+\x08\xa3\x1ca\x05\x1f\
y\xf8\x0b<~\xe1\xfbHW\x06$\x9d6\xb9:8\
\xc09\xe7x\xe9\xa5\x97H\xd3\x94\xf9\xf9y\x82 \xd8\
\xd0t\xe4\xcf\x1d@Wm\xafVWWY^^\xa6\
\xd3\xe9\xd4Uo\x15\x0f=\xea\x1d=\xaa\xd8\xa8\xa4D\
\xa3\xaf;4aT rC\xd6O8w\xcb\x03<\
\xf2\xe0\xfb\xf8\xcd\xaf\xfc\x12ss\xb3\xf4\xb3|_\xca\
\x8cIAx\x1c\xc5\xc6n\xeb\xee\xf4\xbe\x0a4\xc6\x94\
\xddh\xac1\xd8\x5c\xf3\x81\xf7>\x81&BE\x9a\x81\
\xbbN\xd2\x9a\x01\x17\x90\x0d\x12t\xdc\xc1\xf9\x01\xbf\xf6\
\xdb\xff;\xbf\xfa\x9b\xbf\xcc\xe0\xb6\xab =a(A\
I\xec\x15\x8f}\xc6\x13\xc9\x16\x9dd\x8a\x87\xe7\x9e\xe0\
\xbd\x8f|\x91o?\xf7\xc7\xe8f\x86S\x19N\x82\xf4\
!\x85]\xe1\xd7\x9e\xfe{|\xf5\x85\xaf\xb2ri\x91\
\xe9\xa3\x82\xc2\x85t\xd3\x01Q\xe2\xc1(\x12\xdb\xc4\xa7\
\xf0\xa1G>\xce'\x9f\xf8\x01\x9a\xb23\x04\xb3\x00\xe7\
\x0d\xdd\x08\x04\x9e\x17\xaf=\xc5/\xfd\xf3\xff\x0d\x17\x0e\
\xc8m\x9f0\x94\xa5\x8d\xa3\xed\x13\xb6\xe7IWVh\
\x98\x08\xd1lqY|\x9bxf\x95\xc2;\x8a,\xc0\
+K\x10BCOq\xcb\xf1\xbbJ\x90S\x05\x8a\x04\
\xe7-\x02\xc1\x9b\x97\xde\xe0\x8f\xff\xf4\xab\x5c8\x7f\x0e\
IPF\xbc\x8e2\xa1)\x0d-9\xc3L\xfb\x0c\x0b\
k\xdf\x00\xa1\xd0\xb2\x8dd\x19\xb7\x87\xe5\xa4\xf1\x90\xe7\
\x86\xc2y\x94\x90(\x19\xafK\xc9\xac\xc3\xeb\x88\xae\xef\
\xf1\xe2\xb5\xa7i\x9d)\xd0'{\xe8\x00\xd2\xfe\x0a\x97\
\x8aK<\xfd\xec\xbf\xe1\xc9W\xbf\xc6\x17\xde\xfbW\xf9\
\xc4\x03\x9f\x85a\xe2*\xd2\x9a\xdc\x02\xae\x87PMT\
\x0e\x0f\xdd\xfd>\xbe\xfa\xd4o3=\x17\xe3\xed*\xbf\
\xfa[\xbf\xca\xbf\xe4\x7f\xdd\x15\xc0\xc2\xd53\xfc\xd5\x1f\
\xfbI\x1e\xba\xf3a\x84\x92\xc3;\xc7\xfa\xfb\xbd\xe0*\
\xff\xcf\xd7\x7f\x83\xdf\xfb\x83\xdfe%]\xa6\xd5I\xf0\
R`2\x03^\x13+\x89\x1b\x18\x9a\x8d\x98\xcbk\x03\
\x16\x92g9v\xf6v0\x03\xfa\xae7\x9c\x09\xed?\
!>\x892c?3T\xa1\x22t\x90\x83T|\xe6\
c?D\xe0b\x04\x96,[C\xc4m(\x0e&\xe3\
0\xc6\xf0\xe2\x8b/\xd2l6\xebF$B\x08N\x9e\
<)\xfe\x5c\x02\xf4\xfc\xfc\xbc\xb8r\xe5\x8a\xaf\x22\xe8\
\xb9\xb9\xb9\xda\x17\xda\x18S\xb7\xcb\x1a\xa5=\xaa\xe9D\
E\xd8o\xf8>\xe7\xe9\x19\x83i\xc7x\x01n\xa1\xe0\
K\x0f\xfd$\xcf?\xf5\x1d^\xca\xbeC\xe2\x02\x84n\
\x90\x17\x8aX+\xb0)\x85\x19\x10\xb5\x9b\xf4\x8d!\x1a\
\xf14^\xd79\x8b\xf5\x8b\x90\x8d&)%\x90\xcaZ\
\xeb)\x84\xdf6\x12^\x7fq\xe3wW\x1ai?|\
C*\xb9\x810\x1d\xd5[\x03\xe4YA\x105\xc8\x8b\
e\x22!\xe8p\x9a\xbb\x8f\x7f\x18O\x84\x0dV\xd0r\
\xa6\xf6\xf6\x8d\xb4\xc7\x0a\xc3o}\xed_\xf0\x0f\x7f\xfb\
\x1fs\xfe\xbd'h\x9a>R\x048B\xf0\x01>\x06\
9\xe3@\x14X\xd6\xf8\xb7W\x7f\x83?\xf8\x9d\xdf,\
g/S\x11\xf9\xaa\x22\x90 D\x01j\x0e\xedr\x96\
\x8a\xa7a\x16\x16\x01\xa1\x05\xb4 \xab\xa6\xd3\xba\xc9j\
\xb4@\xb7\xf5(M9_\x22\x9a\xb6\x18$\x11\x9a\xc0\
K\xa4\xef1\xc5-\x5cu\xdf$H\x02\x22S\x90y\
\xc9\xa0\xa5\x88\xf0\x18\xd6`\x06\xba\xc3\xa30M\x82\xc8\
\x1a\x18\x01*\x0c0\xe2\x12nI\xf0\xee{>KL\
\x032\x07:B\x080n\x8d\xd0M\xf3\xdd\x85\xeb|\
\xd3\xfd\x22?\xc9\xdf@cHQ\xc4z\x19\xc34\xa6\
w\x8d8\x99\xe5\xfb\xee\xfb\x14\xdf\xfc\xf5_#9\x05\
\x99K\x89\xac.\x83l\xb1\xae\xcb\xadK\xb8\xe5\xd0f\
4\xf7\x04h\xb4\x14`\x1cH\x8b @\x08\x10R\xd3\
\xf0\xe0\xb3&zj\x05\x19)\x18\xcc\xa0\xb2\x01\x81S\
\xb8\xd0s\xc7\xf4\x19\xae\xa7\xaf\xf1+\x7f\xf8\x0f\xb9\xe3\
\xfe\x07\xb8U\x9c\xc7\xad\xae\xa2:1N\x05 \x9a\x18\
\x9b\x11\xaa\x88\xd33\x17\x10EA\x12\xcd\xf2\xe6\xc5\x90\
\xa0\xf1m\x94\xdb\xbd\x14z1x\x9d\xa8\xf9\xef\xa1]\
\x84\x15)F\x06(\x0baP\xd6\x104\x99\x05\x97\xf0\
\x96\xfd:\xcd\x93\x1d\xd6rP\x14\x14tp\xf12\x83\
\xa2\x011\xac\x00Dp\xd4\xdf\x89\xbb\x06\x91oRB\
\xe9F\xed1\x9eZ;\xbc\x1bEW\x0f\x7f'\xb7\x05\
\xe7\xf5\xcf\xc9\x0d\xefm\xd6\xa4\xa7N\x11I\x87\xcf{\
4\x9bM\xfa\x05\xf4\xb2\x9cN\xab\x8dISh-\xd2\
\xbb4\xcdO\x7f\xfa?\xe7\x9e\xd9\xfbYY\xbd\xc6\xd4\
T\x9b\xb4\x9b\xd1(\xa8\xcbPF\x8b\xb0F\x03!)\
\xe5\x06\xf3\xb6j&_\xb5\xb1z\xf2\xc9'\xebJ\xc1\
F\xa3A\x92$7-z\xbe\xe9\x1c\xf4(HWE\
*\xd7\xae]\xab\xfd\x8b\xabJ\xb8\xca_u';\xd2\
\xd1\xc5R&\x17\xad)H\x92\x18\xe9\xc1\x16\x9e\xef\xff\
\xf8\xe7\x89\xcc\xf4\x10\xfc\x0dQ\xac\xc8mJ\x10\x94'\
\x22O\xb3\x0d\xa5\xc07F\xc3y\xf0u=nX\xbd\
\x16b\xadgzz\x9a@h\x84\x03\xa5bTu\x0a\
])\xd1Hm\x8f\xaf|\xf5w\xb9\xfd\xce9\xfa\xd9\
\x9bH{\x1aWtp\x85\xc5\xd9\x15$\xab\x08[\xe0\
\xd3\x08\xdf-\x13\x1eU\xb9\xea\xe81\x1f\x1d\xc0[\x1c\
\x067yK\xecVF]*\xea\xe4\x8e\xf9\x84q\x22\
\x18\xe5CB\xd5\xe2\xd63\xb7\x96/\x86\xc3\x8a=g\
K\xa5\x8e\x80\xeb\xab\xaf\xb2\xb2\xdc\xe5\xd2\xd2\xf7\xb0\xbe\
2\x89/\xe9\xad8\x09\x01\xc7\xcc\xf4q\xe6\x8e\xdc\x82\
\xb7\x05\xf8\x14D\xb0c^b\xd2\xf3W\x1e\xb3\xad\xf9\
\x85\xb5,\xa3}\xb4E\xc12\xff\xfa\x0f\x7f\x07\xeb\x0d\
\xaa\xd1\xc1\x16\xa6\xbe\xf8\xca\x1b\x02\x04:\xa6\x91tX\
\xbc\xbaX\xaa\x04\xf0{\x1e\xff16l\xf8Y\xbdm\
\xc2}\xbf\xf2\xd1\xc3\xd4A\xef\xb6~\x14VM_\x03\
\x96\x96W\x09\xe2\x88F#\xa1\xd7_%\x8c\xc0\xac(\
\xee\xbf\xfdA>\xfd\xf1\xcf\xd0]\xeb\xd3l\xb6(L\
1,\x80\xf3;\x9c\xa7\xadI\xc0\x0at\xabYz\xab\
\xd5byy\x99\xc5\xc5\xc5\xa1\xbfGRW\x0d\xde(\
\xdf\x8dw\x0c@W\x5ct\x92$,..\xd6w\xb0\
\xea\x82\x94Rn\xe8\x8c\xbb\xd9+zt\xa0\x22\x02\x94\
\xd4\x84J#0\x04\xa1\xc0\x17\x82\xc7\xee\xff\x18\x8f\xdc\
\xf6\x11\xba+\x03\xc20d\xa5{\x9d0\xd1\x0c\xb2>\
J\x06h\x1dn\xeb\x15\xb1_%\xc7~\xf9\xb5\xbd\x13\
$\xc3*KJg\xbff\xb3\x89F\xe3\x0c`\x03\xa4\
\x80\x22/5t\xdeC\xa0\x02\xa6\xa6\x1b\x18\xb3\xcc\x91\
\x19MVx\x0a[\xb6\x0d\x03Y\x16\x90\xd8\x92#\x0e\
T\xb8\xe5B\xdflL_\xe7\xfc\xbd\xac\x9f\x8f.\xdb\
\xec\xf4\xc4\x17\xe7\xaeI\x5ca\x10E\xc0Lr\x82s\
\xa7/\xack\xdb\x90\x08oQ*b`\x0c\x97\x97\x9e\
\xa2\xc8\x14\xdf\xbb\xfc\xd5R\x0d\x22\x00\x9f\x94]Ad\
)\x07<\xd29\xc9\xf9\x13\x0f\x92w\xbb8\xbf\x8a\xf5\
zb\xb9\xd7v\xfb\xba]1U\xb5\xbeQ\x11\xddl\
\x99\xa0\x91\xb2\xb8\xfc\x1aH\x01R u4T\xbc\x94\
J\x04<$q\x9b0H(rG\x1cj\xa4\xf0[\
\xbes\x1c{\xd8\xddo\x22\xb0\xeea=\xd9\xf8\x9f\xc4\
|\xe9\xa0R\xbb\xea\xbd\x22\xef\xa3$Dq\x03dH\
n\x0a\x8c\xcfJym\x91\xd2*N\xf0#\x9f\xfcq\
Z\xcc\x10\x07ML\x01i^\xf6>]\xafb\xdc\xf9\
QE\xcc\xd5\xf3Qk\xd1\x97_~\x99^\xafWw\
L\x09\xc3\xf0\xa6H\xeb\xde\x11\x00}\xea\xd4)Qi\
\x09\x97\x97\x97\xc9\xb2\x8cJ']Q\x1d\x9b\x07\xe4\xb6\
\x11\x98T(\x15\x91D1Y\xda'\x0c\x15Z\x86\xb8\
U\xcd\xe7\x1e\xff\xcb\x9c\x989K\x7fe@\x12k\xac\
K)\x9cE\x05\xe1\xb0\x9d\xd3\xe1\xb4~\xdf\xcf\x80\xdd\
m\xf0\x8f~NJ\x895\x0e\xeb=\x08E\x9a\xf6\xf0\
\x98R\xeaU\x94\x0e~E1(\xe9\x90\xc2\x02!\x1f\
y\xe2\xd3\xf8~\xc0\xe2\x1b]dk\x01\x9d\x0c\xcar\
`\xd1\xa1(\xda\x0cr\x81\xf1}D\xb8\x5c\x17\x0bU\
\xfe\x11\x15\xb5\xb4\x9d\xdad7S\xa5-`\xb0\x09\xc8\
&1b\xda\xc8\xc1\x0b\xf2\x9e\xe2\xd6\xd9{\x98\xe2H\
\x09\x8a\x02\xbcshU\xca\xf5\xae\xf7\xafqe\xe9\xbb\
\xc4Q\x9b\x97\xaf\xfe)\x06\x87p\x0e\x90e\x8b)<\
\x88\x82X\xc5\xdcu\xf61|*\x90dxv\x96\xd9\
\xed\xb4mb\x1b\xfe\xb4<.f\xe3M\x95r\xc9\x04\
\xa4y\x8a\xf7\x03\xb4*\xc8|>\xac\xddQXW\x00\
\x0e\xa9\x04i\x0e\x99)\x18\x0c\xca*[[\x18\xa4w\
\x1b\x9c\xef\xb6;\x17\xe3\xdd\x04\xc5\xb0\xdd\xd5\xc8\xf3\xba\
\xcd\xda\xf8cs\x12\xa9\xdcA\xbb\xf1\xd4\xe7\xc5f\xa5\
\xd5g\xeeiu\xa6\x18d}\xac\xcdH\xc2\x88\xb4\x9b\
\xf1\xc9G\x7f\x88G\xcf=A\x7f\xb9G\x14*\x8cq\
hU\xe6 \x94\xda\xd9cf\xf4\xdc\x8d\xdeP\xab\xe0\
\xef\xda\xb5k\x5c\xbcx\x91F\xa3A\xb3\xd9\xac\xadE\
ota\xca;\x06\xa0\xa1,\xff\x9e\x9a\x9abqq\
\x91\x95\x95\x95zz]U\x17n\xae$\xdcvQ\xc3\
\xa2\x16?L\x1c\xaa2\xf3\x9e\xae\x14\xdcq\xfc^\xfe\
\xd2G\xbe\x88\xefK\x8e\xb4\x8f\xd2\xedvI\x9a\x0d\xbc\
\x13\xa4iN \xc5\x81e>\xe3F\xc2;\xad\xbf\x97\
\xdf\xb2\x96\x02c\x1c\xa6\x00\x1d\x06\x5c_]\xa0k\x17\
\x91z8\xa3\xf6\x86F+\xc29O\x14)\xd2\x81\xe7\
\xddw>\xc1O\xfc\xc0\xcf1\xa7\xefgm\xe9*\xab\
\xabW\x18\xa4\xab(\x0dq;&j\x85\x14\xca\xb3\x96\
\xa7[\x06\xeff:i\x12\x83\xfb]\x82\xcc\x9d/\xc6\
Qs\xff\xedL\xffE\x0eY\xcc\xddg\x1eE\x13a\
mQ\xdax:_C\xe5\xab\xd7\xbf\xc7\xf5\xee\xab$\
I\x8b\x97\xae>CF\x0f\xe9\x0a\xac/\x15de\xaa\
E \x1d\xdcy\xea\x01\xa6\xf4Q\x04\xae\x96\xc9\x8e\x03\
N\x02\xc1v\xceY\xde9\x9c\x1b:\x02z\x83\xf3\x1b\
opN\xc0t\xe7\x08\xbe\x0bM\xdd.))Q\x02\
C(#\xbcwx\xe9\x09bx\xf5\xadW\xe8\xa7k\
\x08Ai*\x8f\xda\xb1g`}\xac&\xa0\x10\xc6\xe9\
0?\xce8\x9eT\x07}\x90\xeb'\x8a\xcbb\xb6\xb5\
~\x1f3\xf4z\x8f\xa3\x88\xfeR\xce\xed\xc7\xef\xe3K\
\x9f\xf9)\x5c!\x98\xeeL3\xe8f\xa5\xcb\x5c\x14\xb3\
\xb6\xd6C\xc8\xed-m\xb7\x0b\xfa\x9csut\xec\xbd\
\xe7\x85\x17^\xa8u\xcf\x15\xfd\x17\xc7\xf1M\xc7\xc8\xb7\
\x15\xa0\x8f\x1f?.\x9a\xcd\xd2\xfchee\x85<\xcf\
7t\xab\x88\xa2h\x03\xa51z\x90\xd7+\x09\x05\x12\
A\x91::\xediR\x93\xa1b\xc5tg\x8a\xdeb\
\x97\xc7.|\x8c'\xde\xf5q.\xbdz\x99\xe9\xf6\x14\
\xde\x09\x06y^\xf6%\x93vb\x1e\xed0K[w\
\xbaX6TJ\x0d\x1b\x0f8$\x22\x94t\xb3\x15^\
~\xeb9\xacp\x10\x89Z\xff\xea\x5c\xe9\x8a\xd6\x8eC\
\xda\x1c\xe1#\xf7~\x81\xff\xe0G\xff\x0e\x1f\xb8\xebG\
\xb9}\xe6\x11\xc2<dm\xf12\xdd\xd57\xc9\xf2.\
\x10\xa2\xf4\xd1-= 7\xfb\x15\x8f6%\x1d\xed\xd6\
\xb2\xde\xc9ew\x1b\xcf2\xff\xb6\xf5\x06\xb0\x97\xa2\xa5\
zdy\x9f\x99\xe6qn?\xf9\x00\x8a\x90:\xa7\xea\
\xe5\xb0\x03+<\xfb\xd6712Eh\xc9\x95\x95\xab\
\xbc\xb6\xf0\x02\x81*\x8bF\xca{p\x04h\x9c\x85\xd9\
\xd6)n\x99\xbd\x0f;\x80\xdc\x15cE\xd0\xbbQ\x1c\
b\x13\xbf^-\xd5\xb8\x8d\x94d\xe5\xf2\x80\x96;\xc9\
{\xee\xfa0\x81\x88\x87\xdc\xb9G\x22\x87-\xda\xc0\xe2\
x\xf2\xb9?A7\x1d\xbdb\x15)5Z\xc7;\x1e\
\xabI(\x0e!\xca\x9b^\x0dPH\x84\x90[\x12\xda\
{uw\xd9\xe9\xf5\xc3\x98A\xee\xf4\x19\xe1K_\x97\
$I\xc8\xf2\x1e\x02\x8b,$\xc1\xa0\xc5\x17?\xf53\
\x1c\x89\xe7\x87\x9d\xab<N\x14\x08YZ\xf06\x93\x16\
\xde\xd8m\x1b\x82l\x98\xa1\x8dP\x16\xd5{KKK\
\x5c\xb9r\x85$Ij\x0c\xd2Z\xdf\x90\x8e)\xefh\
\x80\xae\x0e\xd0\xcc\xcc\x0cY\x96q\xe5\xca\x95RZ2\
\xecZP\x1d\x98\xd1d\xe1\xe6(Oi\x8b\xb7\x8eP\
\xc5\x84a\x8c\x15\x1e\xb4#N\x14\xde\x0cH\xd29\xfe\
\xd2\x87\xbf\xc8l\xf38\xb1J\xc8\xf3\xd2+Yk\xcd\
NY\xc2w\x12\x07\xed\x8cE\xa2\x90Z\x93\x99\x0c\xab\
\x0a\xfe\xf4\xc9?f\xb5X\x02i\x08T\x02\xe8R\xda\
5\x18\x94\x03z\xe0HW\x0c\xf7\x9dx7\xff\xd1\xa7\
\xff{~\xea\x13\x7f\x9bO=\xf0e\xee\x9e{\x94\x96\
?\x86\xef\x81/\x0cZ\xb1E\xc2\xb8\xb91\xea~.\
\xb2-\x11\xf4.\xb3\x92\xbd\x22\xac\xc2\x0c\xb8\xf5\xcc\x1d\
\xcc\xb5\xce\x22\x5c\x00\xf822\x0e\x05\xae0\x14E\xca\
3\xaf~\x9dV\xa7\x8d\xf7\x96\x9eu<\xf3\xe2\x9f\x82\
\x10X\x0c\x82l\xe8\xf9!\x11\x22'Bp\xf7\xad\xef\
!\xcf\x14N\xe4\x07\xe3\xa0\x01\x84\x1b\x02\x9d\xad\x8f\x9b\
u\x05\xd6\x9a2\xda79\x91\xed\xf0\xbe{>\xcb\xfd\
\xb7<\x81\xf2\x90\xe5\xab8_\xe0\xcc\xd0X\x0a\xb8\xb8\
\xf8\x06\xdf}\xfe\x1b\x84\xad\xb2\xf0Bj\x85\xb5\xea\xe0\
\xdb\x07u\xa4=\xda]\xbe\xea\xf0\xbd\xdf \xe2\xe6q\
\xd0e\x93\xe9(\x0a\x11\xd2\xe2\x9dA\x16\x8aO\xbc\xef\
\xf3<q\xef\xe7\xe8\xad\xf6i&\x0d\x96\x97\xae\xd0l\
\xc7d\xa6\xb4y\xd0Zo\xe8:?n\xd0\xb5\xb2\xb2\
\xc2K/\xbd\x84\x10\x82v\xbb]\xe7\xcanF\xd5\xe0\
;\x12\xa0\xbd\xf7\xdcu\xd7]B\x08Q+:\x94*\
\xfb\x86U\x00\xbe]\x84R\xbd\xa6\xb5\xc2ZK\xb3\xd9\
\x22/J'1#\x0ck\xfd%\x8e\xce4\x09\xf2\x16\
\xa7go\xe5K?\xfce.\xbey\x85@\x95S\x95\
\xd5\xee\x1a\xde\xdbCQ^\x1cf\x16{\xf3w\x19\xe3\
\xcaV_2`\x90\xa6\x88\x10\x9ez\xe1;\x5c\xbcz\
\x91\x02\x8b\xb3`M\x19\xa5\xc6\x0d\x8d3\x19a$\x99\
j\xb5\xa1\x80(\x8b\xb8{\xfea\xbe\xf4\xd1\x9f\xe3o\
\xfd\x95\xff\x91/\x7f\xe6\xe7y\xe0\x8e\xc7I4\xf4V\
_\xd9\xf0\x9b\x9b}P\xc6\xa18\xf6\xf6\x06\x06\xdcF\
.\xb5\xe2S\xc7\xe1P\xbdw\x9c=y\x0eY\xba^\
\xe0\x9c\xa3p\xeb\xd2\xc7nw\x95W\xdfz\x81\xb8\xd1\
\xa20\x03<!\xaf\xbe\xf6<8I\xee\x07x\xfa\xe0\
\xc1\x18\x85\xd2\x1e\xe9\xe1\xfc\xd9\xfb\x90>$\x8a\xc3\x83\
\x9f{\xe7(\x8a\x82<\xcfI\xd3\xb4^\x06\x83\x01i\
\x9a\x92\x04\x9a\xcf}\xdf\x17\xf8\xe2'~\x1a\xe5\x02\xbc\
\x85F\x12\xe2\xb1(\x09\xb9\x01\x83\xe5[O\xfe\x19\xaf\
_|\x09/3\xa2DSX\xcb`\x90\x1f\xe8\xd8\x97\
\xdb\xb7\xb1\x0b\xcc\xe6\xf3p\xa3\xc6\xf8a]\x13e+\
;E\xaf\xd7+\x0b\x90\xf0\xb4\xe3\x16_\xfa\xc1\x9f@\
\x9bR\xedelN{\xba\x94+\x0aU\x05x9R\
\xe9\x1d\x95\x1b\x9b\x13\x85\xd5o\xae\xae\xae\xf2\xc6\x1bo\
\xd4\x8euQ\x14\xd1l6\xdf6|\xd4o7@\xcf\
\xcf\xcf\x0b\x80v\xbb\xcd\xd5\xabW\xb9t\xe9\x12\xa7O\
\x9f\xae\x9bAV\x8a\x8eJ\x82\xd7h4\xea\x8b\xa1z\
\x1e%1\xa9\xed\x83p$:\xc6\x19\x87\xd4\x8a\x9e\xf5\
\xb8\xe4u\xdc\xb59>u\xdb\x7f\xc8Sw?\xcf\xd7\
/\xff:4\x12\xb4I\x08\xf2\x06\x03\xbfXw\x05\x8e\
\xe3\x06\xc6\x18\xf2<\xaf\xedP\xcb:\xff\xf5A\xb3\xf5\
d\x8b\x0d\x7fGu\xd4\xc3\xb5v]_l\xb3\xde\xe8\
s\xa5D\x19\x89\x151\x9d\xf88\xc2\xf5\xb8\xdc\xfd&\
\xff\xf4\xf7\xfe\x1e\x7f\xf3'\xfe\x1bN\xa8\xdb\xcb\xbb\xac\
3 sd(\xc1\x0b,!>\xd0(\xeb\x10H\x94\
\x83#\xc5q>r\xee\x87x\xff\xb9\xcf\xf2\xf4[O\
\xf2'\xdf\xf9\x1a_y\xfe7H\xcd\xeb\x1c?\x15s\
ea\x85N\xeb.\x8a\x5c\x92\xf9+$\xed..\xeb\
\xecz\xfe\x0a)\x08L\xe9\x1d\x9c\x03\xa1\x12\xa8\x9a^\
ve\x0f8\x17\x11\xb0\x8c\xb2\x0d\xbcZ\xc1\x99\x0eR\
\xf4\xd06\xc0\xdb\x02?,\xa3\x0eu\x82\x921Y\x9e\
\xa3\x03\x8f!\xe5\x94\x7f\x17\xf7\xdd~\x17}\xdb\xa5-\
[H\xaf\x88\x03G\x96\x19t\x18\xf3\xd5\xcb_!\x94\
K\xf8\xfe\x11\xc2\xf0\x16\xd2\xfe\xcb\xbc\xda\xff\x1a\x17\xed\
\xb3\x9ct\xf7\xe2\x03\xc8\x8c'\x0c}u\xc7\xe3\xec\xec\
\xfd\x5c\x98\x7f?\xcf\xaf\xfe\x16\xad\xe8T\xd9kN\x85\
CJ%+[\xabiM\x96e\xc3(sXIX\
u\x89\x11\xf5\xf4\x0f+4G\xdb1?\xf8\x9e\x9f\xc5\
\xeaeP\x8e\xc0\xb5\x98\x89oan\xeaV.\x1cy\
\x98\xcety\x99\xe5\xae \xd4\x01\xf8&\xca\x16\xe0{\
\xc4\xb2\xc9\xd7^\xfc:\xbf\xf8\xbb\xff)g\x1f>J\
\xb7\x9b\xe0\x96\x22\x1aaD_\xac\x94\x86O\xbb\x80\x9f\
5\xe0\xecz\xfb\xa7\x91\xf4\xf2\xb0\x8f'\x08\xe9\x87~\
\xcd\x02\xe1\x87]\xc7\x87>\xe9\xdem\x17$\xec\x1c5\
o\x05^\xb9\xe9u\xb1k+\xab\xad\xdf\xb7;>$\
\x06\x96\x8d\xc275Zf\xc4k\x11\xff\xc9\x97\xfe\x0e\
'\xa3\xf3\xe5\x18P\x1e\xe7\x05\xd8\xb2\x01\xb2t \xf1\
\x08-1\x94\xbc\xf2\xe86T7\xaa*\xc0\x1b\x15$\
\xa4i\xca3\xcf<\x83\x94\x92\x99\x99\x99\xbac\xca\xcd\
\xd4=\xbf\xe3\x00\xbaN\x06DQ\x19\xd9\xae\xae\xb2\xb8\
\xb8\xc8\xd1\xa3G\xc9\xf3\xbc\xa68*\xb1x%\x85\xa9\
\x8a[\xaa\xa8\xaf*b\xa9\xfeV\x11F\xa0f\x11\xd2\
\xb1\xbc\xf2\x06_\xfe\xa1\x7f\x9f\xef\xfd\xe2\xb3\x5c\xe9\xbd\
\x8c\xd2\x1ek\x03\xc2 &\x08\x02z\xbd\x1e\xbd^\x0f\
\xa5\x14a\x18\xd6\xd5\x8cJ\xe9\x1d\xef\xf0\x07\xf1\x8c\x1e\
\xb7R\xd1\xda\x02\xe1J\x89\x9d+\x0a\xda\xed\x98\xd6t\
\xc8\x1b\x17_\xe1\x17\x7f\xe5\x1f\xf1\x1f\xff\xe8\xdfE{\
E+\x88\xc1\xc5\x98\x81A\xc7\xa0T\x86%\xc7\x08\x8d\
\x14\x0a\xe15^;\xac\xf3()\xb8\xff\xd4\xbd\xdc}\
\xea\x0e\xde\xf5\xc8}\xfc\xd6\xef\xfe\x1f<\xf3\xf2W\xb8\
\xe5\xc2I\xde\xbc\xf4:Q4\xc5\xcc\xf4Q\x16\xafg\
l\x97\x17\xd9i\xdb'\x8e\x90\x04h\x1d\xe0<x/\
q\xde\xe3]\x86W\x0e\x83#+r\xa6\x92cL%\
\xb3$\xc4\xa5\x18C\x87\xe0\xf3\xd2\x97I\xc0\xf3\xaf\xfd\
\x09:\x09pA\x0ar\x05\x1d\x07\x14&\xe5\xb9\xd7\xfe\
\x8c\x13\x17\xee\x05 \x08\xd6AV\xa0\x88\xa4\xe6\xcc\xc9\
\xf3<\xffd\x88\x0f\xcb$_\xe1\xcbN\xcfR1,\
\x9aZ?\xf7\xbb\xed\x9b\xca\xe0\xc2\xb1\xbb8w\xec\xae\
\xaa^\x081T\x91\x14yJ\x14\x17\xa4\xf9\x0a8A\
\x1cO\x83\x87A\xea\x11\x81&\x08\x14_\x7f\xfa\xdf\xf0\
\x8f\xff\xd9\xdf\xa7=s\x84\xe5\xa5\xb2\xa8\xa8\xdd\x8cY\
Z]\xa13\xdd\x22\xed\x0f\x0e52\xddO\xe4{X\
\xbf\xb9\x9f<\x8f\x91\x11:1\xe4\xb6\xc7\xea\xd5\x01?\
\xfb\xf9\xff\x8c\x87\xee|\x82\xb5\x955\x92\x86\x82=\xda\
V\x8d\xce4\xb6\xd3\x8ek\xad\xeb\xf1\xfc\xd4SOa\
\xad\xa5\xd5j\xe1\xbd\xa7\xd5j\xdd\xb0n\xdd\xff\xceP\
\x1c\xa3\x8a\x8e\x99\x99\x19\x8a\xa2`aa\xa1\xa67*\
\xd9\x97\xd6\x9a \x08\xeaiY\xd5\xcdz\xb3\xf4n\x94\
\x12)\xab\x10\x1b\x14t\xe9\xb4`Z\x9f\xe4\xa7\xbf\xf0\
_\x11\xa4-\xbcM\x11\x0dK\xbf\xdf\xaf\xb5\xd7Ub\
\xc7ZK\x96e\xf5\xc9\xbb\x91\x1c\xdb\x9eI\x18a\xeb\
\x88\xcezA\x96{\xd0\x8a\x9e_\xe5\xc9\x97\xbe\xc6\xdf\
\xff\xa5\x9f\xe7\xc5\xc5o\x92\x09\x83\x01\xbc(\xa5g8\
\x8dB\xa0e\x80\x14\x12/\x1dB\x83\x92\x02\x8d&p\
1\x89\x9d\xe2\xdds\xef\xe7o\xfc\xf0/\xf0\xfe\xfb>\
\xcb\xb5\x8b\xabL\xcd\x04x\xb9\xc2\xca\xd22\x8d\xe8\xe4\
\x9e\x1d\xba\x0fr\xa1\xd6@?L`9\xe9Hm\x8a\
P\x1e\xeb\x1c\xb9\x81{n}\x986\xb3\x084vX\
\xb5k\xbdCi\xc5\xc0\x1a\xbe\xf3\xc2\xd7\xd1\xc1\x11\x8c\
\x15\xa4\xc5\x1a\xde\xb7\xc9M\xc8\xb7\x9e\xfd32\xc0\xba\
\xa2\xee\xda\xe1\x9d+\x0b7\x80{\xce?Hh\x8f`\
]\x86\x90~\xa8\xc0(\xca\xae\xf1\xde\xd7\xb3\xb7z[\
\xd9\xbe\xf5\x96\x88\x96A\xf6P\xd2\xc0\xc0b\xbb)\xca\
;\xa4L\x89\xe2\x8c\x81M\x09\xc3\x908n\x82\x97\xf4\
\xbaM\x05\xb2\xaa\x00\x00 \x00IDAT)A\x22\
H\xf52\xff\xfc\xf7\x7f\x99\xff\xee\x9f\xfeM\xd4l\x8f\
c\xa7N`\x0b\xcd\x91\xf6\x14\xe9`\x05\xef\x0bz#\
6\x05\x079\xde\xbb)'\xc6\xe9\xda>\x89:\xe40\
\xa5v\x00\xa9\x94x\xb1\x0aY\x8fG\xcf\x7f\x88\x1f|\
\xe2\xafc\xfb\x01\x8d8\xc2\xda|\xdb\xe4\xdff\x9f\x9b\
\x9d\xa2\xff\xd1n\xeb\x0b\x0b\x0b\xbc\xfa\xea\xabx\xef\x99\
\x9a\x9a\xaa\xb9\xe7\x9bU\xd2\xfd\x8e\x07\xe8\xb9\xb99q\
\xcb-\xb7\x88f\xb3I\xbf\xdf\xe7\xea\xd5\xab\xb5\xb3]\
\x9e\xe7\xb5\xa0|\xd4Lh\xb7\x8e+\xd5{\x85+{\
\x18\x9a\xdc\xe2\x07\x8e\x87\xce}\x80\xcf\x7f\xf0'1\xdd\
\x80\xc2.\x11\xe8\xa8n\xb2\xaaUX\x03\x7f\xd9\x80R\
\xdd\xf0,\xf5^\x9f)o2\x16\xe1\x1dA\x10\x91\xe6\
\x96A\x96\x12\xb5\x15\xadY\xc5\xb7.\xfe:\xff\xd3/\
\xff\x1c\xff\xd7W\xfe\x17\x96\xfduDcxV\xbd\x82\
\xa2\x85(4\xdeTE%\x92\xc2{\xf2\x92\xf8\x04\x0f\
\xd1 \xe4t|'?\xf5\xf9\xbf\xcd\xbd\xb7~\x94\xc1\
\x8aE`\x89\x13\x89\xc9\xf2=Ay|\xb9\xdd\xf6\xc9\
Ag\x0d\xcey\xec0\x826\xe4\xa0\xc0\x22\x88T\x83\
\xfb\xcf?\x8e&\xc1\x17\xd4\xed\x8f\x1c\x1e\x8f\xe7\xb9\x17\
\xbe\xcbj\xfe\x0a\xadV\x13%\x0d\x81\x1e\x10JA\x9c\
\x04\x5cZ|\x81\x94\xa5Z\xe9\xe1\xfcP\x81\xa2\xca\xc9\
\xf7\xb9\x13\xf7r\xacqn8K\x93\xe8\xff\x8f\xbd7\
\x8f\x92+\xbb\xeb<?\xf7\xdew\xdf\x16[nJ\xa5\
\xf6R\x95$\x97\xab\xf0B\x19/xi\x9b\xc5\x06\x1b\
\x9b\x83\xcd2C\x03f\x1b\xdc\xd0\x03\xcdp<\x0d=\
\xc0i\xd6\xd3\x0d\x0dt\x03=\xf4\x0c\xa7\xa1\x99\x1e0\
\x0d\xd3\xc0\x8c\xd9\x8c1;6\xe5\xc2e\xbb\xf6r\x95\
Tr\xa9,)\xa5\x94r\x8d\x88\xb7\xdf{\xe7\x8f\x97\
/\x94\xca\xcaUY\x05\xa5\xaaz\xe7\xc4Qf\xc4\x8b\
PD\xc6\xbb\xdf\xf7{\xdf\xdf\xf7\xf7\xfdz\xb2\xeeI\
\x08[+\x02L\xdd\x5c\xdb\x0e\xa42\xc6X)\x15\x15\
\x12\x19I\xfcv\x88\x13\x1e\x15mr;\x89V\xe3\x08\
:d}\x01\x19\xb4\xda!\xf7\x9f\xfe(?\xf4\xd3\xdf\
\xc9\xaf}\xf0\xdf2y\xd2\x90\x07K,\x0d\xfa\xb4[\
\xe3,\xcc\xcf\xe3y\x16O\x8bz\x22r\x93\xbf\xf7n\
\x00{7a\xc6\xbb=F\x9fI;\xd1\x0d\xf7\xd1%\
\xe9p\xc0\xc1\xf8\x16\xbe\xef\x1b\x7f\x12\xd9\xefb\x8b\x02\
O\x19\x84\x0d6V\xac\xac\x079yM\xb1\xb2\x96\x8b\
_\xcb\xc9?\xfa\xe8\xa3h\xadG\x9cs\xb7\xdb\xdd\xd9\
\xa4\xe6\x0b\x05\xa0\x9b\xad\xd3\xe9\x10\x86!\x97.]\x1a\
M\xf14\xdd\xf1\xf5#\x99\x9bMW\xad\xbd\xb5[\x8e\
\xb2\x08\x80\x98n\xac\x19\x5c\x9e\xe7\xed\xaf\xfbF^\x7f\
\xe7;H\x16\xfa\xc4q{4\x06\x9b\xe79eaF\
#\xcfk\x9b(\xcf\x96\xces3E\xc3h\x11\x22)\
\xcb\x9c\xbcH\xf1D=\xf2j\xa8M\xe7\x13\xb3D\xef\
@\x8f\xdc_\xe67\xff\xf8?\xf2C?\xfb\xcd|\xe8\
\xde\x0f0\x97_``2\xd2F\x8b[\x08\xaa\xbc\xfe\
\xba\x95\xd0(\xdf\xa7\x14\x0e\x8bCj\x83\xcb\xa0\xc3A\
\xbe\xf6m\xdf\xcb\xfe\xe8NT\x15\x83\xcd)\xc5\xc2\xf5\
\x9a\xdbuz\xe5\xb5\x00\xb6\xe5\x02\xdc\xa42\xab\x17H\
5\x02P\xd4*H\xda\x0a\x9b\xc1T\xf70\x87'O\
\xe0*\x81\xa7@\xaf\xf6\xf4\xaa\xd2`\xb1<\xf9\xd93\
\x98b\x9e|e\x85b1\xc5.\xf7I\xe7\x17\xa8\xfa\
\x09\x97.=\xc9\xa7>\xf3g(\xb1\xa6G\xb0\xfa\xb3\
\xc9\xa0\xc3\x18'f^N\x9a\x94\xb8U\x0d\xfdhz\
rd\xc6%\xb6\xfd\x5c\x1e\xe0\x8b\x00\x8cX\x95\x84\xb9\
Z\x9dQ\x81/\xa0(k\xfe7l\xf9#\xee\xfa\xf6\
\x93\xb7\xf3\xeew\xbf\x9bW\xbd\xeaU\x08m\x90Z\xd0\
\x1f\xae \x94\xa4\xac\xeaDz\xdf\xf7\x11\xce^\x97\x90\
\xbeQz\xfa\x8d\x5c\xb5l\xd6l\xdcJ]\xb3\x9b\xd1\
\xee\xddzEo\xb5\x86l\x99\x12Uc\xbc\xf7\x9d\xff\
+\x87;\xa7\x08<\x08\xa2\xa2\xee\xcb\xd8h[\x19\xe2\
Zs\xb5\xf5\x1ct\xc3O\x9f;w\x8e\xabW\xaf\x12\
\xc7\xf1\x88\xd6\xf8\x87\xf6\xdcx\xces\xd0k\xa9\x8e^\
\xaf\xc7\xa5K\x97\x98\x9d\x9d\xe5\xf8\xf1\xe3\xd7\xf9C4\
\x86&\xcdB\xdal\x1b=\xe6\x0a\x1c\x1eq\xaf\xc7p\
\xe5\x12\x91\xef\xa3\xc4\x18_\xf7\xd6ogn\xfeq\x1e\
\x9f;\xbb:\xca\xd9&\xcb\x12\x92$\xa1\xd5\x8eVm\
O\x8b\x0dmA\xb7\xe2\xa0wjg\xba\x99\xe5\xe8\xfa\
\x9f\xcb\x02\xbc \xacO\x16\xaeD\x1a\x83\x90\x0a)=\
\xd2,E\xcb\x19\x0a\x930q\xb8Cf.\xf3\x7f\xfc\
\xf6\xbf\xe6\xbf\xc5\xfby\xf3\xeb\xbe\x8cW\xbe\xec5\xbc\
l\xe6\x0d\x04q\x84F\x91e\xb5\xee7\x88\x02\x84V\
X,\xd2\xe5H\xe9Q\x0d\xe1`\xeb\x04_\xf9\xe6\xf7\
\xf2+\xbf\xf3\x13\x14\xf1\x12\xe1\x98\xc6dO_h\x9b\
~>6Xd\x9b.\xe0\xd5\x89@aA\x048[\
7\x96\x14\x02WXd\x19p\xe2\xc0\x9dD~\x87,\
\xcb\xf0\x82\xa6)f\x11B\xa3P\x1c?v\x8c\xef\xbc\
\xf5\xa7\x88\xbd.\xae\xca\xd1\xbe$+\x04RK\xb2\xe5\
\x8c\x97\x1c\xfa\xc2Q\xe3\xcc\xd2\x18UY\x9c\x95xx\
|\xde\xf1\xbb\xf8\xc8\x99\x0fP\xe6u\xcc\xa2s\xab\xbd\
\x0c\xb1\xc1\x90\x0e\x1b\x83\x927\x5c\xc4\x0b\xdb\xb8\xca\x22\
tP\xeb\xb4E\x89r9\x08\x8b\xaf%\x12\x01\xc2\xc3\
\xa9\xba\x17\x10\x88)^y\xdb\x97ph\xfa\x0e~\xf2\
W\xbe\x99\xd6D\x17\xd1.\xc9\x8b\x01\xbd\xf11\xd2\xe1\
\x00<\x89u\x15j\xdd\x12\xdd\xab\xc7\x8b`\xe7iA\
\xcf\x04m\xb1\xdbD\xa2\xf5\xf7\xe5s9\xff\xf4\xed\xdf\
\xc5[_\xfe\xb5\x5c=?d\xe6P\x8bA\x96\x10\xa8\
\x1eZr\xdd0\xf7v=\xa1\xb53\x14\xcd\xb6\xb2\xb2\
\xc2c\x8f=F\x1c\xc7H)G\x00-\xa5\xfcG\xe5\
\x9e\x9f\xb3\x00\xbd\x7f\xff~1;;\xeb\xba\xdd.\xfd\
~\x9f\xf9\xf9y\xc6\xc7\xc7G\xaa\x8e\xc6\xed.\xcf\xf3\
\x1d})\xc5\xb0bl\xa2\xc3b\x7f\x11\xdf\x0f\xf1\xad\
B\xba\x9ccc\xb7\xf05oy?\xbf\xf4\xe1\x1fd\
yy\x19\x10\x84a\xedS\xddtv7N\xf9\xde\x1e\
pw\x02\xe4\xeb\x0f\xc4\xf5\xffW\xf3\x98\xb1\x9a\x96\xd6\
\x94e\x8a\xa0@8\x81-,\xda\x8f\x10A\x8f\x85\xab\
\x8bLN\xf5()\xc8\xca\x01\xe3\xb7tQ\x18>\xf4\
\xa9\xff\x87\xdf\xfb\x9b_\xe7\xd4\xe1W\xf3\x86W\xbe\x91\
7\xdf\xf5e\xccDG\x10.\x00\x07\x86\x8a\xbc\xcaQ\
\xda\xc3ZC\x1c)\x8c\x85W\xde\xfa\xf9\xf4\xbc\x83\x94\
\xad\x80~q\x05o\x03P\xde-W\xb9%\x07\x8aA\
JAU\x19\xa4\x96\xb5\x8fs\x09\x91\x8dy\xd9\xad_\
P\x9f\xb4\xb5\x02Q\x8d\xc09\xd4\x01\x0e\xcb+^\xfa\
\x0a^*_\x83\x07hS\x17\xc8\x95\xb4X$\xb6\x84\
\xc0\x03Dm\x8a%e\x9d\xca\xe2\x09\x08<\x89up\
\xf2\xc8\xedLN\x1cd8\x5c\xa6\xaar\xb4_\x87\x8f\
\xd6Wk\xe0V\x13WF\xefy\xa3\xaf\xd1\x1f'\xcd\
\x0a~\xf7O\x7f\x0f\xd1\x02'\x0dS\xbdq\x0eM\xce\
p\xdb\xd1\xe3\xc4^D\x92\x0d\x88\xc36Bk\xd2\xa4\
\xc2\xd3\x1e\xe3z\x1f\x9dn\x8f\xf7\xbf\xf7\xa7\xf9\xe1\x9f\
y?\x13\xb7\x05\x94$\x0c\xf3\x80(\xec1\x18\xf4\x89\
\xda\x1eU\xf9\xec4\xea\xb6KF\xd9\xe9\xf7\xb9>\x95\
\xfb\x99\xe6\xa0_w\xe2m\xbc\xf7\x1d\xdfM\xb6\x981\
3\x1d\xb1<\x9cGGc\xa4\x89\xa3\x1b_\xa3\xbd6\
\xe3\xa0\xd7\xae\xa7F\xc2\xdb\xfc\x9e\xa6)g\xce\x9c!\
MS&''G\x95s\x18\x86#u\xd9\x8b\x00\xbd\
\xc9\x974>>N\x9a\xa6\x5c\xbdz\x95n\xb7\x8b\xd6\
z4i\xd8(;\x1a\x0ab+\x10lG\x13\xe4v\
\x85Jf\xc4z\x1aYT\xe4\xc9,\xc2uy\xed\xa9\
\xb7\xf3h\xf1\x17|\xf8O?\xc4\xfc\xfc<\xddnc\
\x88\xd2\x18\xa6\xd8mA\xfaF\x15\x1b;\xddWH\x9f\
<+\xc8\xd2\x15\xda\xed\x16Q\x183\xe8\xe7d\xc3\x12\
\x84e|\x9f!I\xe7@x(?\x22\xb3\x0a\xe7\x0c\
z\xacM0\xd1\xe5\xb3\xf9}|\xe6\x8f>\xcd\xdf\x7f\
\xe2n\xbe\xfeK\xbe\x8dW\xdf\xf9&0\x1aa,q\
\x18P\xe0!\x95\x01W\xa2\x84\xa5'[\xdcq\xf2\xe5\
\xfc\xcd\xe3\x7f\x82\x9a\x88\x9eQ\xd5\xcaF\x15tE\x85\
\x87\xa3\xa8\x0c\xbe\xa9+[\xe9$\x91\xd7\xe2\xf8\xa1\x93\
uE\xab\x00\x0c\xd6Vh\xed\x83\x83\xe10\xa3\xdd\xf6\
qdhR\xa8\xc6\xa1\xb4x\xedE\xac\xd5H\xd5\xa5\
*\xaf\xe0\xf9\xdd\xd5\x85\x0aeY\xe1\xe9\xda\xc5\xdd\x16\
0\xd1\x99d\xdf\xd4\x01\xd24\xa5,2b]{X\
We\xb9J\x89T\xdb~\xaeD\x17\xdc?\xfb1~\
\xed\xee\x1f'\x98\xc90.C\xe4m\xc6\xc4Q\xee8\
\xf6j\xbe\xe7\xad?\xc6\xf8\xe4>\x8c1\x14UA\x14\
\xd7j\x942M\x08\x02\xc9\xc9}\xaf\xe5M\xaf\xfaR\
\x1e\x9c\xfb3\x8c\x9f\xe3\x07\x1d\x06+\x15\x81\x8e\xb0\xc5\
\x107\xf2\xab\xde\x9bj\xe6\x99TY\xec\x16\xc8\xf7\xb2\
}\xf77\xfd0~\xde\xa5\xaa\x86\x94f\x9e\xa8\x1d\x91\
\x951~\x08\xa6\x9a\xafS\xe6\xb7\xd8\xd6\x02\xf2u\x95\
y\x9e\xd3\xef\xf79}\xfa4\x07\x0e\x1c\xc0\x18\xc3\xd4\
\xd4\x14Z\xeb\x7f\xf4\xc6\xe0s\x9a\x83\x068x\xf0\xa0\
\x10B0>>\xcep8\xe4\xd2\xa5K#\xfa\xa3(\
\xae5\xae\xd6Jd\xd6\x0fX4\xf7\x15\x22\x87\xc2\xa7\
\xa7z\xb5\x17\xb4,\x91\xad\xa9\xdaj\xb2\x9c\xe7}/\
\xfd\x19\xbe\xf8\xe4\xdb\x11\xfe\x0a\xa9XD\xfb\x8a*\x19\
 \x95\xa1\xd4a\x9d\xd6\x8c\x1cq\x80\xd6^\x9b\xc8\x12\
B\xed\xa0\x0b~=\x87hG\x865bS\xb3\x9a\xeb\
\xaa\x1be\x19$)\xad\xce$U)\xc8\xcb\x0c\xab*\
D\x04\x85\xb2d\x06\xf0=\x84'\xb0\xae@\xb8\x0cI\
\x0e6\xc5\x99\x04\xcf\x95\xcc\x9c\x9c\xe6\x8c}\x88\x1f\xfd\
\xdd\xf7\xf1gg~\x1d\xa3s\xc0\x07\xebQ\xb9\x9aX\
@\xe4\x98\x14\xa4\x1d\xe3\xc0\xbe\xdb\xb0\xf6*\xb8\xea:\
\x93\x9e\x8d\x86M\xb0\x021r\xba\x13\xab\xceqM3\
\x0f\x04uf\x9eDa\x8d\xc4\x1a\x81E\xd5fA\x08\
$-L\xb9H/\x92\x14\xa5&\xf7z,dC\xee\
\xb8\xed\x0e\x8epr\xd5\xebZc\xac\xa9M\xf8W\x83\
i\xdb-\x1f0hB`\xbc\x9e\xe6nK`\x12)\
\xbb \xc1\xf3\xf7AV\x03\x5ce*\x02\xdd\x064\xce\
T\xa8\x00\x8a*\xe4-\x87\xbe\x09\xbb|\x89v\xbb\x22\
\xcdC\xb2L\xe2\x09M>4(?\xad\xbf#'\xd7\
\x98$\xd5qW\xcd\x84d\x8c v3\xccL\xfa\x1c\
\xda\xb7\x8f\x03c'\x99\x9a\x0a\x91\xbdE\x1e\xb8\xfaG\
\xfc\xe4\x9f\x7f\x13\x97\xe5E\x94SD\x9e\x22\xab\xe6\xc9\
\x04\x18\x1d\x83\x08\x89+\xc3\x97~\xc1w\x90\xaeL\xa1\
=pE\x85'\x0c\x88\x94\xc2\x86\xab\x7fE\xbb:\xa9\
X\x8dn\xcd\xfdu!!7\x5c\xce#\xc5\x93T\x98\
\xb2\xaa\x0d\xc2\x84\xa83(\x95\xba\x8e\x1f\xd8\x9c\x0f\x96\
\xd7\x1d\xff\xd7\xb8\xef\xe6\xfe\x8d9\xedkM8F\xb7\
\xf5\xaf\xe1\x9c\xa0\x14}\x22/\xc6e\x86\xca)\xca\xb8\
C*\x96\x89R\xc9\xcf}\xcdo\xb3?:\x88u\x05\
\xb2\xa3\xb1\xb2\x8b\xcb5\xa1+\x90\xae\xc0\x88\xce\xb6'\
\x97f\x22v=W\xed\x9c\xe3\x9e{\xee\xa1\xd3\xe9 \
\xa5dbbb\x14\x06\xfb\x5c\xda\x9e\x93\x00\x0du\x0a\
\xb8\xef\xfb\xb4\xdb\xed\xd1l|\xe3\xc7\x9ae\x19A\x10\
\x8c\x0cN63\xfcYo\x88\xb2\x91\xf2#\xc9\x17\xf8\
\xe6\xaf\xf9\x17\xbcd\xe2\x0d\x94\x8b\x06\xad\x15\xc2\xef\x92\
e\x92\xc0\xab\xfeA'\xa86|\xae\xb0x\x9e\xa4*\
\x0d\x85\xb1 =\xe28&M\x87h\x05\xba\xf4\xd0\xa5\
\x87*=D.0\xa9\xc0&\x0a\x91\xfb\xa82$t\
m\xaa\x81\xc5\xd7!\x93\xfb\xa7\xf8\x9d?\xfa=\x16\xcb\
E\x5cX\x7f\xfb\x9e\x802\xaf+F\xa5\x83\x11Gg\
\x8cC\xae\xfa%?\x9b\x9e\xc0\xd6H\xc4j\xfa\x8a\xa3\
\x0e\xa5\xf5\x9c\xc7-GN\x80\xf3\xc8\x8b\x1c\xb0(\xa9\
\x09\xfc\x18\x9cG\x91K\xaa\xca#\xcb\x1c\xd6\x94[\xde\
\x08\xc0:\x8bX\x1d8\xb1\xc6\xd4\xa1\x03\x80\xf6\x04\xb7\
\xdd\xf2\x12\xe2`\x1cS:\x8cMq\xe4\xf8\xbeG\x1c\
\xb7\xa8\xca\x9d}\xa6\xba\xb9\xd8\xc4\x93\xb9\xeb\x9aP\xe7\
\xe7\x9e\xe4\xbe\x07?^\xc3\xbas\x04^\x5c\x87\xe7z\
5\xd8+\x1dpp\xe6\x00S\xddi\x84\xf1\xb0\xaeB\
\x08\x87\xe7\xeb\xd1\x90\xd43\x99\x91\xf9L\x1f\xb37\xf2\
:k\xf7k\x07=\x96\x92\x8b\x88\xb0\x85E\xa2\xedU\
\xecB\xcc\xd7\xbf\xfd\x079q\xc7\xcc\x8e8\xe5\xad\xa8\
\xceF:\xdb\xfc\x9c$\x09\x00\x0f>\xf8\xe0h\xf0-\
\x0c\xc3\xd1\xd4\xe0s\x85\xdax\xce\x034\xc0\x91#G\
D\xa7\xd3\xc1Z\xcb\x85\x0b\x17(\x8ab4U\xd8\x00\
I\x13\x91\xb5\xf6\x8bZk\xb8\xb4^'\xbd\x1e\xa8\xbd\
\xd8\xc0r\x9b\x1f\x7f\xdf\x7f\xe2@x++\xcb\x19A\
g\x12+|L\xb6\xb2\xcb\xcb\xf6gf\xdf\xeb\xb6\xaa\
 \x0c|\x90\x02c\x1dEn\xc8\xf3\x922/\xf0\xa4\
\xa0\x18\xc4\xb8\xbcC {\xb4\x831:qD\x1cK\
\x94\xcepb\x00\xa5%\x1d\x0eA\x19./\xcfQ\xa8\
\x82\x8b\x8b\x97H\xaa\x92r5\x11\xd0\xadZs\x22\xeb\
J\xc7\xf7=\x9c\x15H\xe7\xefZ\xad\xb2[\x0eTX\
\x09\xce\xc3\xe0@\xe4TyF'\x18\xe7\x8e\x13w\x81\
\x13\x84Q\xb0j\xdd\x09X\x0fc@\x05`5\x88\xd0\
G\xa8j\xcb[&\xfa\x18\xb9z\xe2u\xb5\x91\x0eB\
\xd4\xa0\x0d\x1c\xe8\x1e\xe4\xc0\xf8)\xca\x0c\xa4\xc8\xa9\xaa\
\x1ckk/\x87\x22\xdf9-e\x8c\x19\xd9\xb66W\
u\x9e\xe7\x91TK|\xfa3\x1f#\x17+X\xeb\x10\
\xd4)\xe6\xf5\xf4g\x09\xf8L\xb6\xc7\xb9\xe5\xc0m\x98\
TaL\x85\x13u\xe5\xe9\xd6\x999\xed\xf5o\xbf\x9d\
:c'4\xc63\xcd1'\xfd\x01~\xbbG\xe2\x0a\
\xe2\xd8R\x5c\x1a\xf2\x9eW\x7f3\xef~\xf37Q\x9a\
jS\xb3\xa3\xcd\x00y\xa3\xfd\xab\xaa\x1a\xf9<\x87a\
\xc8\xd9\xb3g\xb9x\xf1\x22J)Z\xad\xd6\xc8N\xf4\
\xd0\xa1C\xe2\xb9\x86\x81\x1e\xcf\xf1-\x08\x02\xa6\xa6\xa6\
\x98\x9d\x9d\xe5\xdc\xb9s\x9c8q\x820\x0cI\x92\x84\
(\x8a6U\x18\xec\xd4\xd4\xbcr%\x11\x11\xdaL\xf2\
\x13\xdf\xfb\x8b|\xe7O}+\xc3\xd6\x900\x16\xa8B\
5\xd0\xb0\xe9\xe4\xdcF/\x7f\xa3\xb9\x84\x1b}\x0e[\
\x16H\x19\xe2\x800\x8c\x91\xc2\xc3\x169\xfb\xc6\xf6S\
$Cz\xfb\x04e\x99\x92\x15EM\xff\x08\x8b\x90\xde\
\x88\xea\x89[\x824/\x11\xbebr\xff\x18\x83K+\
\xb4[\x11\xb1\xa7Q\xce\xe2\x04Da\x00U]Y\x14\
\x06\xf2*\xadegF<\xed\xfdl\xb9\xf8h\xc6\xd4\
\xb7\x06\x86\xb5a\xa2\x02Ei@)\x10\xb2\xa2\xec\xe7\
\x1c?\xfa\xf9L\x87GGyE\xd6H\xb0\x0e\xb5\x1a\
B>\xa8R>\xfc\xb7\xbfO!VPvb\xcb\xbf\
\xe7\xf8\x94\xe2\xf5/\xff\x12<4\xb8Z\xa6\xe8\xa8)\
\x1a\x89\xc6S\x82;o\xfdB\x1e\xbf\xfb!\x82.T\
\xa6$-r\x02\xa5\x11\x0487\xd8\x06\x04\xd76\xa1\
\xc4\xa8q\xb6*F'l\xc3g\xe7\x1ee!\xbb\xcc\
\xb4\x7f\x0c\xe9$\xd2\x82\x90\x16\xa4\xc3\x95\x0e\xa9\xe1\xce\
\xdb\xee\xe2\xd3\xa7?\x84\xee\x94\xa0 /\x0d\xb6\xca\x90\
^\xbcA\x1c\xd4\xe6M\xdb\xcd\xc0jtB\xdc \xae\
j\xa7*\x8bgC\xe7,\xb0Te\x1b\xbf\x930\xbc\
:\xc7k\x0e\x7f\x05\xef\xff\x86\x1fd0\x5c$5\x1d\
\x9a\xdc\x8e\x9d\x02\xf2\xfa\xfb\x9b\xab\xecf\xc28\xcb2\
\x1e~\xf8a\x94R\xf4z=\xa2(\x1a\xb9\xd6=\x17\
\xb7\xe7<@\xcf\xcc\xcc\x88\xb9\xb99\xd7\xeb\xf5\xb8r\
\xe5\x0a\xadV\x8b\x83\x07\x0f^W\xa94\x15q\xc35\
\xad\x1ddY\x9f\x13\xb8^]\xd1\x0a{TE\x1fU\
\x85\x1c\x8cN\xf0\x03\xdf\xf5\x13\xfc\xf8\xff\xf9=\xe8q\
I :$\xae\xda1\xe8n\xf4\xf3f\xd2\xb4k\x07\
\xeb\xd6\x8f\xc7QDn,EU\xac\xa6mT\xb8L\
q\xf2\xd6;y\xe4\xfe\x87\x98\xad\x1e\xac\xaf$tD\
\xd0n\x13\x86\xe3@D\x9e\x09\xd2\xbcB\xca+\xa0\x03\
\x96\x96\x96\x90E\xc1\x17\xde\xfa\xa5\x1cn\x1dB\x19\xc0\
@%r\xb4\x17\x80\x92Te\x89\x0a4O>u\x1a\
\xa9e\x1d\xc17\xf2Z\xd8z\xe1\xdfP%\x87CI\
G^J\x84pHg \x87\x97\xdd\xfa*\x14\xf1\x08\
\xf0\x95T\xd8F\xd3M\xc9\xb9+\x0f\xf0[\x1f\xfeE\
d+%\xf3\x16\xb6\xfc\x7f\x8e\xf5^\xcfKN\xddI\
\x1ctp\x05\xa8@b0xJ\xe2*\x90\x16^u\
\xfb[\xf8\x83\x8f\xfd7p\x8b\xf5\xa0RU\x9b4i\
/$+\x9aoi\xbd\xb7\xf0\xb5\xb3\xb3\xe0\xda\xf4\xaa\
\x15\xd7\x1c\xe3\xac\xb3\xe0\x09\x16\x86\x1793\xfb0S\
'\x8e\x81\x03-W\x19z\xa1@j\x84\x83W\x9e|\
\x15\xbf\xfb'\xe3T\xe2\x12JK\xca!xJ\x8e>\
\xf7\x8d\x00b\xf3\xc5=\x0dXoP}\xb1\x13p~\
\xfa\xcfb\xcbJ;\xf2\xf7\xb1R&\xa8\xb4\xe0`\xfc\
r\xfe\xf5\xf7\xfc\x02\xa6\x9f lN;\x98\x01\xb2]\
\x83\xf2\xda\xad,\xeb\xf8\xab\xa6\x8a\xbe\xff\xfe\xfb)\xcb\
\x92v\xbb\xcd\xd8\xd8\x18A\x10<'\xa9\x8d\x9b\x06\xa0\
\x1b\xa2\x7frr\x92,\xcb8\x7f\xfe<ccc\xc4\
qL\x96e\xa3h\xac\x86\xe6X\xef\xcc\xb6\x9dc\x97\
+\x15N\xe6\xf8q\xc0\xe2|\xceko\xfd'\xbc\xff\
\xbd\xff\x92_\xf8\xcf?\x09q\x84\x8b7\x07\xe6f\xa1\
n\x05\xd2\xbb\xa9\xae7:\xc8\xd2\xa4\x00Y\x1b\xde(\
\x0fT\xe5\xf1\x8a;^\xc3\xff\xfc\xb5\xff\x0bW\xdf\xbc\
\xc8\x07\xef\xfd]\xe6\x17.qq\xeeI\xae\xce]\xa2\
\xef\xae\x22um\xee/=\xc5`\xa1 \x8e&9\x18\
\x1fb\xbc\x1b\xf3]_\xf7}\xf8\xc4\xa4K\x19Q\xd7\
Cz\xa2\x0e\x07\x15\x0a\xa7\xea\x90\xa0G\xcf\xde\x8f\xf4\
-\x16\x83\xd8\xa1\xccn\xf3\xfaRl\x5cI7\x00!\
\xf2:\xec\x17\x850%\xe3\xd1\x14\xb7\x1f\xbb\x0b[y\
\xa8\xda\x9f\x08\x1c\xb8\xca\x81\x84\xa4Z\xe6\xec\xec\xc3\x94\
\xc1\x02\xd3\xc7C\x02sp\xcb\xef\xf7\xdc\x85\x87\xb9\xb4\
\xfcY\x8e\xee\xbfm\x14`:\x8a+\x15\x02,\x1c\x9e\
\xbc\x9d\xc9\xce1.\xae\x5c\xc0\x8f;H\x19P\xb9\x02\
)\xfd\x1d\x1f\xa3M\xfc\x97\xa0>\x998V\x13\xe8m\
\x88\x95%\xa7\x9fz\x90\xd7\x9dx\x07\xabI\xac8,\
\x06\x8d'A\x98\x8a\x83\x9d#\xcc\x8c\x1d\xe3\x89\xf4\x1c\
\xda\x0b\xb1\xceG\x89r\xd5\xa7dc\x90~Z@\xf1\
\xda\x93\xc7\x06\x7f\xf3\xf5\x15\xf43A[\xecU\xe7\xdc\
O\x04\xadv\x86\x9f\x1c\xe4\xa7~\xe0\x03DJ\x93\xe4\
\xf3\xe8`\x06\xb9J\xb9mFkl'\xad[\xab\xe2\
\xd0Z\xf3\xd0C\x0fq\xfe\xfcy:\x9dNm\xec\xef\
yDQ\xc4\x91#G\xc4s\x15\xfbn\x0a\x80nB\
\x1a?\xfb\xd9\xcf\xbaK\x97.q\xfe\xfcy\x8e\x1e=\
:\xe2\x95\xd6\x9a\xa04\xd6\x81k\xf9\xe8\xb5\xd5\xecZ\
 t\xce\x91\xf6\x13z\x93\x93,&\xcbt\xc7:\x14\
K\x96w\xbc\xe2\x1b\xb8\xf4e\x0b|\xe8\x9e\x0fR\xd2\
\x7f\xda\xd4\xe2n\x80w\xbbJ{\xdb/H\x85\xf8\x91\
$\xa9\xfa\xa4\xe9\x90\xfe\xe5\x82}/?H\x9b\x03L\
N\x9f\xe4{\xdf\xf1\x1a\xd2\xaa\xe2\xa9\xd9\x879w\xf9\
!.\xcf\x9faap\x89$_!\xaf2&\x8f\x1e\
!\xf2\x0fp\xea\xb6;\xf9'\x9f\xf7j|Z\xb8\x5c\
\xa2\xbb!\x95\x1e\xa2\xf0)\x0a\x8b\xef\x0b\x9cr|\xfc\
\x81\x8f\xb2\xd0\x9fC\xec/@\x9aQ\xa7\x7f\xdb!\x15\
\xb7\xd9(\xc7\x16U\x98\x80\xca\x0c\xf1\xbc\x1e\xa5q\x88\
\xd2qt\xe6\x04\x87&N\xe02\x85\x08k\xed\xb2\x12\
\xab\x0d\xb3\xd5\xea\xf4\xde\xfb>M\xd8\x0b\xc9DJ\x95\
o\x9d\x11\xa7\xc6\x0a\x1e:\xfd\x09^\xb3\xff\x8b\x90z\
5\xcd\x84\xd5\x01\x10G-/t\x9aW\xdc\xf1:\x9e\
\xfc\xc4G\xd1\xa1\x873\x02's\x9c\xd9A\x9c\x17\xd7\
&\xd4\xac\xa9\xaf\xe2\x9ch\x06[$\xd2\xf9\xe8(\xe7\
\xc9\x8b\xa7\xc9\x18\x10\x88\x00L\x09\x9e\xa0t\x02\x8f\xba\
Qk\xf08u\xcb\x1d|\xe6\xbe?\x83\xb0B\xc9.\
\xd6\xf4q\xabi0\xd7%k_+\x8e\xb7\xa78\xd6\
\x15(k+\xe8\x9d\xf0\xc5\xcf\xb6\xceY\x869-3\
\xcd\x0f}\xc7\xcfs 8@2\x9cG\xc6m\xac\x13\
\xd8\xb2\x8f\xf2\xfc=q\xd0\x8d+\xe1`0\xe0\xf4\xe9\
\xd3\xa3d\xeev\xbb=2h{.o7\x05@7\
\xdb\xf1\xe3\xc7\xc5\xc3\x0f?\xec._\xbeL\x18\x86\x1c\
9r\x84\xa2(\xaek\x026\x12\xb0\xf5\x06\xff\x9b\x0d\
\x85L\xf6z,%\x05\xa5\x08\x88\xbc\x9c(\x8f\xc9f\
\x03\xbe\xf1]\xdf\xcbU{\x91\x8f}\xea\xcf\xf7\xa4\xff\
\xdd\xed\xb6\x1e\xbc\xab\xcaB\xe5(\xcb\x82(\x88\x88'\
\xa6\xb8\xebe_\x804!d\x10(\x08\x94d\xec\xf0\
\x9d\xbc\xfc\xc8\x1d8\xc0\xa00H\x1c\xe0\xb1\x04tQ\
H\x5cQ\x22\x84\xae=\xa4\x03Xd\x89}L\xe3y\
\x92\xac\xca\x90\x9e\xe6\xc3\x7f\xf6!\xbc\x00\x8c4T\xae\
\xc2[\x17\x0c\xfbt;\xd5=~^\x93!\xfc\x09\xca\
\xb2B\x96\xb0\x7f\xdf!B\xda\xb5\x5c\x8f\x0a5\xd2\x22\
\xd7\x80\xea\x84\xe6\xf1\xd3\xe7h\x9f\xd8\xc7\xd5\xe1\x13\xf4\
\xaa\xad\xdfK\x1e\xe6<\xf0\xd0'\xc9^3 \x12\xe3\
X[\x7f6aA\xa3\xebF\x9d\xd1\xbc\xe2\xf3^\xc5\
\x87\xee\x8b\x10Bc\xacCH[\xf3\xc4[\x96\xcd\x9b\
\xa4\xd0H\x87\x90\xaa\x1e\xc8\xcf\x15R9f/\x9fg\
\xa9\xbf@\xaf=YO\xa8z>B@\x91\xe5\xf8\x81\
B\x188~\xf4$\xe2~\x81\x90\x12\xcf\x8f\xb0)\xa0\
\x9e\xddcm7\x0d\xc2gc\xcby\x8a\x7f\xfeM\x7f\
\xc0\xed\xd3\xaf&\x99\x9f\xc3\xef\x8ec<GU,\xd0\
\xd5c\x14;\xb9z\xd9\xe2xl8\xe8O~\xf2\x93\
\x00\xa3\xa6`\x13\x04\xfb\x5c\xa56\xae?\xfd\xdfD[\
\xb7\xdb\xa5\xdb\xed\xb2\xb4\xb4\xc4SO=E\x10\x04\x14\
E1j\x024\xc0\xec\xfb\xfeu\x1a\xde\xcd\xce\xc0\xa9\
M\x09<C[\x85\x982\xa4\xf4-\xaa\x9d\xa2V\x04\
\xef\xff\xa2\x7f\xc7k\x8e\xbc\x15]\xe6x\xe1\x129\xd0\
Oc\xfc\xa8K\x95/0\x16\x1a\x8cq\x9bj<\xaf\
\x0f\xe8t\x9b\x04\xae>\xddga\xed\xcfVE\x94\xa2\
D\xfa\x16*\x09f\x8c\x83\xfboG(\x07q\x86\x0d\
\xfb8\x9dbE\x86\xa1\xc0Q\x9b\x1dyTh*\xbc\
r\x0c\xcfH\x84\x01\xe9i\x9c\x02\x17\x82t0\xc5A\
\x94\x81b\x90\xa1\xbc\x98\xdf\xfd\xcb\xdf\xe3\x9e'\xff\x90\
`\x0a01\x81\xabVC\x0d\xecu\xb7:i\xbc\xbe\
)\xedQ\x16\x01\xb6\xca\xf1H\x91\xd4\x9a\xe3B\xa4T\
x\x88|H%5y;\xa3\xc8\x1d*oa$\x14\
.B\xcb\x92\xc8\x1d\xc6\x9a>R\xaf@\x19\xf1\xf9\xb7\
}1\xd2h\x8a2\xa3\xa2\xa4b\x881\x80\x12T\x12\
\xee{\xeac,\x98\xb3x~IP\x06\x18a\xb7\xbc\
\xf5\xbc\xc3\x5c\x5c\xb8\xc0\x99\xa5\xb3\x18\xaf\xbe(\x88V\
\xc3b3\x09\xa5\x8cq\x0an\xed\xbd\x8c\xe3\xde\xeb1\
\xc3\x04\xfc\x05\xf2\x5c!\xcdA\x9c\x09\xc9\xc9\xb18\xf2\
\xdc\x00\x0e\xeb\x960\x94d\xd6\x83J\x22\xbd\xcbxA\
Hf+\x08\xa0\xaa\xc6\xeb\xa9G\xdb\xc7z\x19V\x18\
\x0a\xb7\xc8\xd9\xf3\x1f'/\x87x\xb2\x85D\xe3X\xc4\
\x85\x8a\xbcL\x90\xaa\xe4\x8e\xdb^M(\xee$7\x09\
\xb9;M zXg\xea\x9cCl\xdd\xdc\x5c\xfd\xbd\
\xb9\xe9\x5cS\xa8\x0c#AZ\x1fe\x96\xa8DB%\
4\x99\xc9AH`@\x95\x83\x0e%\xd6\xd7\x0c\x8b\x90\
\xca\xf4i)\xb9\xa5\xd7\xc7z\x9d\xf3\xfa\xe3\xb7\x06\xc0\
\xadu\xceq%\xc8mF\xe2\x0b\xaa\xc8P\x16\x0b\xc8\
\xa1G/\x9ca1;\xc7/}\xd5G\xb9\xa3u\x07\
\xa8\x1c\xd9\x89(mJ(%\xedh\x8aaYn\x9b\
b\xde\x00p\x9a\xa6#\x0cX{U-\xa5\xe4\xef\xfe\
\xee\xefXZZblll$\xa7\x9b\x98\x98x\xce\
\x83\xf3M\x09\xd0G\x8e\x1c\x11\xadV\x0b\xe7\x1c\xf3\xf3\
\xf3,..\x8e\xd2\xc0\xb3,\x1b\x85;fY\xb6a\
d\xfd\xfa3\xefv<\xd6\xbf\xfa\x9f~\x9c\xdb\x0f|\
1\xd9\x5c\x8c\x16\x09\xbd\x89\x8c$I\x08\xa2\x83\xcc-\
d7\xec\x8b\xbcSm\xab\xb4\x05\xdaZT\x09ej\
y\xc9-w0\xae\xa7\xf1\x9c\x06\x13\x22M\x07aZ\
\x88\xaa\x8d\xcd[\x98\x22D\x18\x8dr\x1e\xcay\xa0\x87\
\xa0R\x8cH@\x94\x08YW\xa5Z\x94x\xb6\xc0\xa1\
\xf1\xbb\x1e\x1f{\xf0O\xf8O\xbf\xfe\xa3L\x1f\x0a\xc9\
\xf3\x9c\xa2\x90`\xe3my\xe6$\x19 \x9c\xc0\xf7#\
X\x95\x90y\x22D\x13\xd4\x19\x02^\x07UG\x06\x10\
z\x9a0\xf4\xc9\xf3\x8c4\xc90\x95c)Y\xa1,\
-\xca\x04\xdc2}\x92\x93G\xee@8\x88\xc2\x10\x83\
\xc4\xa7\x873\x1eupy\xc5\xa3\x9fy\x00\xe5\x19\x86\
\xc3>[\x0dJ4\xb7\xa5\x95\x0b\x18\xb9\xc8#g\xfe\
\xb2\xe6\xbb\x9d\xc5\x99\x02\xad\x0cZ\x82\xd6\x15\x9e\x80\xc8\
s\xdcz\xfc(y\xdaG\xfb\x960.\xc9\xcaKh\
\xa9\xf1dP\xfbH{\x0a\xacF\x8b\x16\x0a\x8d4@\
\x09\xce*\xca\xc2 \x85\xa0*\x0b*S_\xd5)\xbf\
\xfe{\xa4yN?\x1dp\xfa\xa9\xd3\x08\xbf\xae\x8a\x85\
\x85\x90\x98\xb2\x92\x04\xba\x0bF\xd3U\xe3\xdc6s;\
6Q(\xa7\x19d\xdb{A\x07^Pk\xafk\xaf\
Y\x84l#]\x8cr\xa0\xa9\xa7.\xa5\xa8S\xec\x87\
\xfd\x01U\x91\x13\x86>\xbe\xef\x93e\xc5\xae+\xeb\xdd\
\x1e\xdb\x03\xaf T\xe3De\x89Wy\x84\xf1\xed\x14\
A\xc2\xca\xe2\x13\xfc\xd0\xd7}\x80#G\x8e\xd0n\xb7\
G9\x8e\x8d\x89~\x13\x1c\xbd\xdd\xe6\xfb>+++\
\xb4\xdbm\xa4\x94$I\x82\xd6z$\xc5}\xe4\x91G\
\x18\x0e\x87\xa3\x11\xee8\x8e\x89\xe3\xf895-\xf8\xbc\
\x02h\x80^\xaf7\x02\xe1\xd9\xd9Y\xd24}Zc\
n}\x18\xeaf\xcew\x1b\xdd\xb7\xf6\xfe\xac/\xf9\x97\
\xdf\xf6\xf3|\xfe\xb1/Cf%yr\x01!-y\
\x19\x10\x8f\x1f\xd8T\x81\xb1S?\xdd\xed\xfc\xa0\xb5\x07\
\xb62\xb8R\x22+\xcd\x1d'\xeeD\xa1H\x13(\xfa\
n\xd4t\x12\xb2v{\xd3\xda\x22e\x05\xa2\x04\x97\x93\
\xbb:\xd5DI\x0dB\xe1J\x8b\xc9J\xeakG\xc5\
\xd5\x22\xe5\xf7\xfe\xe6\xb7\xf9\xd1_\xf8g\x9c\xba\xabM\
\xa1\x16\xd0a@\xaf3C\x96\xb8m\xdf\xaf\xf2\x13\xf0\
R\xac\xcc\xb1\xe4\xd4\x9eGu\x16`\xa8\x1c\x98\x9aE\
HW\x86,/\xcd\x93\xa7}\x9c)\xf1\xa3\x900\x8e\
i\xcfx\xe8\xc82XX\xe4\xf8\x81C\xe8\xca\xe1\xb2\
j\xf5\xc8L\x11N\xe3JQ3\x1e\xe4<\xf2\xf8\xa7\
\x99\xdc?\x86\xf0 \x88\xe2\xed9<\xafEo\x22\xe2\
\x91\xb3\x9f\xa0b\x80\xf0$\xa6\x0c\xc1\xfa`\x0c&-\
\xb1\xb9\xc3\x16\x92\xbb\xeex=\xa2\xe8Pe\x1a\xa54\
\xca\xb3\x94\xf9\x12\xd8\x15\x04\x09\xc6\xda\xd5\xe6f\x81 \
\xc7W\x164HY+?B\xed\xa3\xa4E\xafF\xca\
\x14\x99#\xf2jP\xf0;!\x9fy\xeaQ\x06\xf4\xeb\
p\x96\x12D\x15\x10z\xaeFyS\xd1\xf6C\xbe\xe0\
\xf6\xcf\x83,\x03\x99C\x94n\xeb\xc7m\xab%`\xb0\
\xda/X\xb5\xd1\xabr\x84s\x84\xaa\xac'\xea\x85&\
\x0e\xdbh\xa9\x90\xc2\xe2l\x891\x0e\x83\xde\xb8\x81\xbb\
\xc9qz#\x85G\xae<\xcar\x11\x95D\xa8l\x82\
\xdc\xcdSY\xc3w|\xf5O\xf0\xd6\x13\xef\xa6\xd3\xe9\
\x8c\x8a\xab\xa6\xa9\xd7T\xeak\xdd\xe46+\xa4\x1am\
s\xf3\xdc\xd1\xba\xd1\x9a\x0b\x17.\xf0\xd8c\x8fa\x8c\
\xa1\xdb\xed\x12\xc7\xf1\x88\xe2\xb8Y\xb6\x9b\x12\xa0\xa7\xa7\
\xa7ECu\x0c\x87C\xce\x9f?OY\x96#\xd0\xce\
\xb2\x8c0\x0c7\xf5\x8b\xde\xcd-(\x03z\xf4\xf8\x81\
\xf7\xfd\x18w\x1e|#v\xd9\xc3\x16CtT2H\
\x93\xad\x9bf\xbb\x08\xd9\xdcl\x9fA2$\x8a\xbb\xc4\
\xad\x1e\x0bK\x8b<u\xe9,\x0b\xd5ET+\xc7\x1f\
7\x181\x04\x99\x81(\xa8\xaa\x84<\x1fR\x96y}\
\xcd)%\x81\xeb`\x8a\x80d\xe0Q\x165\x8a\xcb(\
b\xa5H\xf8\xdc\xecy~\xe17\xff-\xbf\xf8\xeb?\
\xce\xad\x9f?\xc5\x95\xe1\xe7\xd0a\xc0`P\xb1\xb2\xb2\
B\x18\x8b\xa7]\x02\xaf\xbf\x84\x0d\xbc.\xa6\xf2H\x12\
K\xb1\xaai6\x95\x04\xb7:\xfa]\xd5\xea\x93v7\
\xa6\xdbm\xd3\x8a\xa3\x91~\xfd\xca\xfc\x22+iA\x91\
)t\xd5\xe3M_\xf0e\xc4\xfe\x04\x22\xac\x13\xb8\x05\
\x11\xa5\x01\x1d\x81\x8a\xe0\xdc\xd5\xc7y\xf2\xfc#(\xdf\
\x90\xa6)\xc3a\xba\xed\xb1R\x16m\x0a\xe3q\xf6\xfc\
9.,]\xc1\x08\xf0t\x80\x10\x01\xd6*\x94\x1f!\
\xa5 P\x11/\xbd\xe5\x0d\xccL\xbc\x9ct\xa9\xc5`\
Y\x22\x88\xd1\x22\xc6S\x01\x0e\x85\xf4%\xc6@Yj\
V\x91\x19\xa7\xa0\xb0\x15\x85\xa9jS&\x0c~\xad\xa3\
#/-I?\xa9S\xd9\xb5\xe0\xb1\x0b\xa7y\xf8\xa9\
\xfb)D\x85\x18a\xa3\x02\x14&1PIN\x1dy\
%\x81\x1d\xa7\xc8<d\xd0\xd9\x16,\x85\x0bi\xb5z\
 \x15\x15\x8a\xaaRH\x1d\xac6\x14%F\xc20\x1d\
`\x0d(!\x09\xb4\xc2\xd8\x92\xd2\x1a\x94\x17mZ$\
lU`lg\xb4\xb4v\xd3\xb2\xac\xed\x12T\x9b\xb2\
\x5c\xa6\x5c\xbe\xc4w\xbd\xe7\x87y\xf3K\xdfK\xe0\xdc\
\xea\xd5Z1j\xee7U\xf4N\xf9\xe6\xaa\xaaF\xe6\
i\xce9\xa2\xa8\xfeL\xc3\xe1\x90\x87\x1ez\x08k-\
\xedv\xfb\xba\xa6\xe0\xcc\xcc\x8c\xb8Y\xb0\xce\xe3&\xdd\
\x0e\x1e<(fgg\xdd\xec\xec,KKK\x8d\x5c\
\x06\xdf\xf7\xa9\xaaj\xe4\x5c\xd5\xd8\x92\xeeD\xcc\xbf\xfe\
~\xe7\x1c\xddV\xc80\x9d'\x0aC\xbe\xff[\x7f\x9e\
\x9f\xfb\xb5\x1f\xe1\xd3\xe7>L./\x11\xb5\xa6\xb1i\
\xb9\xa9\xf6y'*\x8e\xf5\xaa\x92\xf5?\xfb\x9d\x0eW\
W\x12\xba\xed\x98\xe9c\x07\xf9\x8b{?\xc4\xc7>\xfe\
W\x9c8x\x8a/z\xd3[x\xe5\xad_B;\xee\
\xd0\x8e\xba\x08\x1d\xa3V\x17\xbeY\xf5#R\x0e\x94\x07\
\x81_\xa7\x5c\xcf\xa6\x97\xb9\xef\x91O\xf0\xd7\x7f\xf7\x11\
\xee\x7f\xe8>\xfa\xfee\x0e\x9cjS\x88\x9c0\x9a\xa0\
\xbf\x02\x9dv\x87Ar\x05\xa9\x05U\xe6o\xf8w\x19\
UH\xc3\x16\x81\x17\xe2G\x13X|\x5c\x08\x06Ia\
\xeb\xb4\xf50N(\xd1\xcc\xad\x5c\xa0\xb4)\xcb\xfd\x14\
C\x80\xaf[\xc4AHRD\xc4*\xe2\xf0\xf4\x0cq\
\xb0\x9f\xe5\xa2\xa2\xe5k\x96\xd3\x8c\xc8S\xe0\xad`\xf1\
(H\xb8\xff\xcc\xdf\x13\x8dk\x84\x0f\xd2\xd6\x0a\x89\xed\
\x0a;)\x15B:DP\xf1\x99\x0b\xf7\x13\x853D\
\xda'\x12\x8aJW8$NI\x92\xac\xa0\x90C\x0e\
\x1c<\xc8\xc2\xf9\xa7\xa8\x18\x22\xa5\xc5\x98\x1e\xc3T\xd1\
w\x05m\x19\xd5\xd5/>\x03S`\xf3\x12?\xf6\xa8\
\xbc\x94V'&\xcf\x93\xda\x85N\x1b\x82\xa8M+n\
S%\x05 \xf0\xc3\x88<*\xf9\xccS\x9f\xe6\xc4\xc1\
\x13Lz3 \x1d\xa9k\xa3ME<\x16\xe0\x1c\x1c\
:p\x8a\x93\xc7^\xcd\xd9\x85\x87I\x87\x02_\xe4\x1b\
jH\x9a\xef\xa0,\xdb\xcc]M\xc8\xa6AjW\xfb\
\x88\x00\x95\x812\xef\x13\xb5|DT\xa1C\x8f\xe1\xb0\
\x8f\xe7\x95`\x14JG(\xcf\xa30\xe9\xae\xa8\x8d\xdd\
\x8c\x9d;\xe7\xd0Y\x86\x0eN\x921O\xb18\xcb\xf7\
~\xf5\xbf\xe1\xcd'\xdeE\xe4VX)B\xfc\x90\x91\
\xbd\xe7zc\xb2&\xa4c\xabu\xeb\xfb>I\x92\x10\
\xc7\xf1h\xc4>\xcb2\xee\xbd\xf7^\x96\x97\x97\x99\x98\
\x98\x18\x81\xb3\xef\xfb\xcf\xc9i\xc1-\x1b\xa0\xdc\xe4\xdb\
\xe9\xd3\xa7]\x92$\xe4y\xce\xcc\xcc\x0cG\x8e\x1c\x01\
`8\x1c\xd2j\xb5\xaeK\xec\xdd\xa8\xa2\xb5\x1b\xc9\x90\
\xd6\xfc\x9c\x0f\x13\xe2\xb6%/$\xca\x9f\x22\x11\x8b\xfc\
\xcc\xff\xf5\xdd|\xfa\xc9\xbf\x80\xb0\xee\xfao\x0d\xf4n\
\xd3\x13\xc2Nt\x9dB\x87\x0c\x87}\x84\x10\x84\x91O\
\x95\xe6Lv'\x18,\x0eYYZ\xa1#\x0e01\
6\xc9\xfe\xe9\xc3LO\x1c\xa0\xdb\x99\x22\xf2;H4\
\xd68B\xb1\xccJ\xd2\xe7\xc2\xdcy>{\xf1,\x17\
\x17\x9f\x22\xa3O\xd4\xd3\xb4z\x11\x9d\xf1\x80+W\xae\
\x12\x841\xd8\x08\xed\xc5D\xb1\xcf\xfc\xe2S\xe8\xa0@\
\x98\xde\x96'3?T$\xfd\x05\x22\xc6iq\x0b\x83\
\x85\x8cnO \xa9\x90tH\x93\x01:\x98D\xb6-\
\x9f\x9d\xff{&\x0eD\x18\xa3\x11\xf8H\x99A \xa8\
\xd2\x8a\xc8D\xc4b\x92j\xa8Q\xc2\xc7\xda\x02\xe19\
\xaaR \xac&\x0a|..\x7f\x16\xdb\xee\xa3;\x02\
)4\x81hQ\xd8\xad\xabh\xe7;$}\x8a~I\
O\x9d\xa2\xe5M\x93'\x8bu3\xd5Dd6!\xc4\
G\x22\x90\x91\xe0Jv\x91B\xf7\x09[\x1e\x02\x8b-\
\x04]o\x9a\xd8N\xb0pe\x80E\xe0G\x1e\xcaY\
B\x15\x90\xe4\x92\xca\xef3;<\xcb\x81[\xc61e\
\x85\xb2\x1eyQ\x91\xdb\x8an\xd0\xa2_\x0cp\x1e\x0c\
WJ\xbav\x8c\xe9\xf6!\xca!T\x95!\x88B\xac\
[\x86\x0a\xd2\x01Dc!\xb3\xc3\x87\x90]\x87\x8e\xc7\
j\xbag\x0b \x146e\xa6\xf5R\xec\xc0\x85\xb4\x94\
\xbd\x00\x00 \x00IDATgy\xf1\x12N\x0ap\
\x1d\xb4\x90\xb4[\x96a\x0a\xcb\xd5UV\xc4U\xbaS\
1Zy\xb8\x12*\x07\xcb\xc3\x01\xed0\xd8\x15\xe0>\
\xbdI\xb7\xf5~*\xd1\x14ABi*\xfe\xf9{~\
\x98\xb7\xde\xf6.z\xc2's\x05\x99\xd7#pf\x94\
\x9cTU\xd5*-\xe5=-\xecu\xb3\xf5!\xa5\xa4\
,\xcb\xd1k\x94e\xc9\x83\x0f>\xc8\x13O<A\x1c\
\xc7\xd7\x01t\xa7\xd3\xb9i\xb8\xe7\xe7\x0d@_\xbe|\
\xd9\xa5i\xca\xdc\xdc\x1cJ)\x8e\x1f?N\xb7\xdb\x1d\
5\x19\xae\xcb\x95\xdb\xe0\xdf\xed4\x9e:\x8aXY\xbc\
L/\xee\x90\x0e%N+\x8a\xd62?\xfb_\xbe\x9f\
\x8f=\xf0\xc7\x04\x13\xdd\xa75\x1c\xaf\xaf\x8e\xed\x8eL\
]6od:\x8cqh?\xc4\x0f<\x06\xc3e\xb4\
V`\x05\x81\x0a)\xca!\xc68\xca\xbc$O\x0b0\
\xf58\xb3\x96>BH\xf2<CJ\x89\x0e=\xc2V\
H\x18k\xa4\xb6\x14&\xa70)i:\xe4\xd0\x81\x13\
\x5c\xbd<\xc0T\x82\xdeX\xc4\xc2\xe2ez\xbd\x0eY\
VO/ny\xe5\xa1\x06x~\x8et\x12\x9b\xb7\xc8\
\xf3\x92\xb8m\xe9\xf7\xfb8\xd3\x22\x0e[\x94E\x1b/\
\x8c@/\x83\x97\xe3\x8a\x00[\x19\xb4WR\xca!\x9e\
\x13\x84~\xc0\xd2\xf2\x00\xe1\x05\xe0$\xed0\xc0\xe4\x19\
\x85\x08P&\xc2\x15\x0a\xbf\xe5\x13\x8e\x09V\x92E<\
\xebcR\x81\x0c\xb7\x96\xc2\x15v\x05?\x10\x98B!\
\xca\x0e\xc6\xe6 \x96Q2@\x8b\x19Jo\x88(,\
>\x92\xbcL\xb1\xda\xa2c\x8d\x94\x92\x22I1~\x8e\
WIT\xa5(L\x85\x17\xf8H\xed\x91\x0d3\x02\xa1\
Pf\x8a\x5c\x16\x10\x82\x90\x86*\xcd\x09\xbd\xa0\x9e\x00\
T\x12\x9b\x1brJ\xc2V\x5c7\x1c\x8d\xa2L\x0a\x92\
\xa2\x04-(\x86\xcb\x04\x9d\x1c++\x94\xe9\xa1\x9cF\
\xea\x01\x22\x14\x0cS\x81\xaa\xda[\x82\xa5\xf5\xaeb\x87\
!\xca\x08\xa4\x9f \xb4\xa2*[\x98\xc2\x10\xf9%&\
\xed [>.\xaag\x06\xf2A\x06\xc6\x12\xb5[\x94\
X(\xcd\x0d\x01\xf3f\x00\xbd~\xdfPO\xd1_8\
\xc3w\xbe\xe7'\xf8\xe2\x97~\x0bm5\xc4V)\xe8\
1*?C\xe4\xde\xd3\xa2\xec\x1a\x80n\xe6\x1c\xb6+\
l\x94Ru\xa8\x83\xe7\xf1\xc4\x13Op\xff\xfd\xf73\
666\xd2;w:\x9df\x02\xf9\xa6\xc3\xbb\x9b\x1e\
\xa0\x01.\x5c\xb8\xe0\x06\x83\x01+++(\xa5\xb8\xed\
\xb6\xdb\xe8v\xbb\xa4i:\x9a\xb1\xdf\x0a\xa47\xfa\xb7\
\xd9\xfa\xa5e\xaa\x1d3\x5c\xea\x13\xc70L=R\x02\
\xbc\xb1e\xfe\xc3\xaf\x7f\x17w\x9f\xf9\xe4\x96j\x11\xe7\
\xcc\x96\x00\xbc]e\xed\x91\xe2\xacF\x88\x00\xe3\xaaz\
T\xd9UX\xa3P2\xa8\xedS%()\x11\xce\xa1\
\x84\xab\xcd\xe6mEU\x95\xd8p\xd5\xb6\xce\x80\xab\x04\
\xceZ\xa4\x03O\x0a<)1\xde\x80b\xa8\xf1u\x8f\
(\x90\x0c\x92Kh\xdf\xa1\xbc\x09l\x19c\xe9oy\
rq\xd5$\xca\xefS\x98\x04h!\x15\xf8q\xce`\
0\xa4\x13\x1f\xc1\xca'\xc8\xd31\x84\x8b\xf1\xc2\x8cd\
\xb8B'\x98@9pn\x80-\xa7\xf14\x94U\x86\
\x0b\x15\xa5,)\xaa\x8a\xb6\xe7#K\xc8\xc2\xcf\xd1\xf2\
\xa6Y\xbc\x941>>\xc9\xa0X\xa2\xaar&\xdbS\
T\x03\x81\xf5\xcb\xad9\xe8\xb2$\x88B\x8aL\x11\x84\
]2s\x05\xa1\xaf\xe0L\x88+g0q\x82\x19\xa4\
\x8cG1\xce\x18\x92\xa2DzA\xed~W:\x5c\xd4\
B\x94\x05\x82\x0a'\x0dF\x09\xac\x14\xe4\x83\x9cn\xd0\
F\x89\x01+yFgl\x9c\xc1\xca\x10\xcfB;\x8c\
\xc8\xf3\x94\x0a\x87W'\xf5R:(\xd3\x8cv\x180\
LWp\x91\xc4\xeb\xf8x+S\xb8h\x99\xa5l\x89\
\xf1\xd61\x86WS<\x9b\x11\xb5:d\x99F\xaa\xc5\
-\x01\xd3\xc8\x08\x93J\x22_\xe0\xf4\x22\x05\x16\xdc\x18\
\x94\x0aO&\xf8^\xca\xa0(1xx*B;U\
\x83\xb2\x16\xa4U\x86\xc6\xbb!p\xbe\xb6^\xb6V1\
\xcd\xf39~\xf0=\xbf\xc1\x97\x1e}\x17-\x03\x895\
\xe4\xaa@z)\xbe\xd0\xe8U\xaf\x91\x06\x98\xd7f\x07\
n\xb6n\xd6O\x0a6&j\xe7\xce\x9d\xe3S\x9f\xfa\
\x14RJ\xc6\xc7\xc7G\xf1yccc7%8?\
o\x00\xba\x01\xe9\xb9\xb99\xb2,c||\x9c\xc3\x87\
\x0f\xd3j\xb5F\x89\xdd\xcd\x17\xdf\xf8\xc36Nx\x8d\
\xa7\xc7f \xbd\x96s\xdd\xa89\xf2S\x1f\xf9n>\
\xfe\xf1\xbf\xaf\xab\x92\xd8\xa3\x9f\xcf#|I\xd8\xed\xb1\
2,\x89q#.M)}\xdd\x10M\xa3\xd7\xdc\xba\
\xa2v[\x02\xe4V4\xc9j\x8d\xb3\xe3\xe7ox\xf2\
\x10[O\x10\x0a\xb6~\xff\x08\xb7\xfb\xffsW\x9b}\
V\xfb\xe4\xdb6x\x9d\xd8\xfa9\x9b\xbc\xbf\xd1>\xdb\
<\x7f{\x8aa\xeb\xd7\xaf\xfd\xcco\x9c\xa2\xd8\xee\xbd\
\x08e\xc9\x13\x90Tt:\x0ak\x14\x83\xc4\xc3y\x06\
\xe7-\xf1\xf3\xef\xfa\x10\xfb\xf7\xef'\x8ec\xca\xb2D\
)U\xe7-\xae\xae\xab\x86c\xdeHm5\xe2\xb1\xb5\
\x1e\xf5\x95\x1a7\xcbF\xbd\xd1\x08\x02fgg\xb9\xe7\
\x9e{\x00\x98\x9a\x9a\x1a5\x04\xa7\xa6\xa6nZp\xbe\
iU\x1c\x1bm\x87\x0e\x1d\x12\xd3\xd3\xd3\xb4Z-\x16\
\x17\x17\xb9x\xf1\x22y\x9e\x8f\x84\xeb\xcd\xb4\xa11\x06\
\xdf\xaf\xd3\xbb\xd34\xdd\xc4\xcb@lY\xe9\xae}\xec\
_|\xe5\xbf\xe3\xab\xde\xf4?\x92e\x0b\x14ABg\
\xff!\xac\x98b\xe9rB[:<\xcf'\x08\x22\x9c\
\x13urGY\x8e\x04\xf4[\xc9\x97v\xda%\xdf\xcd\
\xe5\xe8^|\x81w\xf3>\xb7\xba\x7f#\x00\xd8\xea\xb6\
\x93\xcf\xfb\x0f\xf1\xfc\xbd\xe8\xdb\x9f\xa9\xbf\xf3N\xb7\xbd\
\xf8G\xef\xf6\xfd\xdbT\xb2o\x7f\x1b\xd9\x0a\xf9\xdcU\
G.\x14J]f\xbf\x1e\xe3\x7f\xfb\x9a\xdf\xe4\xc0\x81\
\x03t:\x9d\xeb|\xdbG\xbe ;\xbc\x9a,\x8a\x02\
\xad5ZkVVV\xf0<\x8f0\x0c\xe9\xf7\xfb#\
p>}\xfa4RJ\xa2(B)E\xbb\xdd\xa6\xd7\
\xeb\xdd\xd4\xe0\xfc\xbc\xaa\xa0\x9b\xed\xdc\xb9s\xee\xe2\xc5\
\x8b\x08!\xd8\xb7o\x1f\xc7\x8e\x1d\xbb\x96,\xa1\xeb\x86\
^\x13:\xbb\x96\x9f\xde\xee`\xdc\xec\xdf\xd0F\xe4\xad\
>\x7f\xf0\xc0\x7f\xe1g\xff\xebOA\xdcf\xbc=\x85\
*+\xcad\x89\xcc\x15\xc4q|\x9d/\xed\xda\xcb\xb3\
\xcd,$Gg\xd0-N\xa1;\xe3\xb6\xdd\xae8\xef\
\xa7\xed\xb3M\x05\xbc\xbe\x02|\xda\xeb\xed\xf2\x0a\xe0\xb9\
\x5cAot\x9f@n\x0d\xac\xd8m+\xf0\xdd\x02\xf6\
\xeel?\xe56\xcf\xdf\x9a\xa2\xd8\xeewirr\x1b\
Sy>~\x1b\x86\x0b\x979\xd5}\x19\xdf\xf9\xae\x1f\
\xe4\x95G\xdeLa\x97Gy\xa2Mq\xd4\xe8\x9b\x9b\
\xe3\x7f\xb3\xea\xf9\xda\x1a\xb8V\xcc\xac\xbd\xe2l\xb8\xe7\
\x8f}\xecc\xcc\xcf\xcf399I\x10\x04\xb4\xdbm\
\xa6\xa7\xa7o:\xc5\xc6\x0b\x02\xa0\x01\xce\x9e=\xeb\x96\
\x97\x97I\x92\x84c\xc7\x8eq\xf0\xe0A\xac\xb5#\xad\
\xb41\x86$I\xe8t:\xa3\x89\xa3\xcd\x80c\xed%\
\xe4F\x0bC\x0c4\xa2\x0dy8\xe4\xaf\x1f\xff\x10?\
\xf3\xcb?\x02AF\x14\xb6\x90\x22 /\x06#\x8aE\
)\x85\xf2\x04Y\x96\x8d\xd2\x1c\xd6\x9a;mLY\xb8\
]Q\x1a{\xa18n\x08`\x91{\x03\xf8\xed\x0e\xd0\
g\xd9\x07e\xcf\xc9$7@q\x5c\xf7:n\xe7\x93\
\xa8\x1b\x83\xb5\xb8\xe1\xe7\xae}\xfe\x8d\xa6\xe6\x94bH\
\x91\x87\xb4\xe3\x16\xe9\xf2\x02/?\xf6F\xde\xf7\xae\x1f\
\xe1\xd6\xb1\x97P\xae\x5c\xa1\x0a\xae\xb9J6\x95o\xb3\
\xae\x9a\xaaz\xb3\xa2\xa1y^\xa3s\xb6\xd6\x8e4\xf4\
\x0d\xb5q\xf7\xddw3;;\xdbX\x86\xe2y\x1e\x9d\
N\x87\x13'N</\xb0\xedy\x09\xd0\x0dH\xcf\xcd\
\xcda\x8c\xe1%/y\x09\x93\x93\x93\x14E\x81sn\
\xd48l\x8c\x96\xb6\x02\x82\xedT\x1e\xcasdC\x83\
\x10\x8a\xb8#x\xe0\xc2\xdd\xfc\xd8\xff\xfe\xaf\xe8{\x0b\
\x14~AOOR\x96%y\x9e\x8e<B\xa4b\xc4\
\xa9m\xc4A_\xff^\xec\xf6U\xee\x1e*\xe8\x1dU\
\xd1\xbb\x00\xcd\xdd\x02\xfc\xcd\x04\xd07TAo\x03p\
{\xa7;\xe4\xaeh\x91\xa7W\xc4\xe2\x86\xdews\x7f\
\xd9\x11\xf8&!;_\xf2\xe5/\xfb6\xbe\xeem\xdf\
\xced\xa7\x1e\xddN\x87\x8a \x16\xa3c\xdc\xf3<<\
\xcf\x1b%\xcfh\xad\x9f\x96\x86\xb4\x11\x07\xdd4\x10\x9b\
+\xdf\x86\x87\xbe\xff\xfe\xfb9s\xe6\x0c\xbd^\x8f\xf1\
\xf1q\xda\xed6Q\x14\xd1j\xb5F\x0e\x98/\x02\xf4\
st\x9b\x9d\x9d\x1d\xc9\xef\x8c1\x9c:u\x8a\xa9\xa9\
)\xd24\x1d5*\x9a\x94\xf0\x1bY\xc0\xcd\xfd)\x86\
\xae/\x11\xd60\x98K\x08{\x13,\xa9+|\xff/\
~;\xe7\x92O\x91\xf5\x83\xd5\x86E\x801e\xad*\
\x08u\x1d\x87\x94\x0c\xf0<\x7f\x1b\xc0\xdb]\x05\xbd\x11\
\xc0\xef\xad\x02\xdf\xfe\xb1-\x9f#\xb7\xde\x7f;\x80\xfc\
\xc7\x06\xe8m\xdf\xeb.)\x82\x1b\x05\xe5\x9dT\xd07\
\xf2\x7f\xba=\xbe\xffD\x5c\xc6\xef\xcf\xf0\xf5o\xfa\x1e\
\xde\xf9\xaaw3\x16\xfa$\xf9\x12\x83\xca2\xb9\xff6\
L6\xb8\x8e\xcakF\xb9\x81Q\xae\xe8\xfaBc}\
\xf1\xd0\x142\xcdZ\xcd\xf3\x9c\xc7\x1e{\x8c\x87\x1ez\
\x88v\xbb\xcd\xd4\xd4\x14q\x1c\x13\x04\x01\xe3\xe3\xe3\xcf\
\x1bp~^\x03\xf4\xdaJ\xfa\xdc\xb9st:\x1dN\
\x9e<92Vj\xaa\xe8Q:\xf5\x0d\x1e\xe0\x85\x15\
D\xbe\xa1L\x13\x14-\xac\xf1)<K\x15\xcd\xf1\xef\
\x7f\xf5\x07\xf9\xc4\xc5O\x92$\x09\xadV\x8b \xf0Y\
^^D\xc8z$5\xcfS\xa4\xf4\xb6\x01\xdb\x9dM\
@>\xd3\x1c\xf4\x8d\x00\xf5V\x15\xf4\x8d\x02\xed\xb6\xcf\
s{;\x84\xdd\x0dr\xd8#\x8ak\x8f\x15\xf4\xee\xaa\
\xe5\x8d\xee\xf7\xb6\x01X\xb3m\x05\xbe\x17\x0e:\xec\xc3\
\xb7~\xf5\xbf\xe1\xb5\xb7\xbf\x1d\xdf\xae`\xf3\x15\x94\x1a\
#l\x8d\x91\x16\xcbH\x14Z\xeb\xd1:\xd3Z_g\
\xa2\xbf\xb6/\xb3\xd11\xd9\xec[\x14\x05A\x10`\x8c\
\xe1\x81\x07\x1e\xe0\xf4\xe9\xd3\x84a\xc8\xe4\xe4$\xedv\
\x9b0\x0c\x89\xa2\x88c\xc7\x8e=\xaf0\xedy\x0f\xd0\
\x17.\x5cpUU\xf1\xe4\x93O\x02p\xd7]w\xd1\
n\xb7\xc9\xf3|\xa4\xbb\x5c\x7f\xf0\xad\xfdw;\x80\xf0\
\x14,/e\xc4\xed6R\xc3 M\xf1\xb5\xc0\x15\x96\
8\x8a\xf9\xe9\xbf\xfd>\xfe\xfao\xfe\x92\xa5\xa5%&\
''(\xcb\x9c\xa2\xac\xf9\xb3\xb2\xcc\xb7\x05\xe8\xa6\x02\
\xde\xad~z'\x14\xc9n\x06hn\x18\xa4\xf7Hq\
l\x7f\x00\xdf\xd8\x15\xd0F\xef\xefF)\x8e\xbd\x80\xf3\
\xdeM\xefw\x07\xd0[5\x11wF\x89\x5c\xff\xfbO\
}\xe5\xef0s\xa4\x85\xf2\x05\x83\x81G;\x1c'\xf4\
\xa0H\x13Z~\x87B\xe4\xa3J\xb9\xe1\x93\x1b\x0b\x86\
\xcd\x8a\x85\xb5\xc7I\xe3n\xd7$'=\xf0\xc0\x03\x9c\
9s\x06\xcf\xf3\x98\x98\x98 \x08\x02Z\xad\x16cc\
c\xcf\x8b\xa6\xe0\x0b\x0e\xa0\x1b\xbacyy\x99\xf9\xf9\
\xf9\xd1 \xcb\xd4\xd4\xd4H\xc9\xb16\xdf\xb0\xb9\x8cj\
\x0e\xa8\xb5\x14\xc8\x8d\xc4\xfe\x880\xe4\xaf\xee\xff \xbf\
\xf1\xc7\xff\x9e\xd3s\x0f\xd2\x9b\x9eB\x8a\x083,\xf0\
=pa\x9d\xd2-\x90x*\xc49A\xe5j\xd3w\
\xe3,\x81\x93\xdbT\xce\xbb\xd7\x19\xef\xae\x026[?\
\xcf\xed\xfc\xf5\xff!\x83\x0f\xfe1h\x91\x0d\xef\x17\xdb\
\x80\xde\xb6MByc\xff/\xd7\x82l\xb7\xda7G\
!\x01\xa5*\x14\x0e\x9c\xc5\xad\xf1v\x8e\x9c%5\x1e\
\xa5\xf2Q\xb1\xa4\xca\xfb\x98y\xc3\x1bn\x7f\x1b\xff\xf4\
\x9d\xff\x8c\xfd\xfa\xd0\xe8\xbbmh\x88\xb5\x83[k\x7f\
_\xffX\xf3~\x9a5\xd8p\xd4eYRU\x15Q\
\x14]\xe7\xf1\xfc\xd8c\x8f\xf1\xe8\xa3\x8f\x22\xa5d\xff\
\xfe\xfdh\xadG\xce\x96\xcf\xb7\xca\xf9\x05\x05\xd0\x00\x17\
/^t+++,,,\xa0\x94\xe2\xe8\xd1\xa3\xcc\
\xcc\xcc\x8c\xba\xc1\x0d(7:\xe5F\x0a\xb4^e\xb1\
\xfdd\xd5:\x19\x92\xa8p\xbe\xe4\xcc\xfc\xe3\xfc\xd7\xdf\
\xffE>\xfa\xe0\x1f\x12\x8e)\xa4jQd\x1a\x8f\xba\
:hN\x12J)\xf2\x22\x05,\x9d^\x97\x22+\xb7\
\x01\xe0g\x99\xc2\x10[\xabL6\xa3\x18\x9e\xaf \xbd\
\xeb\x8aWlC\x9fm\xab\xc2\x907\x0c\xce\xeb9\xe6\
\xcd\xf6\xf5}\x1fa\x1dI\x92`\x8c!\x08\x22<\xe5\
c\x8c\xa5r\x9aA>O\xd8\xb6\xb8\xa2B\x97]\xde\
\xf9\xbao\xe0+\xdf\xf0\xf5\xc4v\x12g\x8b\xa7\x01r\
\x03\xc4M\x05\xbc\x15@7\xf2\xd3F\x9d1\x1c\x0eG\
\xb2\xd4~\xbfO\xa7S;\xfa=\xf6\xd8c<\xfc\xf0\
\xc3h\xadGa\xafQ\x14\x8d~\xbe\x19\xcc\xf7_\x04\
\xe8m\xb6\xf3\xe7\xcf\xbb\xa5\xa5%\x16\x17\x17i\xb5Z\
\x1c>|\x98}\xfb\xf6]gu\xe8\x9c\xbb\xce\xb4e\
=@\xef\xf4\xf2o\xe4K\x9d\xe5(\xbf\x8d\x0b$\x0b\
n\x96\xdf\xfa\xf0/\xf1\xbb\x7f\xf1\x01h)\x82\xb8\x05\
i}b\x10\xd2\xe1\x09\x81\xa3\xc4\x93\x0a\xeb\xaa:\x18\
\xa0\xd5\xde\x06\xe8\xf68)\xb8-\xa0n}\x02\xd8N\
\xc7}\xa3\x5c\xf6\xcd\x00\xca;\xa1\x05\xb6\x0a\x10\xde\xd9\
\xfdrO\xefg;\x19\x9d\xb2\x05\xa6\xb2 4ZG\
\x08\xa9\xa8\xaa\x8a\xd2\xd6\xc7}\x22aj\xdcga\xf6\
<\xfb\xf4a\xde\xfb\x8e\xf7\xf3\xc6;\xdeI\xb5\x5c\xe0\
\xf2\x02\xd5\xf57\xac\x98\x9b+\xcf\xcd*\xea\xb5\x7f\x9f\
\xb5>\x1ck\xe9\x0f\xcf\xf3\xb0\xd6\xf2\xf0\xc3\x0fs\xf6\
\xecY\xac\xb5t:\x1dz\xbd\xdeh\x8c\xfb\xf8\xf1\xe3\
\xcfk\x0c{A\x01\xf4\xe5\xcb\x97\x9d\xb5\x96\xe5\xe5e\
\x96\x96\x96p\xceq\xe7\x9dw\x12\x04\xc1h\x88\xe5Z\
\x94\x8f\x1di5w\xb3 \xd7?\xee\x0b\x9f4\x19\x22\
\xbc\x12+\x05\x22\x0a\xf9\xbb\xcf\xfc\x15\xbf\xfc\xdf\x7f\x9a\
\xb9\xe1i\x94\xdfAH\xf0<(\xab\x9c<\xcfiE\
1\xad\xb0E\x96\xe4\x18iw\x0d\xa0\xcf,\xb7lw\
\x0d\xa8\xcf\x07P~\xa6\xc0z\xfb\xfd\xe4\x9e*\xf4\xdd\
ze<\xad\x8009\x0e\x85\x90\x1eNhJSa\
L\x89\xf6\x05a\xe83\xc8\x96Y\xb9\x9c\xf0\xa5w}\
\x15\xdf\xf2\x15\xefgJ\xdd\xca\xca\x95e\xe2\xb0$\xee\
T\x14\xb4w\x05\xd0\xebU\x1aM\xc3~\xbd\xce9\xcf\
k\xee\xfa\x91G\x1e\xe13\x9f\xf9\x0cUUq\xf0\xe0\
\xc1\x91m\xe8\xc4\xc4\x04G\x8f\x1e}\xde\xe3\xd7\x0b\x0a\
\xa0\x9b\xad\xf1\xedH\xd3\xda\xaa\xf2\xd4\xa9SLNN\
\x8e\x92\x1d\xc20\x1c\x8d\x98z\x9e\xb7\xe3E\xb9\xe1 \
\x8b\xaf\xc8\xd3>\x9e\x11\x84q\x8fa\xdf\xa1{\x82+\
\xd9\xe3\xfc\xc7_\xfd\x09\xfe\xe6\xcc_1\xbe\xafGR\
\x0e1\xaeN~\xe8\xafd\xe4I\xc5\xe1\x03G\xe8\xf7\
\xaf\xec\x18\xdcv\xa2\x02\xd9=`\xef\xad\x82\xbe\xd9\x01\
{\xaf\xca\x8b\xed+h\xb1G@\xde]\x93o\xc3\xfb\
\x84\xa0\xb4\x06\xe3,\xbe\xef\xa1}I\x99&\x0cV\xfa\
L{S\xbc\xe7m\xef\xe3\x8dw\xbc\x07?\x1b\x83\xd2\
\x10D\x0e\xe9\x97Xi\x91.\xdc\x96\xe2X\xcbQ\xaf\
\xa7\xde\x1a\xd7\xc9\xc6\xc7\xbd\xa6Xj\xb5\xc6\x83\x0f>\
\xc8#\x8f<\xc2\xe4\xe4$Zk|\xdfg\xff\xfe\xfd\
DQ\x84\x94\xf2y\xd9\x14|\x11\xa0W\xb7\xb3g\xcf\
\xba\xb2,\xb9p\xe1\x02\xbd^\x8f\x03\x07\x0e0==\
=\xaa\x98\x9b\xe6\xc4V~\xd1;\xe1\xa0\x97\xddE\xb4\
\x1d\xa3\x1b\xf4\xa8\x86 d\x81\xf2KV\x92!\xdd\xee\
\x14\xff\xf7=?\xc7\x1f~\xf8\xf7\xb9\xbc|\x9e\xd6D\
\xcc\xa0\xe8\xe3\xe9\x88(\xecr\xf5\xf2\x22\xe3\x1do\xd7\
\xa0\xb6\x1b\x8ez\xef\x8f\xd9\x17+\xe8\x1dp\xc8{\xad\
\xc0\x9f\x09\x80\xdf\xe8>\x83\xa60\x19J9\x82PS\
\xe6\x15fX\xd1\x89\xba\xccL\x1c\xe0[\xde\xf2}\xec\
\x1f\xbb\x95\x96\x9a\xc4\x16\x19J'\xa8@R\xd8\x90\xbc\
\x88\xe9Ef\xc7\x00\xbdQ\x05\xdd\xac\xb3\xb5^\x1dY\
\x96\xf1\xc4\x13O\xf0\xf0\xc3\x0f\xe3\xfb>\xddn\x97N\
\xa73\xb2\x0f\x8d\xe3\xf8y\xcb9\xbf\x08\xd0k\xb6\x8b\
\x17/\xba\xc1`\xc0\xec\xec,B\x08N\x9c8\xc1\x81\
\x03\x07\xea\x09\xa9\xb2\x1c%\x83\xefv\x01\x5cWI\xeb\
\x1cM\x9bA\xdf\xe0)G\x14\xb9\xda\xd3Y\xc4\x04:\
&\xf3\x07<\xf2\xd4\x03\xfc\xe6\x1f\xfe*\xf7>\xf6Q\
Z\xd3\x11\x95(\xe9\xf7\xfbLLLQ\xa6\xc9\x8e*\
\xd8\x9dT\xc0\xcf\xe4\x10\xca\xb5\xff\xdf<CT\xca\xcd\
\x09\xcc\xdb\xba\xbd\xad\xba\xc9\xdd8\xc0\xdag\x95\x22\xb1\
N!\xa5E\xfb\x02SV\x0c\xe6szj?_\xfc\
\x05_\xc1[\xdf\xfc.&\xdd-T\xa6@K\x0b2\
\xa7,s\xc2\xa8C\x10\x8c\x93\xa4\x8e@\xe7\xd7Q\x19\
\xdb\xc5\xccm\xf4\xdd7\xca\x8dFR\xf7\xd0C\x0fq\
\xf6\xec\xd9\x06\x88\x19\x0e\x87LMM\xb1\x7f\xff\xfe\x86\
\xeax\xc1\xe0\xd6\x0b\x1a\xa0\xa1\x96\xe0-,,\xb0\xb8\
\xb8\x88\xe7y\x1c<x\x90\x83\x07\x0f\xd6j\x8a<\x1f\
\xe9/oDb\x07@\xa2Q\xa1\x83 \xa1\xa8r\x1c\
1Z\x84\x94y\x89\x10\x19v\xd8!\x9a\x82e\xe6\xf8\
\xe0G\x7f\x83\xdf\xfb\xc8\x07XL\xe7h\x8d\xad\xda3\
\x0a\x7fO\x14\xc3N)\x8e\x1b\x05\xd9\xb5:\xdbgz\
\x0a\xf1f\x04\xe6\xa7\x7f'j\x9b\xd7\xd8\xae\x09\xb8\xdd\
\x15\x9c\xdc\xf5{\xba\xee\xd9N\x22d\xc9p\xb8\x02\x95\
\xe2\x15\xb7\xbd\x96w\xbc\xfe\xeb\xb9}\xe6\xf5\xc8\xa4M\
\xeeRtP\xa0D\x81\x14\x11\x1ec8#\x10*%\
\x8cK\x8c\x096\xe4\x9f\xb7\x0af\xde\xe8\xfbo@\xfa\
\xbe\xfb\xee\xe3\xec\xd9\xb3\xa3!\x94\xc6\xf4\xacq\xa9{\
!\xd0\x1a/\x02\xf4\x06\xdb\xa3\x8f>\xea.]\xba\x84\
\xe7y\xdcr\xcb-\x1c8p`\xe4\xc2\xd5\xc4\xb87\
\x9e\x00\xd6\xda\x11xo7\x0a\xbcmp\xac4$\xc3\
\x8a0\xee 5<\xfc\xd4\xa7\xf8\xed\x8f\xfcg>y\
\xe6\xcf1\xfe2\x81\xebQ\xd9\x0c\xb4@\xe8\x88\xb2\xd4\
\xab\x9a\xd1\x02\xe9eDv?\xc6\x14 \x0a\x84\xac\xa7\
\xb5Jc\x112Dz>\x98|K@\x14\xbb03\
\xba\x91&\xe1n*\xfc\x1b\xdb\xb6s\xcc\xb5{\x04h\
\xb1M\x85\xbc\xf3\xb1\xf5\x1b\x01\xfd\xedt\xcce\xb1\x9a\
\xdb\xa7\x15\xce\x0a\x9c\xb4H\x04\xc2\xd6\xbe\xe7\xcaY\x9c\
\x080J\xe0d\x81\x13\x09\xb2\x04eZ(\xd3BL\
,\xb32\x9b\xb1O\xdf\xc2\x97\xbc\xea\xdd\xbc\xe9\x15o\
c,\x9e\xa2\xca\xeb\xe7\x07\xfe\xc6\x12\xb9\x86\xcahR\
\x8b6Sg\xac}\xac\xa13\x1a\xda\xc3\x18CY\x96\
\xc4qL\xbf\xdf\xe7\xbe\xfb\xee\xe3\xfc\xf9\xf3t:\x1d\
&&&PJ\x8dt\xce\xadV\x8b\xe9\xe9\xe9\x17\x1c\
^\xa9\x17\xa1\x19\xe6\xe6\xe6\x9c\xe7y\x8c\x8d\x8dQU\
\x15\x17.\x5c MS\xc6\xc7\xc7G\xe3\xa8\x8d\xb1\xcb\
`0\xc0\xf3\xbc\x91vy\xbd\xd9\xcbn+H\x89\xc5\
\xd7\x9at\x90\x91'\x19G\x0f\x1c\xe6\x0dw\xbd\x91\x89\
\xc9)>wf\x8e\xf9\xecq\xe2x?\xa6\x9a$\x19\
\x1a\x82\xb0\x22\x8a\x0b\xa4\x15\x88\xaaMir*[`\
\x9dE*\x0fO\xfb(\xe5a\xac\xa5,\x0a\x94\x92\xdb\
p\xd4\xcfN\xc5\xbbs\xc9\xdd^\xbd8\xb6{\xfc\xc6\
=\xb07{\xfd\xdd4\x01\xf7^\x91o}\x02\x08\xc3\
\x00)\x05N\x08\x1c\x16SU\x94e\x8ep\xe0k\x8d\
\x89b\x84HQ\xe5\x00\x9dz\x04\xd5~\xb4\x9a\x22\xf7\
\x86,\xf1$\xe5\xb9\x16_\xf8\xb2/\xe1\x7f\xf8\xf2o\
\xe6uw\xbe\x89X\xb4(\x93\x02O:\xda-\x1fk\
\xaf\xf9`\xac\xaf\x907\x1aL\xd9\xa8jn\xc6\xbc\xd7\
\x0e\x815\xc5\x8e\xd6\x9a\x0b\x17.p\xdf}\xf7\xb1\xb8\
\xb8H\xa7\xd3\xa1\xdb\xed\x12E\xd1\x88s\x0e\xc3\xf0\x05\
\xc39\xbfXAo\xb3=\xf6\xd8cnnn\x0e!\
\x04\xddn\x97\x93'O\x8e\x02)\xd7\x9e\xf9\x9ds\xa3\
jz\xab\x85\xb6\xd9\xef\xd7\xbc\x1cJ\xa4\x135\x95\xe1\
<\x0ag\xc8\xaa\x84\x8c\x0c\xa7\x1c\xbf\xf2\x91\xff\xc0\xbd\
\xf7\xdd\xcd\xd5\xa5'\x89\xc7B\x9c3\x94\xa5A{\xb5\
\x1cIG\x06\x9c\xc0\xda\xba\x9a\xb2\xb6\xf6\x90\xf6\x94@\
\x08\x87sj\x1b\xe0\xb37\x00\xaak)\x0e\xb7G\xf0\
\xb6{\x04\xe8\xbdU\xd0\xdb\x03\xab\xdc\xc5\xbe\x1b\x03\xf8\
^t\xd4;\x19T)\xca\xb2>\x1e\x83:\x88\x02c\
q\xab\xc7\xe5\xa0X@\x8b\x98Hu\xd0\x22\xa0,K\
\x8a*Gi\x8f j\xf1\xcd\xaf\xfb^\x8e\xcc\x1cc\
_g\x06QhD\xe5\x08B\x0f\xa1*\xf2\x22\xc1\x0b\
\xba\xd7\x81q\xf3\x99\xd6\x03\xf6V\xfaf\xcf\xf3F\x0d\
\xf7F\xba\xda\x0c\x82]\xb8p\x81G\x1f}\x94\xd9\xd9\
Y\xc6\xc6\xc6\x98\x9a\x9aBk=\x1aB9|\xf8\xf0\
\x0b\x1a\xa3^\x04\xe8u\xdb\xc5\x8b\x17\x9d1\x86\xc5\xc5\
E\xe6\xe6\xe6\xe8v\xbb\xdcy\xe7\x9d\xc4qL\x96e\
\x04A0\x8a\xabj*\xeb\x9d,\xbc\xcd\xb9j\x03\xce\
!\xacC\xa2\xea\x11[\x14H\x85\xf2`\xd9\x83\x87\x9e\
\xf8+\xfe\xdf?\xff\x05\xee{\xfc\xa3\xf8\xad6^0\
\xc60/\xf1|\xc50\xb9\x84\xaf\xc3:\xdb\xcd\xd6\x9d\
p%\x1c\xb8\x1cg*\x90\xc1\xae)\x86gB\x85\xb1\
\x1b\x19\xde\xde\x00\xfa\xd9\xe1\x98w\x03\xc0\xcfD\x05\xbd\
S\x8ac\xfd\xbeRJ,u\xc1\xe0\xa4C\x08\x85\xb0\
\x0eSZ0\xd0\xf1=2\xab(}E!3\xcaa\
\x9f)\xb1\x8f\xb7\x9c|\x17o~\xf9W2=y\x00\
SZ\x5c\xe1\xc0\x08\xfc\xc0C\x07\x0a\xbc\x8a\xca\xd6\xbc\
\xf3f\xd3\x81\xebAz=87\x00\xdd\x98%5\x12\
\xbaF\xa9q\xe9\xd2%>\xf1\x89O\xe0y\x1e\xadV\
\x8bn\xb7K\x18\x86h\xadi\xb7\xdb\xdcr\xcb-/\
x|z\x11\xa07\xa1<VVVH\x92\x84\x85\x85\
\x05\x82 \xe0\xd6[oezz\x9a\xaa\xaaF\xa6/\
7b\x86\xb3\xfe9+iA\xb7\xd3\xc2\x13\x16c\x0a\
\xca\xbcB\x0a\x0f\xe7\x14yV\xd0\xeaF8%I\xdd\
\x80\x8f>\xf8\x87\xfc\xf7?\xfde\xce\x5cy\x04\xaf\xdd\
\xa3\xa8B\xc6\xc2\x02\xe3\xa04\x02\x9c\xac\xa3\x81\x94\xc3\
T\x05e\x9e \xbdh\xc7`\xb7[\xb3\xa5\x1b\x05\xd4\
\x9bUj\xb7\xd78\xab\x8d\xf7\x95\xbb~\x8d\xebBc\
\x8d!\x88|\x84p$yF\x95\x17h\x15\x12\xea\x10\
%<\xaa\xc2\xa7R\xcb\x0c\xaay\x94\x8cy\xc5\x91/\
\xe6m\x9f\xf7n^6}'\xed\xca\xe3r\xbe\x5cW\
\xaca\x07\xdf\x0fkj\xcc\x14\x08\xed\x08\x22\x1fr\x9e\
\x06\xc2k\xc1y\xa3\x86\xe0Z\x10o&\x03\xad\xb5#\
'\xbb,\xcb8s\xe6\x0cO<\xf1\x04\xc6\x98Q\xc0\
k\xa3\x87~\xb1r~\x11\xa0\xb7\xdd._\xbe\xec\x8a\
\xa2`yy\x99\xa6y\xd8\xc8\xf0\x9a\x08\x9e\x8d._\
w\xedl\xe6y\xe4\xab\x86\xfe\x81/\x09t=^n\
M\xcd\xd9\x15\x8b\xf3D\xed}\x18\x17\x92)X\xa8.\
\xf0\xb7\x0f|\x90?\xb9\xfb\xb7\xf8\xdc\xe5Gi\xfb3\
8\x01F\x1a\xacr8g\x10\xce\xe0I\x85\xaf<\x0a\
cw\x0d\x90\xbb\xf1\x93~\xb1\x82\xdek\x05-o\x08\
\x98\x9b\xad(M\x1d\x8b&,\xce\x19\x94\xd2h\x19B\
\x09en\xc9\xe2\x0a\xd7w\xdc\xbe\xef\xa5\xbc\xfd5\xef\
\xe6\xf3\x8f\xbf\x0e\x9bk\xb2a\x82\xd4\x92\xdeX\x8c\xc5\
\xd5\xbe\x1b\xc6!\xb5\x87\xf6\xc3\xfa\xd83\x96X\xc8\x0d\
+\xe8\x8d\x14\x1bk\xff&\xcd>M`rCi,\
,,\xf0\xf8\xe3\x8f3;;KUULOO\x8f\
\xacB}\xdf'\x8e\xe3\xe7\xad\xf1\xd1\x8b\x00\xfd,\x80\
\xf4\xf2\xf22Q\x14q\xfe\xfcy\xe6\xe7\xe7y\xc9K\
^\xc2\x89\x13'\x00H\xd3td\xb4\xb4\xdbE62\
\xfcO\x87D\xad\x18%5\x95\xa9(\x8dA\xfb\x0a\xe9\
l\x1d'\xefB\x8c\xab\xb5\xd0\xd6\xc6H\xcf\xc3\xf8p\
\xfa\xe2\xdd\xdc}\xdf\x07\xf9\xc8\xdd\x1fgX,S\xc8\
\x14\xd5\xb2\xa0\x1c\xa6\xa8pF\xe2\xcb\x10\xa7\xcc\x8e\x00\
\xf4\xd9\x9c$\xdc\x1at\xe5\x1e\x01z;\x95\xc6\x1e\xed\
H\xb7\xcb\x14\xdc#\x80\xefT%\xb2\xd9\xf3\x83\xb0M\
\x96%\x18S\xe2i\x89\x12\x1e&w\xd8J\x22\x9d\xc7\
\xbe\xc9\x09\xde\xf6\xea\xaf\xe3\x0bo{;z\xe0\x91\xae\
\x5c%\xec\x0aD\xdcbPI\x82\xb2\xc4\x0f\x03<O\
R\xd9\xba\xe9\x1d\x04\x01J\xd5j!\xe1\xb6\xae\xa07\
\x02\xe7\xb5\xc0\xdd\x5cm\x02\x5c\xb9r\x85\xd3\xa7Os\
\xe1\xc2\x85\xeb\xecB\xc30\xa4\xdb\xed\xd2j\xb5\x98\x99\
\x99y\x11\x93^\x04\xe8\xddmO=\xf5\x94K\x92\x84\
~\xbf\xcf\xd2\xd2\x12\xbd^\x8fS\xa7N\xd1\xeb\xf5v\
d\x96\xb3\x95V\xda\xa3\xc09\x89\xc5\xc3\xe1air\
\x10\x1dB8\xacr\xd8\xcaAe\xd0\x14\x082\x8a\xdc\
!\xc5\x04Q\xcb\xe7\xefW\xfe\x94\xbf\xbd\xe7/\xf9\xeb\
{?\xcc\xd5\xc1\x05\xc2n}yk\x0b\x0fWI\xf0\
\xca=\x02\xac\xdd\x03\xf8\xeed\xbf\xbd\x06\xcb\xef\x0d\xa0\
w\xfa\xfa\xcfd*\xf6\xf5\xfb\xc9=\x01\xbc\xb5\x1e\xc6\
Vx\x1exZ\x92\x0e3l!\xb8\xe5\xf0\x09\xee8\
u'\xef<\xf4>\x1c)\x88\x12\x81\x8f\x94m\x94\xe7\
#\xb4Ez9~1\x86\x15\x16\xa9\x1c\x9e\x07R\xd5\
}\x11\xe9V\x9b\x82\x9e\xde\xd2Ft-(oTA\
7\x14\xc7\xe7>\xf79\x1e}\xf4Q\x96\x96\x96\xe8v\
\xbb\x8c\x8f\x8f\xa3\x94\x1a\xf1\xce\xadV\xeb\x05\xab\xd4x\
\x11\xa0\x9f\x81\xed\xfc\xf9\xf3.\xcfs\xae^\xbd\xca\xf2\
\xf22\xbd^odY\xba\xb6;\xbd6l\xb6\xb1\x0f\
m\x16\x981f\xc4\xcb5\xaey\xeb\x01m\xbb\x14\xf1\
\xb5\xafe\xad\xc5\x09\x88;1\x9f\x9b{\x92?\xfe\x9b\
\xff\x8f\xbf\xfa\xd4\x1fq%\x7f\x12\xd9\xcb\x11~\x01\xd9\
4B\xc8\x1a\xfc-(W\xa1e\x89\x12\x19\xd2\x15\x0c\
\xbc\x18)\xbd\xbaAi\xa8\x15\x00N\xe0\xc9\xfa}Z\
W\xed\x11\x80\xf7\x0a\xa0\xcf\xf6\xf3\xf7J\x91\x88=\x01\
\xf6\xda\xc4\xeaF\xf3h\xa4\xc5R\x7f\xbfa1\x89\x11\
\x19V\x0e\xb02G\x09\x81\xb0>\xb2\x8c\x10\xceg\xc5\
\xb3\x84\xbaBV+\xa8\xbc\xe2H\xef\x14\xaf>\xf9\x0e\
>\xef\x96/g_\xe7\x14iz\xfa:\xbex\xbd~\
y+\x1fg)\xe5h\xa2\xb6\xf1\xa4Y;\x96m\xad\
%\x08\x02\xb2,\x1b\x99\x1e5\xaf\x0b\xd7\x02\x97\x1f|\
\xf0AN\x9f>\x8d\x10\x82\xf1\xf1q\xa2(\x1a\xd1\x1a\
\xedv\xfbym\x17\xfa\x22@\xff\x03o\xe7\xce\x9ds\
\x0b\x0b\x0b\x0c\x87C\xac\xb5\x1c=z\x94}\xfb\xf6\x8d\
\x12\xba\x9bf\x08\x5c3\x82i\x16\xea\xda\xfc\xb5\xb5\x07\
\xf1V\xcd\xc6\xd1\xe2\xbd\xaej\xb2\xa3['\x0e\x98\xbb\
z\x05+\x0d\xed\xa96\xb3\xcb\xe7\xf8\xd3\x8f\xfd!\x1f\
\xfd\xd4_pyq\x96`\xc2R\xb9\x0a\x83AH\x89\
s\x12Wy\xf5\xa8\xb9\xd7\xa2,\x16\xaf\x85\x15h\x0f\
\xa5\x04\x16CQ\x14\xe4&'\xd6\xd1\x96U\xf2\xde\x07\
Q^\xd8\x00\x9d\xdb\x02-\x15Jj\x9c\x01S\x968\
{M#\xecD\x82EQ:\x89\xb1\x02k\x0dB\x1a\
\x944x\xaa\x82\xc4C\x98\x90\x99\xee\x09\xee:\xf5F\
^y\xea\xb5\xec\xeb\xee\xc7\xa5%\xd90A\xfb\xf1\xa6\
\x00\xbdQ\xb3\xaf9i4\x8f5\xdc\xf1\xda\xef\xb9y\
ns_\x1c\xc7\x14EAQ\x14\xc4q\x8cR\x8a\xa2\
(\xb0\xd6r\xcf=\xf70\x18\x0c0\xc6\xd0n\xb7i\
\xb5Z#\x19]\xa3q~!\x0e\xa0\xbc\x08\xd0\xcfr\
5\xbd\xb8\xb8\xc8\xc2\xc2\x02i\x9ar\xe4\xc8\x11\x8e\x1f\
?N\x14E#G\xbcf\x81m\xb4`\xd7\xfaO\xaf\
\xd5Qof\xb8\xb4\xd1\xef\xcd\xc9 \x1f,19\xb5\
\x0f\xe7\x04\xf3K\x8b(_\x11\xf4\x02>{\xfe,\x7f\
\xff\xc9\x8f\xf3\xa7\x0f\xff\x16\x8b\xfd\xcb$\xd5\x02\xe1\x98\
&h\xc5\x94\xa5f8\xf4\xa8J\xc5\x84(\x90\x12\x9c\
\x84\xd2\x14\xe4\xb6\x00\xe9P\xbeB\x07>.\xdb]\xa6\
\xe0N\xcc\x94\xae\xdf_=\xa7\x01\xda\xed5\xf3p\x1b\
\x80\xaeT\x853 \x1dh\xe5\x13x\x01\xc2H\xca,\
\xa7(*2\x7f\x1e!#\x94\x0c\x91\xab\x89;\xb6*\
0eJe2\xdex\xe0\xb5\xdc~\xe2\xb5\xbc\xf4\xf8\
[h\xeb\xa3\x94C\x87\xab\x86\x04\xfe\x80 ()m\
oC\x80\xdel\xf8d=\x8f\xdcx\xa27W\x83k\
+\xef\xb5 \x1d\x04\xc1\xe8\xaa\xd0\xf7}.]\xba\xc4\
\xbd\xf7\xdeK\x92$#\x8e\xb9\xddn\xe3\xfb\xb5V\xbb\
\xdb\xed\xbe\xa8\xd4x\x11\xa0\x9f\xbdmvv\xd6%I\
\xc2\xd5\xabWI\x92\x04\xad5G\x8f\x1e\xe5\xc8\x91#\
\xd7\xaa\xa3<\xaf\xab\xa05T\x07p]\xc4\xd6v\x1c\
\xf5\xda\xc7\xd7\xfe\xdeT\xd0\x9er\x94Y\x89\xa9\x04Z\
\xf9\x18\xe7(L\x89\xf6\xfd\xff\xbf\xbd+mn\xdc\xba\
\xb2\xe7-\x00\x01\x92\xda(\xf5\x22\xb5zI\xdbN\xa5\
\xe2*\xa7j*\xbfa~\xe8\xfc\x87\xa9\xf96US\
3S\xe5$\xf68m'\x8e[\xed\xa5\xed\x96DQ\
\x12[\x127\x10\xc0[\xe6\x03x\xd1\x8f\x10@\xc9K\
\x12/\xefV\xd1&A\x90\x22\xd5\xc2\xc1\xc1y\xe7\x9e\
\x8b\xceZ\x8cW\xc9\x11\xfe\xfc\x97\xf7\xf1_\x7f\xf8\x0f\
\xfc\xed\xeb?\xe12?\x05\x8b\x0dZ\x9d\x08\xad8\x84\
H\x02(\xab\x16\x97\xafE&\x82e@\x96)\xe4\x99\
F+\x0c\xbf\x93\xc4\xf1f\xdf\x9f\xba\xc4\xf1\xfd\x16\x19\
o\x9c\x1a\xce%\xac\xd50V!\xd3\x0a\xd0E;t\
+\x88\xd0\x92\x01\xae\xd2\x1c\xadP\x82Ca>\x9eB\
\xcd\x19\xee\xad=\xc4o\xdf\xf9=\xde~\xfc.\xde\x89\
\xdeF'^\x07C\x88t\xae!\x98@\xa7\xd3\x01\x17\
\x0cI2F+\x8ej\xc1x\x95M\xce\x05h\xfa\x0e\
\x9c\xf3\xb2\x9b\xd6\x9d\xd0\xedv\x0b\xd2b\xe0G\x1f}\
\x84O?\xfd\x14A\x10\xa0\xd7\xeb\x95rF\x14Eh\
\xb5Zh\xb7\xdb\xbf\xb8L\x0d\x0f\xd0\xff\x84\x1a\x0c\x06\
v>\x9f\xe3\xea\xea\x0a\xe7\xe7\xe7\xd0Zcoo\x0f\
O\x9f>]\x1a\xa3E\xad\xadt0\xb8\x97\x8b71\
h\xda\xbfN\xe6\xb0\xd6b\xae,\x02.\xc0\xc1`\x8d\
\x81U\x1a\xd6j(k\xa0u\x0e&#\xb4\xda\x11\x12\
5\xc1g/?\xc6\x1f\xfe\xf2\x9f\xf8\xe4\xe5\xff\xe2d\
t\x80Y\xf6\x1a|c\xa7\xf8l\xb0\x8b\x86\x19\x06f\
\x04\x02\xde\x82\xe0\x01R\x9d|O\x06\xfd\xc3\xee\xff\xc3\
\xd7M\x9d\x86\xdfO\xc2\xb8\xa9B\xb4\xa1L\x86\x1c\x19\
l`\xc0\x84\x85a\x80\xc9\x15\x942\x08\xed\x0eL\x96\
\x22F\x80\x87[\x0f\xf0\x9bG\xbf\xc3\xaf\xf7~\x87{\
\xdd\xc7h\x89\x0d\x98\xbc\x05c\x13\x04\xa1A\x18\x17\x7f\
\x17i\xa6!E\x17\xedx\x03\xc6Lj\xc1\xd8\x05\xd7\
\xaa\x1b\xc3\x05l\x928\xe8\xf5\xf4\xb7H\xecZ\x08Q\
6l\x0d\x87C|\xf0\xc1\x078??\xc7\xe6\xe6f\
i\x9d\x8b\xe3\x18\x9dN\x07q\x1c\xa3\xddn{I\xc3\
\x03\xf4?\xae^\xbdze\xa93\xea\xfc\xfc\x1c\xa3\xd1\
\x08\xedv\x1bO\x9f>\xc5\xee\xeen\xad\x9e\x5c\x1d\x9a\
y\x1b\x06\xdd\xa4Mg<\x80\xce2\xd8\x5c\x813\x0b\
!\x18\xc0\x8af\x1a\x03\x035\x9b\x81\xb3\x16\x8cm\xc1\
r\x01\x1b\xe48\x9f\xbe\xc4\xff=\xffo<\xfb\xf4}\
\xfc\xf1\xf8\x198\x07\xb8\xb0\xe0\xac\x00wh\x00V\x02\
`\xe0\xa1\xbdQ\x83\xfei\xe7?\xdf\xc0\xb0\xad\x5c\xfd\
4\xf4\xf7\xfa\xe9\xd2D0P\xd0\x5c\x15\xd3s8\x83\
\xd5\x80I-t\xaeq'\xbe\x83Gw\xdf\xc2o\x1f\
\xfd\x1e\xbf\xba\xf3.\xb6\xc3{\x90\x8a\x03J\x01FC\
\xacwa\xac-F\xa6I\x0e&\x16\x12\xd8\xe2s\xc5\
\xb2}\x0d\x9c]\xc0v5g\x17\xa0\xeb\x16\x10\xe9\xdf\
:\x08\x82\x12\xb8\xf3<\x87\x94\x12\x07\x07\x07x\xf6\xec\
Y\xd9x\xd2n\xb7\xcb\xae\xc0N\xa7\x83N\xa7\x830\
\x0c=8{\x80\xfe\xc7\xd7\xc9\xc9\x89M\xd3\x14Z\xeb\
\xd2\x8aG\x97w{{{\xe5\xe0K\x927\xdc\xa1\x00\
u\x0bn\xb7Y(\xa4m\x9aq\x04\x82\x01\xc6\x22M\
\x932\xc0\xc92 \xd3\x0a\x12\x0a\x92\x87\xb0F@\xa5\
\x06\xcaX\xb0\x000BCq\x85g_\xbe\x8f\x17_\
~\x8ag\x9f\xfd\x11G\xe7/\xa1\x829\xa2\xb5\x00\x90\
\xc5tq\x9df\xbfl\x06mn\xd0\xc8\xd9\xf7\x93P\
\x12\x1aZ,$\xd2i\x0655\xe8E;x{\xef\
7x|\xffWx\xf7\xadw!m\x8c\xc0\xacC\x9a\
.\x02\x84\x90\x92C\x06\x1a,\xd0\xc8\xb5B\xd4j\x03\
\xe0\x98'\x0a\x8c[t\xbbm\xb4\x22\x01c4\xb4\xe2\
+]\x1a.@\xd7\xf9\x9c\xb5\xd6e\x16\x0d\xdd')\
c>\x9f#\xcb2|\xf8\xe1\x87\xe8\xf7\xfb\xa5\xce\x1c\
\x04\x01\xa2(Z\xf2:{\x97\x86\x07\xe8\x1f\x8d.=\
\x9dNquu\x85\xc9d\x82{\xf7\xeeaoo\x0f\
w\xef\xde]\x8a\x5c\x5c\x05\xd0u\xf7]\xf6\xbd\xf4\xbc\
\xcd\x0bP\xb6\x80\x10\x01rm\x91\xe6\x0a\x16\x1c\x5c\x06\
\xd0\x86\xc3\xe8\x14\xdcf`\xc8a-\xa0\x15Cn8\
\xb4\x09\xb0\xd1\x0a\xa0E\x82a~\x8cO\x0f\xff\x84?\
>\xff\x1f\xfc\xf5\xeb\x8fq:=An56\xe4\xda\
\xb7\x06\xd3\x1f\xba5\xfc\xc7\x0c\xd0\xdf\x97A\xab C\
\x96j\x08\x1b`o\xe31~\xbb\xff\x1e~s\xe7=\
\xec\xb6\xf7\x11\x99.\xf2y\x07B\x9a\xc5M\xc3J\xc0\
H\x0e#C\x80\x09\xac\xf3\x10Y6\x07g\x1aq\x1c\
!\x94\x12*g\xb0\x8aC\x8a\x16L\x9872\xe8\xba\
\xce\xc0\xea>d\xa5#rA:\xf4t:\xc5\xf9\xf9\
9\xde\x7f\xff\xfd\x92)\xbbl`\x0b\xe4S\x00\x00\x13\
\xc3IDAT\xb9\xddn\xa3\xddnCJ\xe9\x9bO\
<@\xff\xf8d\x8f\xe9t\x8a$Ipzz\x8a0\
\x0cq\xff\xfe}<y\xf2\x04Q\x14\xc1\x18S\xeav\
\xae_\x9a\x0e\x984-2\x9c\xdd\xbc\x0f\x97E\xbb\xf7\
]\x09\xe4\xa6\x1b\xfd,\xd7\xda\xa7U\x06\xad,\x98\x90\
\xc5J<S8}\xdd\xc7\x8b/\xff\x86o^}\x8e\
\x7f\x1f\xfd\x1b\xb2d\x8e4Q\x80).\x99[\xb2\x05\
f9\xac\xb6\xc8\xb9\x04`\xc0`\xc0\xad\x85\xb1\x0a\xcc\
\x16\x8f\x19\xb3\x80\x0d\x01\xce\x00\xbe\xd0V\xa1\x01\x18\x18\
\x06Xf\x11\xe6\xf1\x1b`\x00\xd9\x11\xdfx\xafs[\
X\xf5\xca}\xf8\xc2\x12h\x17\xd9\xd7|\xb5\x04!\x16\
\x13\xda-\x13K\xcd1e\xd8\x900`\xe6\x8d\x05\x92\
c\xa1\xcd\xda\xe2w\xfb\x1a\x1a\x823\x04\x9cA\xc0\x82\
\x1b\x0d\x18\x05\x18\x03X\x0d\xc1\xa3\x85\x87Y\xc02\x0e\
X\x01m\x19\xb4-N\xc0-Y\x00\xa4a@\x0e\x85\
\x5c)(\xa6\x01\xce \x04\xc7\xbf\xf0\x7f\xc5\xfd\xde\x1e\
\x9e\xec\xbe\x85\xbb\x9b\xf7\x11\x89\xce\xe2D\x5c,\xda2\
&\x96\xf4\xde\xaa\x9eLzp\x93\x84Q\xe7\xd2p\x9f\
#\xc2@\x89sU\xc2@?\xd7\xf5>\x0f\x87C<\
\x7f\xfe\x1c/^\xbc(\x17\x01Ic\xa6\xce@\xbf\x10\
\xe8\x01\xfaG\x0f\xd2iZL\xe9\xbe\xb8\xb8\xc0d2\
\xc1\xda\xda\x1a\x9e<y\x82\xbd\xbd\xbd7\xfc\xcda\xd4\
\xb3\xd9\x0c\xd6Zt:\x1d\x00(\x87\xd6V\xe5\x8f:\
W\x07\xbd\x97\x0b\xc8U\xf6\xed\x823\xdd\x047\xc8s\
\x8d,_4\xd2\x08\x80\x07\x00\x0f\x8a\xee\xb2\xf3\xe1\x0c\
\x87'_\xe3\xaf_\xfe\x19\x07G\x7f\xc6\xf1\xf8\x0b\x8c\
\xed\x19R6\x86\xe2)\xd6\x82\x9d\x05\xb8\x0a0&\xc1\
 \x00+a\x8c-\x16\xd8\xe4\xb4$\xaa\xd6Zp[\
x\xfa8\xe7\xe0\x8c!c\xd7%\x94%`I\x0b\x80\
-\xec\xd4\xd7O:\x10\xdd\xd5\x1a/Kkus\xcb\
\x00k\x182\xb9\x1c\xb7z-\xf4G\xa5\x85\xb5\xcd\x00\
F\x17\xe1F\x5c\xb4 e\xd1\xbc1M\xe6%\x97f\
\x5c\x83\x0b@\x14a\x84\xe0\x1c\x18g\x19\x90\x03<\x0f\
\x11\xea\x08[\xe1\x1d\xeco=\xc6\xa3;\x8f\xb0\xbdy\
\x07\xdb[{\x08D\x84\x90E\x10:\x80Q\xact\xd4\
\x88\x80C\xf2\xe0ZcI\x9dD\xb1\x0a\xa0\xebZ\xb2\
i[\x1c\xc7ep>\xfd-\x12\x1b&`\xa6\xa1\x15\
Zk\x1c\x1c\x1c\xe0\x93O>\x81\xd6\x1a\x0f\x1e<\x80\
\xd6z\x09\xa0\xc30D\x14E\xd8\xdd\xdd\xf5\xd8\xe2\x01\
\xfa\xc7__}\xf5\x95\xcd\xf3b\xc6\xe0\xd5\xd5\x15\xac\
\xb542\x1e\xbd^\xaf\xb8\xccu\x12\xf2\x08@hF\
\x9b\x1b\xe3X\x05\xde:M\xba\x0e\xa0\x0142h\x95\
'\xe0\x5c\x02,\x80\xd1@\xa6Rh\x93\xc30\x05.\
,\xba\xe3-\x18a\xa0\x82\x0c\x13v\x89\xe3\xe9\x11>\
\x1f|\x86\xcf\xbe\xfe\x14G\xa7\x878\xbf\xfa\xbc\x88^\
\xb5EW#\x02\x06.\x04 \x0a\x00PF\x83A@\
0\x81\x80I@30\xc3`\xd4\xa2\xfb\xb23_\xfe\
|fyQ\x94\x07\x91\x03,\xd7m\x89\x81\x1a\xad\xfc\
\xfd\xcf\xb1\xf6\x06\xa0\xd9u\xc7L`\x17\xad\xdc\xdc.\
\x9d4\xb5-\xc2\x87\xb6\xd8Z\xc1\xf6\x8bk\x02\xe4\x16\
\xd0\xd6\x16l\x993@&\x0b\xe6\x0d\x18\xa5a\xd2\x1c\
FY\xb0rAm\x0b;\xeb;x\xbc\xf3\x14\x8f{\
Oq\xbf\xbb\x8f-\xbe\x836\xd6\x10 \xc0e\xf4\x1a\
\xccHp+\xc0\x11 \x10\x12\x5c\x0aH\x090\x01\x08\
\x16^;q4Y\xe6\xea$\x8c\xea\x82_\x15\xa0\xc9\
\x8bO\xf7\x09\x98]\xf7\x11\xf9\x9a?\xfa\xe8#\x9c\x9d\
\x9dass\x13\xeb\xeb\xeb\xd0Zccc\xa3\xb4\xce\
\xc5q\x8c \x08\xfcB\xa0\x07\xe8\x9fV\x9d\x9c\x9c\xd8\
$I0\x9b\xcdpyy\x89\xd9l\x86N\xa7\x83\xed\
\xedm<x\xf0\xa0d\xccy\x9eC)\x85V\xab\xb5\
r\xa2x\x9dV]\xc7\x98\x9b\x80{I\xd3\x86\x82\xd6\
\x16\xdapXS\x1c\xd0\xda*\xe4*\x85R\x19\xc2\xa0\
X(\xd2\xaa\xb0\x9c1\x1e\x02`\xd0\xcaBk\x8b\xe7\
\xe3\x0fpvq\x8a\x97\xc7\x9f\xe3p\xf0\x05.\xa6}\
\xcc\xcd\x08\x96\xa7\xb0\xc2@\xeb\x16\x80\x05k\xe7lq\
\xd9\xce\xca\x056\x91\xbc\x01\x0a!\x8a\xcbl8S8\
\xe6\xec\x12\x86\xa1`\xe6\x00\x18[xs\x17\xdb\xe4\x0d\
\x13SrK\x7f\xe8\xa4\xf7\xbf\xd9\x9f\xc3\x80O:E\
\xfe\xc4\x02\xc0\xc8U\xc7X\xc1\xb2\xd3\xb48Q2\xb9\
\xd8\x86\x1c\x96\x19\xd8\x225\x05V+0#\x01\x1d@\
\xea\x0e:\xc1\x16\xb6\xd7\xf7po\xeb\x01\xb6\xd6\xef\xe0\
\x9d\xcdw\x0a\xf6\xcb$$\xa3\xef J\xe9\x82\x19\x0d\
\xce$\x84\x08 e\xd1\xc4\xc1\x04\xc0\x98\x86\x81F \
\xa2Z\xf6\xbb\x8a%W\xc3\x8a\xea\x188\xedC\xad\xdc\
\xd4TE\xfb\x93\xee<\x1e\x8f\xf1\xec\xd93\xbc|\xf9\
\xb2l8a\x8c\xa1\xddn\xa3\xd7\xeb\x811\x86V\xab\
\x858\x8e=k\xf6\x00\xfd\xd3\xad\xc1``\xad\xb5H\
\x92\x04\xaf_\xbf\xc6x<.\xdb_\xf7\xf7\xf7\xb1\xbb\
\xbb[\x1ePt0*\xa5\xca\x0c\x84* \xd7\x01t\
\xdd}\x02\xf9\xaa\xc4A\xdb8+\xd8z\x9ei\x80\x0b\
H\x11\x16@\x05\x0d\xad5.\xd2y\x91h\x06\x03a\
\x00i\x00n,L\xa6`\xb5\x86\xeeta\xa0\x90\xb3\
\x19f\xea\x0a\xaf'\xc78:\xff\x0a\x87\xfd/1\xbc\
8\xc5(9\xc1<K0\x9e\x8f1\xd5c(\x96\xc1\
\x86\x06<\x04\xb8\x04bu\xb7\xfcLz\x01\x9e\xdaR\
+\xbbB\x0f\x1b0\xceW\xa6}\xec\x02\xa8\x13\xb1Z\
\x83\xee,\x182[h\xd6%Qf\x16\xcc\x02\xba\xcd\
\x0a\x86\xbc\xe8\xce\xa4&\x22\x8b\x05\xe8E3Xc`\
r]\xa0\xbda\x08Y\x80H\x14\x12\xc7\x06\xdb\xc7F\
w\x0bw\xb7\x1f\xe2\xce\xc6\x1e\xd6\xa3\xbb\x88\xc5\x06Z\
\xac\x03\x81\x10\x18\x01\x22\x10\x10\x91\x04o1\xb0\xd0@\
s\x05\xc5\x8a\xbc\x8d;\xfcN\xf9\xbd\x0a\xe9\xc5,\x1a\
\x86\xf8\x22\xb3\xa5~:v5K\xa3\xc9\x85Q\xa7Q\
\xbb7w\xdef\xbb\xdd.\xdf\xe3\xec\xec\x0cggg\
\xf8\xf8\xe3\x8fKG\x06\xe7\x1c\xedv\x1b\x9b\x9b\x9bh\
\xb7\xdb\xb0\xd6bmm\xcd\xb3f\x0f\xd0?\x9f::\
:\xb2i\x9ab6\x9ba6\x9b\xe1\xea\xea\x0a\xc6\x18\
\xf4z=\xbc\xf5\xd6[\xd8\xda\xda*\x81\xf56\x03I\
W5\xbaT5\xe7:F\x9d\xa7\xd9R\xc0M\xae\x0d\
\xf2</[\xc9\xa3\xb0\xb5\x90\x90\x8b\xc7\xca\xe4\xc8\xf3\
\x14J\xe7\xc8\xb5\xc6\xba\x89aP,\x00\x16\x8b\x81\x1c\
\xe0\x16\xda\x1a(kp1>\xc6xv\x85\xf3\xf1\x10\
\xa7W\xc78\x1d\xf51\x9c\x9c\xe3b2\xc4,\x9b \
k\x8d\xcb1L\x16\x1aL00I\x8d\x14\x16\x81\xda\
x\xf3\xfd\x16\xac\x96\xb1\x82\x8d\x03\x80\x5c4\xd242\
\xe8\xc5\x22\x1e3\x8b+\x06\xcb\xe1\xc6\x83$\xb8,\x00\
\x0f\x02\xd6\x14W\x09\x1cb\xb18\x16@f@(#\
t\xc3Ml\xb4\xeeb#\xba\x8b\xad\xf6]\xac\xb7v\
\x10\x85\x1d\xec\xaeo\x83\xdb\xc5\x81d\x18\xb8\x058\x18\
B!!\x85\x80\xea\x84\xd0\xca\x16'3e\xc1\x00\x08\
\x1e \xa0E?\x0b0)\xc0\x85\x80]H0R\x14\
\xc0\x19H\x8e\x5c\x99o\xe5c\xae2d\xb7!\xc5-\
zM\x18\x86K\x99\x1by\x9e\xe3\xe8\xe8\x08\x07\x07\x07\
8<<,33677\xd1\xedv!\xa5\x84\x94\
\xb2\x9c\x19\xe8\x1d\x1a\x1e\xa0\x7f\xb6\xb2\xc7\xd5\xd5\x15\xe6\
\xf39f\xb3\x19F\xa3\x11\xac\xb5\xa5\xdbccc\xa3\
\x11\x98\xeb,xM ]e\xd0\x8d:\xb6\xb1P:\
\x83Z\xb8\x1e\xa4\x94\x90\x22D6=\x87\xb6\x0c\xcaX\
\xe4\xa6\xd0a-\x0f\xc1\xa4\x04\x17\x01\xcc\xd5`q\x22\
\x00\x8c\xe6\xd0\x96\x03\xe0E\xc6\x86\xe5P\x9a\x17+\x84\
\xdc\xc2\x0a\x03\xc5rdj\x8eY:F\x9a\xa6x\x95\
|\x82$Ip5\xb9\xc0xv\x85i2\xc2|>\
\xc3,\x9bB\xa9\x0cC\xbc*\xde\x1f\x05\xa36\xd0E\
\x13\x06+\xd8\xe6Z\xda^\xf9{\x1e\xb7f\x0b@\xe6\
\x10\xe0\xc5\x7f\x99\x84`\x12\x8c1t\xf3\xfb\x08d\x0b\
q+F\x1cv\xd0\x0a\xda\x88\xc3\x0e\xda\xad6ZA\
\x84;\xf1C\x842B$\xbbh\xc95\x046\x06\xb7\
\x11\xb8\x15`VB\xebK0^4\x08\x09\x09H\x06\
0\xae\xcb\x90\xa8i\xa0\xc0\xc1\x10\xf0\x00!\x0b\x11\xf2\
\x10\xa1\x88 \x98\x80\x80@b\xd3b10\x08\x80E\
\x93\x09\x8c\x017\x8b&s)\xae\x01r\xb5\xfboU\
\xa3\x09\x01oU\x22!FL)t\x14\x09\xfa\xfc\xf9\
s\x9c\x9d\x9d!\x0cClll\xa0\xd7\xeb\x95Wr\
\x94\xd9,\xa5\xf4r\x86\x07\xe8_F\x1d\x1e\x1e\xda\xf1\
x\x8c$I\x90\xa6i\x99\xfc\xb5\xbf\xbf\x8f\xb7\xdf~\
\xbb\x5c8l*\x17\x80\xeb\x00\xbd\x0e\xa0\x97\xf7g\x85\
\xad\xcd\xd8\xc5\x22\x9a)m\x80Zk\x80\xb7\xdfd\x86\
h\x03\xad\xb2rQ\x93\x19\x8b\xb4dh\x805\x19`\
\x14\x8c\xcea\x8c^\xd8\xcf$\x8c\xd2\xd0j\x913\x81\
\x82e\xda\xc5\x8c\xba\xb8\xb5\x07mr\xe4&\x83Fq\
\xcb\xcd\x1cY\x96 S)fy\x0e\xads\xcc\xf39\
\xd2<A\x9a%\xc8\xd4\x1c\x99\xce`\x8c\xc2\xd0\x5c\xae\
\xfc\xfdl\x98n\x01TL\x22\x10-H\x11!\x10!\
B\x11\x80s\x89(,\xb4\xdf\x96\x8c!\x11\x80\xab\x00\
\x02\x12\x02!$\x97\xc81+tkf`m\x0e\xc3\
\xf3\x22MN,\xba\xf6x\x07\xd6\x02\xb0\x1cL\xc8B\
\xb7ab\xa1\x95s\xb4\x17\xda\xb7\xe5\x0b\xa9A\x16V\
A\xb3\xf0_\x0b\xc4\x85\x05\x11\xc5\xa2 _|V\x09\
\x0e\xc1\x18\x0c\xafg\xc2M\x0b\x80U\x06]\xb7\x8d\x5c\
\x1a\xf4\xfc\xf1\xf11\x9e?\x7f\x0e\x1a\x96\xdc\xedv\x11\
\xc71\x84\x10e\x86F\xa7\xd3A\xab\xd5\xf2\xbef\x0f\
\xd0\xbfL6ML\x9an\xf3\xf9\x1cy\x9e\xe3\xbd\xf7\
\xde\xc3\xda\xda\x1a:\x9d\xce\xb5\xbc\xe9,\xcbJ_\xb5\
\x0b\xccU\xd9\xa3N\xb7v\x1d\x1duZv\xe9\xf2 \
\x1fq\x83K\xa4\xd4l\x1b\x5c\x22u\xdb\xdc\xc77\xbd\
\xbe:\xd5\xfa\xda\x89\xc8\xd8\x95\x9f\x0f\xdc\xae\x1cCF\
\xc9\x82K\x07\x85\xc36]`\xac\xde\xaa\xe0W\xc7f\
\xeb\xba\xf5\xea@\xb4\xe9\xf9\xaa\x86\xec2`b\xc7\xf4\
oT]\xe8\x0b\x82\x00Y\x96\xa1\xd5j\x95\xee\x0cz\
M\x96e\x98N\xa7\xf8\xf0\xc3\x0f1\x1a\x8d\x90eY\
\x99\x95A\xf9\x19\xae3\xa3\xd5jy`\xf6\x00\xfd\xcb\
\xae\xe3\xe3\xe3\x12\xa8\x93$A\x96e\xf8\xe6\x9bo\xb0\
\xb7\xb7\x87G\x8f\x1ea{{\xbb\xd4\x0cI7&\xad\
\xb8l\xb4p\x1a\x10\xa8\xf3\x8b\x0eZ\xba\xb9y \x04\
\x90M,\x9b\x00\xac\xea\xa5\xae\xd3\xb8\xeb\x1e7m[\
\xf5\xda\xa5F\x1a}\x83KE\x9bF}\xbd\xd0\xadM\
#8\x93\x94\xb3\x0a\xa0\x9b\x80x\xd5\xf6\xaa\x14Q\x95\
\x1d\xea\x12\xe4\x9a\x9e\xab\xcbc\xae\xda\xech\x10\x045\
\x95\xb8\x9f\xbd\xddn/\xbd\x7f\x9e\xe78??\xc7W\
_}\x85\xa3\xa3#\xc4q\x5c\xa4\x22.&k\x93\x97\
\x99\x1aN\xe28\x86\x94\xd2/\x02z\x80\xf6Eut\
td\x09\xa0\xad\xb5\x18\x0c\x06\xb8\xb8\xb8(\x1b]\xf6\
\xf7\xf7\x11\xc7E\x90~\x92$\xe5}k-\xb2,\xbb\
\x06\x1c.\xb3\xa6\x1b\x1d\xb0U\x00\xae\xde_\x05\xc6\xb7\
\x01\xdd&\xf7H\xf5q\xd3\xeb\xb5n\xfeYU\x06]\
\x07\xe0\xab\x18\xb4\xcbpW\x01\xf4w\x01\xe9&\xb0^\
\xf5\x1eM\xd9\xcc\xee\xf3.\xa3\xa7\x13(1\xe4\xba\xa4\
9\x97Y\xf7\xfb}\x1c\x1c\x1c\xe0\xf8\xf8\x18\xd6Zt\
\xbb]p\xce\x11EQ)k\xb4Z\xad\xf2\xe6;\x01\
=@\xfbj\xa8\xc1``\xf3<\xc7t:\x85R\x0a\
\xf3\xf9\x1c\xe3\xf1\x18\xe3\xf1\x18RJ\xec\xed\xeda\x7f\
\x7f\xbflv\xc9\xb2\xac\xf4P\xd3\x819\x9b\xcdj\x0f\
z\x97I\xd7I!\xdf\xa6\xd1\xe5\xdb\xb4\x98\xafd\xba\
\x0d\xfb\xdet\x82\xa8\xe6e7\xc9:M\x0c\xba\xba_\
\x93\xdb\xa1\x0e\x88]\x80o\x02\xde\xea\xf3M\x12H\xd3\
\xf3\xeeT\xec\xea$\x13j\xc5&\x96\xad\xb5.\x990\
\xbd>\xcb2\xbc|\xf9\x12_|\xf1\x05&\x93\x09\xa4\
\x94%\xa0\x138Sn\x065\xaa\xf8HP\x0f\xd0\xbe\
nY\xfd~\xdfRj\x98R\x0aI\x92`4\x1a\x95\
s\xe0\xb6\xb7\xb7\xf1\xf0\xe1\xc3\xb2}\x9c\xdav\xe9\xc0\
UJ-\x81\x19\xad\xdc\x93\x04R=\xe0\x9b\xc0y\xd5\
m\x95\x06\x5c\xd5\xba\xab`\xdct\x12h\x0a\x8b\xaa\xd3\
\xb8\x9b@\xb76\x5c\xea6\x07E\x83\xc4Q\xc7\xa8o\
\x02\xf0\x9b\xf6ob\xd5\xee>\xae\x0d\x92\xaex\x88M\
\x93LC\xb2\x04\xd5p8\xc4`0\xc0\xcb\x97/\x91\
\xa6i93\x93\xd2\xe8\xaa\xe3\xa7(\xb1\xce{\x9a=\
@\xfb\xfa\x0euzzj\xb3,\xc3|>\x07\x051\
\xe5y\x8e\xc9\xa4\x08d\xefv\xbb\xb8\x7f\xff>vw\
wK\xc9#\xcb\xb22p\xc9\xd5\x9a\xddjb\xc3M\
\xac\xfa\xb6\xcf\xaf\x02hw\xfbM\xef\xef\xfe\xbf.k\
\xe46#\xc3\xea\x98s\xd3\xe3:\x06\xdd\x04\xd4\x00J\
\x90\x5c\x05\xca\xab\x00\xdc]\xf8mb\xe0\xeeI\x86\xb4\
\xe60\x0c\x11\x86\xe1\xd2\xeb\xb3,\xc3\xeb\xd7\xafqr\
r\x82~\xbf\x8f\x8b\x8b\x8br\xb1\x90R\xe6\xc8\x89A\
N\x8ev\xbb\xed\x17\x00=@\xfb\xfa\xa1\xa5\x8f$I\
J\xa7\x07E\x9b\x12Pooo\xe3\xfe\xfd\xfb\xe8\xf5\
ze\xa6\x07M\x12w\xc7m\xd1\x02\xd3M\x1a\xf4\xaa\
\x09\xe3\xab\xe4\x8e:P\xadK\xdf[\xcd\xde\xf5\xea\xf7\
Gs\xfb;\x000\xcbW\x82t\xf5\xc4Q\x05\xe8\xea\
\xa2[u\x9f\xaaDQ\xa7\x1b\xafb\xd7M\x0c\xbc\xee\
\xe7\x100K)\x97\x00~:\x9db0\x18\xe0\xe8\xe8\
\x08\x83\xc1\x00I\x92\x94\xd68re\x10\x98S\x98Q\
\x14E\x10Bx?\xb3\x07h_\x7f\xafr\x17\x13\xf3\
<\xc7|>\xc7\xe5\xe5%\xa6\xd3)\xe28F\xaf\xd7\
\xc3\x93'OJ\xf6D\x80\x94\xe7yyp\xaf\xd2o\
\xab6\xb4&\xbb\xde*\x80umt\xd5\xd7\xde$\xa7\
\x10@7\xc9\x17\x00\x90k\xd5\xf8\xf9\x08\xa0W\xd9\xec\
\x5c\x00\xae\x03\xe8U\xb2\xc7*\xe9\x83\xcam\x14\xa9\xdb\
\xe7&\x80\xa6\xd7\x0b!JP\x05\x8aH\xda$Ip\
pp\x80\xe1p\x88\x8b\x8b\x8b\xd2\xb5A\xf9\xcc\xc4\x94\
\xa9\xeb\x8f\x00:\x8ec/cx\x80\xf6\xf5\x8f*\xb2\
\xe7Q\xbc\xe9|>/mz\xd3\xe9\x14\xedv\x1b\xf7\
\xee\xdd\xc3\xfe\xfe>\xb6\xb7\xb7K\xf7\x06i\xd0\xee\xe0\
\xcf\xaa\x15\xcf\xb5wU\xf5\xe3&\xc9\xa4n\x11r\x15\
(\xdf\xc4\xe0Wi\xcc\xab\x86\x1c\xdcF{\xaesq\
\xdcF\x9fv\x7f\x1f\xd5|fz_\x0a#\xa2E\xbe\
\xaaTA\x00\xee\xfe>\xddF\x12b\xcc\xeeg\xbc\xba\
\xba\xc2\xf1\xf11\x0e\x0f\x0f1\x1c\x0ea\x8c)'\x98\
\x10S&\x10&\xb6M\xfa\xb4\x1f9\xe5\x01\xda\xd7?\
\x19\xa8\xf3</A\x9a\x98\xf5t:\xc5l6\x03\x00\
t:\x1d\xec\xec\xec`ww\x17\xbd^\xaf\x8c\x96\xa4\
\xc0\x1c\xca\x00&\x90%\x9f5\x01:\x81\x13-\x5c\xd1\
\xeb\x9a@\xb8\xceG\xed\x02g\x15\xf8\x9bt\xe7U\x12\
K\x93|\xf1]\x06\xbaV\x19t\x1d+\xaec\xd1\xee\
\xb4\xeb:\xf9\xc2=\xe9\x11\x93\x95R\x22M\xd3\x12\xc0\
\x09\x5c\xab'\x8d\xcb\xcbK\xbcz\xf5\x0a\xfd~\x1f\xa3\
\xd1\xa8\xf4-\xd3\x8d\x1aI\x5c\x80\xa6\xc7\xf4\xbc\x1f9\
\xe5\x01\xda\xd7\x8f\xa4NOOm\x9a\xa6\xa5\xecA\x97\
\xc3\xc4\xaa\xc9\x8e\x15\x86!vww\xb1\xb5\xb5\x85\x9d\
\x9d\x9d\xa5\xcbg\x02\xd6j\x8b\xb1\x0b\xd6\xe4\x0cX\xc5\
\x80W\xcb\x17\xf6\xd6\xec\xba\x09\xa0W=w\x1b\x90v\
O:M\xff\xaf\x93=\x9a\xbc\xd2.3w\xa7g\xbb\
\x0c\xdb\xfdL4\x16\x8a\xbc\xca@1\xeb\xef\xea\xea\x0a\
\xb3\xd9\x0c/^\xbc\x00\x9dt\x95R\xe0\x9c\x97 \xec\
:0\xc8\xbbL\xec{1\xc5\xc7\x1f\xdf\x1e\xa0}\xfd\
\x98\xeb\xd5\xabW\x96\xb25\xb2,\x03\xcdL\xa4\x05\xc6\
,\xcb\xc0\x18C\x14E\xd8\xde\xde\xc6\xee\xee.vv\
v\x96\xe6\xd0U\xedo.x5-2V\x19\xeeM\
\x0e\x8d\x95AN\x0d2\xc8M\xac\xf96\x0c\xbaV\xb7\
n\xd0\x9b\xeb\xb6U5l\x17\xb0\xa9s\x8f\x16i]\
\x96\xec\x022\xc5\xd0N&\x13\x5c^^\xe2\xf4\xf4\x14\
ggg\x18\x8dF\xa5\xd4A\x9d}$e\x90dB\
\x9d~.8{\xb6\xec\x01\xda\xd7O\xac\xfa\xfd\xbe%\
\x16F^i\xad5F\xa3Q1\xf9D\xa9\x12\xb8\xc3\
0\xc4\xce\xce\x0e\xb6\xb6\xb6\xf0\xf0\xe1\xc3\xd2?\xebz\
qi\xb8@\x95AWo\xee\xa5\x7f\x1d\x08\xd3{~\
\x1b\x96}\x13S\xfe\xae\x9e\xe7U\xc9\x81M\x8c\xda\xd5\
\xf1\xab\xe1\xf9\x00\xca,e7\xf4\xca\x18\x03\xba\xc2\x19\
\x8dF\xb8\xb8\xb8@\xbf\xdf\xc7\xf9\xf99\xd24-m\
q\x04\xc8n\xdb7\xb1eZ\x08$w\xc6\xde\xde\x9e\
?\x96=@\xfb\xfa9\xd4`0\xb0$y\xd0%u\
\x92$%\x1b&\xb0\x9e\xcdf\xe58\xa3\xcd\xcdM\xf4\
z=lmm\xa1\xdb\xed.1@\x17<]\xf9\xa3\
)\xb4\xa9\xa9\xd3\xaf\x0e\x9c\xeb\xf4\xed\x1f\x12\xa0o\xdb\
q\xb8\xaaS\x90,p\xee,\xbfj\xe5y^N\xd4\
\x19\x0e\x87x\xfd\xfa5&\x93\x09\xce\xcf\xcfK\xa9\x22\
\x8a\xa2\xd2\xa7\xecJ$\xb4\x08H\xcf\xd3\xcf\xe0\x9c{\
\x19\xc3\x03\xb4\xaf\x9fs\x1d\x1e\x1eZ\x97\xd5\xcd\xe7s\
\xcc\xe7\xf3R\xda\x98\xcdf\xc8\xb2\xac\xd4@\x83 @\
\xb7\xdb\xc5\xc6\xc6F\xe9\x0e\xa1\xcbww\xf2\xb4\x0bL\
\xab\x98\xf1M\x8d2\xd5N\xc0\x9b$\x90o\x0b\xd0t\
\x12YeukJ\xabc\x8c\xa1\xd3\xe9\x5c\xfb\xfcJ\
\xa9\xf2\x0ac0\x18`2\x99\xe0\xe2\xe2\x02\x94\xffM\
\xf6>\xce9677\x97\xde\xd7\xf5*\xbb\xfeew\
Q\xd0\x83\xb2\x07h_\xbf\xb0:99\xb1\x04\xca\x94\
\xfdA\x97\xe1\xe4\xf2\xc8\xb2\xact\x86\x94\x99\xd0\x8b\x99\
tkkkX__/C\xdd\xc9\xb3\x1bE\xd1\x8d\
\x12\xc6Miz\xabt\xeb\xea\x10\xd9o\xeb\xdc\xb8)\
\xee\xd3]$\xad\xca\x17t\x02\xa2\xc6\xa1\xc9dRJ\
\x16\xb4\xc8G'(\xb2\xcf\x91\xbb\xc2\xcd\xd5\xa0\xab\x14\
\xcaQq\xe3D\x89-\xfb\x86\x12\x0f\xd0\xbe|\x95\xd5\
\xef\xf7-\xb1j\xad5\x94R%3$\xb0\xa6\xed.\
\xc3\xa6<\x07Z\xdc\xda\xdc\xdcD\x1c\xc7X[[C\
\xbb\xdd.\xb7\xbb!?.\x83\xad\x02uU\xe3\xae\xb6\
\x88W\xedm\xd5\xa2\xcfT\x17\xd3\xe9\xfe\xec\xaa\xb5\xcd\
\xd5\xd0\xb5\xd6\xe5\xc9\x89\x16Zi\xc8\xc2p8\x5c:\
\xa1Q\xb8\x91+w\xb8\xf7]9\xc4\xf59\xbb\xfb\xb9\
\xc1H\xde\xb7\xec\x01\xda\x97\xaf\x95uzzj\x09\xa0\
]\xa0&\xe0\x22\xa0\xa6m\xae\x0eM\x8b\x90\xeeBW\
\x1c\xc7%\xcb^[[+/\xe1]//\xe9\xb0.\
\xd3\xad\x8e~\xba\x8d\xac\xe1\xee\xeb6\xd0T\x01\x9fN\
4t\xb2\xa1\xef5\x1c\x0eK\x9b\x1b\x05V\xb9\xdf\xb5\
\xddn/\xf9\xc2\xe9\xbb\xd4\x01r\x95\x1dW\x01\xda\xe7\
.\xfb\xf2\x00\xed\xeb{\xd7`0\xb0$q\x90\xa6\xea\
\xfa\xa3])D\x08qm\x9b+[P\xa3\x0b\x81\x94\
{\xa3)\xd2\xd5\xe7]&\xecfa\xd7U\x9a\xa6\xd7\
>\x9f\xdb\xed8\x1e\x8fK)\x85\xc0\xd7\xdd/\x8a\xa2\
%{\xa1\x9b\x08'\x84@\x96eK\xf69b\xbf\xc4\
\x80I\xb6p\xf5y\x02i/[\xf8\xf2\x00\xed\xeb\xef\
\x0e\xd6n\xc7\xa1\x0b\x84ts\x19+1U\xeat\x0c\
\x82\xa0|\x0d\x81\xa3\xcbrI\xc3\xad2f\xaaUY\
!\x00\xaeM$\xa9\xde'7\x8a+\x81TO\x02\xee\
6zL\x0c\x9f\xec\x87\xeek\xdc\xc7\xc4\x9c\xe9\xb1g\
\xc8\xbe<@\xfb\xfa\xa7\x836\x013I\x05\xd5\xb8S\
\x02b\xca\xabvYk]\xab\xb8\xcbz]\xa9\xa2)\
K\xa3\x9a\xe5\xd14r\xaa\xaaEW'\x97\xb8m\xd5\
\xae}\x8e\x808\x8e\xe3Z0\xf7\xec\xd8\x97\x07h_\
?\xb9:==\xb5\xd5|\x0fW\x0f\xae\x02tuh\
m\x1d\x80\xdf&\xadnU\x80~\x15\xa0\xab`\xee\x8e\
\x90\xa2\xfbdu\xeb\xf7\xfbV\x08\xe1\x99\xb1/\x0f\xd0\
\xbe~\x19\xe0\xed2\xe9*#\xaen\xabK\xbb[\xfa\
\x03_\x11rD\xafq-uU9\xc3\xb7M\xfb\xf2\
\x00\xed\xcb\xd7\x0f\x04\xf0MR\x87\xb7\xac\xf9\xf2\xe5\xcb\
\x97/_\xbe|\xf9\xf2\xe5\xcb\x97/_\xbe|\xf9\xf2\
\xe5\xcb\x97/_\xbe|\xf9\xf2\xe5\xcb\x97/_\xbe|\
\xf9\xf2\xe5\xcb\x97/_\xbe|\xf9\xf2\xe5\xcb\x97/_\
\x7f\xff\xfa\x7fT\xc1\xf6\x9a\x00C\xf0\xda\x00\x00\x00\x00\
IEND\xaeB`\x82\
\x00\x002\x0d\
\x89\
PNG\x0d\x0a\x1a\x0a\x00\x00\x00\x0dIHDR\x00\
\x00\x02\x00\x00\x00\x02\x00\x08\x06\x00\x00\x00\xf4x\xd4\xfa\
\x00\x00\x00\x09pHYs\x00\x00v\x1c\x00\x00v\x1c\
\x01\xa7\xc2x\xea\x00\x00\x00\x19tEXtSof\
tware\x00www.inksca\
pe.org\x9b\xee<\x1a\x00\x00 \x00ID\
ATx\x9c\xed\xddy\x9c\x9du}\xfe\xff\xeb}\x9f\
33\x09I\xd8\x89!\x99%\x81\x90\xcc\x99a\x91\x82\
E\xf9\xa2\x02\xaeX\x90B\x92\x03\x22.\xd5*\xa2m\
\xc5\xa5Em\xb5\x11\x7fV\x14\xad\xb5\xad\x0b\xf8U)\
 \xa1g&A\x04Q\xea\x12\xb4u'J%\x93\x99\
,$\x99%\x01\x12\x10$d\x99\xe5\xdc\xef\xdf\x1f@\
\xbf@\x03dr\xees>\xe7>\xf7\xeb\xf9x\x84?\
H\xee\xf7}\x05f\xce}\xcd\xe7\xde$\x00\x00\x00\x00\
\x00\x00\x00\x00\x00\x00\x00\x00\x00\x00\x00\x00\x00\x00\x00\x00\
\x00\x00\x00\x00\x00\x00\x00\x00\x00\x00\x00\x00\x00\x00\x00\x00\
\x00\x00\x00\x00\x00\x00\x00\x00\x00\x00\x00\x00\x00\x00\x00\x00\
\x00\x00\x00\x00\x00\x00\x00\x00\x00\x00\x00\x00\x00\x00\x00\x00\
\x00\x00\x00\x00\x00\x00\x00\x00\x00\x00\x00\x00\x00\x00\x00\x00\
\x00\x00\x00\x00\x00\x00\x00\x00\x00\x00\x00\x9e\x9f\x85\x0e\x90\
U\xf3\x97\x8f\xb46\x95'Np\x8b:#\xb3\x05\xee\
\xbeP\xd2\xe12M\x93\xeb I3$\xe5\x03\xc7D\
u=\x22\xc9\xf5\xf8?vF\xd2\x98$\xb9\xeb\x11\x99\
=\xec\xd2\xc3\xa6\xf8a\x99\x1eq\xd7\xc3\x91\xd9\xc3\xb1\
\xdb6\x8blk<\x16\x0f\xad\xcd\xb5=\xa0\xa2\x95\x83\
\xfe\x0d\x00\xa4\x16\x05\xa0F\x8e*\xdd{\xd0\x94(\xff\
\x9a\xd8\xedL3\x9d!\xd7\x82\xd0\x99\x90z\x13.\xdd\
o\xb2!I[L>\x14\x9b\xad\x8d\xdc\x07&\xc6\xf3\
\xfd\xeb.\x9a\xfd`\xe8\x80\x00\xea\x17\x05\xa0\x8aN_\
\xe9\xf9\x07\xb6\x0f\xbeFQ\xf4&\xb9\xce\x954%t\
&d\xcaC\xe6\x1a\xf0H\x03\xe6\x1a0\x8f\x7f\xb3[\
\xe5U\x1b\x8bG\xff!t0\x00\xe1Q\x00\xaa`\xfe\
\x0d\xeb\x0flji\xbeT\xb2\xcb$\xcd\x0a\x9d\x07x\
\x0a\x97\xb4A\xd2*\x93V\xc5\xb2\xbb\xc6|\xec\xb7\x94\
\x02 {(\x00\x09:\xee\x9b\x83\x87\x94[t\x99\xbb\
\xfd\xa5\xa4CB\xe7\x01\xf6Q\xec\xae{,\xb2;\x15\
\xeb\xc7\x9e\xb7\x9f\x0c\x9c\xdf\xfaP\xe8P\x00\xaa\x8b\x02\
\x90\x04w\xeb\xec\x19~\x8b\x99>#\xe9\x88\xd0q\x80\
\x0a\xc5\x92\xfa\x5c\xb6R\xd2\x8f\xa7\xe4'~t\xf7y\
\xf3\x1e\x09\x1d\x0a@\xb2(\x00\x15*\xac\x18:Ve\
}Y\xd2i\xa1\xb3\x00U2a\xee\xff\x19\x9b}\xc7\
=w\xdb\xda\xe2\x9c\xb5\xa1\x03\x01\xa8\x1c\x05\xa0\x02\x85\
\xd2\xd0\xa52\xfd\xa3\xb8\xb8\x0f\xd9\xb2Af\xdf\x91\xc5\
\xb7\x1d\xf0\xe0\xf6\x1f\xaf\xba\xe4\xe4\xf1\xd0\x81\x00L\x1e\
\x05`?,\xbce\xfb\x8chl\xf75\x92.\x0c\x9d\
\x05\x08\xeca\x99\xdd\xe6\x8a{f\x1d\xd6\xfe\xdd;\xcf\
\xb0\x89\xd0\x81\x00\xec\x1b\x0a\xc0$u.\xdb4\xd7\xf2\
\xd1\xf7$[\x18:\x0bPg\xb6H*En7\xf5\
\x15\xdb~\x15:\x0c\x80\xe7F\x01\x98\x84'\xce\xf7\xdf\
!iv\xe8,@=3\xd7\x1dk\x8a\xed\xaf\x0d\x9d\
\x03\xc0\xb3\x8bB\x07H\x8b\xce\x9e\xcd\xa7\xaa\xac\x9f\x88\
\x83?\xf0\xbc\xdctx\xe8\x0c\x00\x9e\x1b\x05`\x1f\x14\
V\x0c\x1dk\x8an\x13\xf7\xf6\x03\x00\x1a\x04\x05\xe0y\
,,m\x9e\xa7\xb2\xfeC\x1c\xfc\x01\x00\x0d\x84\xb7\xcd\
=\x87\xee\xd2\xf0\xa1\xb1\xf9\x1d\x92\x8e\x0c\x9d\x05\x00\x80\
$\xb1\x02\xf0l\xdc-\x96\x7fM\xd21\xa1\xa3\x00\x00\
\x904\x0a\xc0\xb3\xe8\xec\x19~\x9fL\x7f\x1a:\x07\x00\
\x00\xd5\xc0)\x80\xbdX\xd8;t\xb2\xb9>\x15:\x07\
\x90U\x0b{\x87\x8f7\xf7w\xc7n\x9fXWl\xdb\
\x12:\x0f\xd0\x88X\x01x\xa6\x92\xe7\x22\xb7k$5\
\x87\x8e\x02d\x95\xc5q\x93I\x97\xe4\xcc7v\xf5\x0e\
_\xdd]\xda\xc4k\xb5\x81\x84Q\x00\x9e\xa1+\x1az\
\x8f\xe4'\x86\xce\x01@\x92\xd4\xec\xee\xef\x8c-\xb7\xa1\
\xd03|\xe5\x0bo\xdetp\xe8@@\xa3\xa0\x00<\
Ewi\xd3,w\xbb\x22t\x0e\x00\xff\xcb4\xc9/\
\x1f\x9d\xc8m\xe8\xea\x1d\xfc\xab\x93\xae\xbe\xab)t \
 \xed(\x00OQ\xb6\xe8#\x92\x0e\x0a\x9d\x03\xc0\xb3\
:\xcc\xdd\xbe\xb0\xeb\xb0\x99\xab;{\x06\xcf\x0e\x1d\x06\
H3\x0a\xc0\x13\x8e_\xb1a\xa6\xc9\xde\x1e:\x07\x80\
}\xe0Z`\xb2[\x0b\xa5\xa1\xefw\xf5\x0ev\x87\x8e\
\x03\xa4\x11\x05\xe0\x09\xe3\xe5\x96\xf7K: t\x0e\x00\
\x93`z\xa5\xbb\xfd\xb6\xabw\xe8s\x0bo\xd9>#\
t\x1c M(\x00\x92\xbaK\xdb\xa6K~i\xe8\x1c\
\x00\xf6K\x93\xbb\xde\x1f\x8d\xed^\xdb\xd53\xb8$t\
\x18 -(\x00\x92\xca\xd1\xeeE\x92\x0e\x0c\x9d\x03@\
E\x8etY\xa9\xd03|kwik{\xe80@\
\xbd\xa3\x00H2\x8f\xde\x14:\x03\x80\xa4\xf8\xd9\xb1M\
\xac)\xf4\x0c^\xae\x92\xe7B\xa7\x01\xeaU\xe6\x0b\xc0\
\x82\xd2\xf0\x1c\xc9O\x0f\x9d\x03@\xa2\xa6IveA\
\xc3\xff\xd5y\xd3\xc8\x82\xd0a\x80z\x94\xf9\x02\x907\
\x9d/\x89\x9f\x12\x80Fdz\xb1\xe5\xe2\xbb\x0b=\x83\
\x97k\xa9g\xfe\xf3\x0ex\xaa\xcc\x7fC\xb8\xfb\x99\xa1\
3\x00\xa8\xaa\xa9\x92]Y\xe8\x1a\xbe\xe3\xd8e[\xda\
B\x87\x01\xeaE\xb6\x0b@\xc9s2\xbd<t\x0c\x00\
5`ze9_\xbe\xa7\xb34\xf8\xce\xd0Q\x80z\
\x90\xe9\x02\xd0\xa9\xa1\x17J:$t\x0e\x005s\x90\
\x99]\xdd\xd93x\xc3\xe3\xb7\xff\x02\xd9\x95\xe9\x02 \
\xe9\xa4\xd0\x01\x00\xd4\x9e\xc9\xde\x18G{Vu\xaf\x18\
9!t\x16 \x94L\x17\x80(\xb2\x85\xa13\x00\x08\
\xc4\xb5 .\xc7\xbf(\x94\x06\xdf\x1b:\x0a\x10B\xa6\
\x0b\x80;\x05\x00\xc8\xb8)2\xfb\xa7\xae\xd2`\xefQ\
\xa5{y\x11\x182%\xd3\x05@r\xee\x0f\x06 7\
[4\xc5\x9a\x7f\xc13\x03\x90%Y/\x00\xb3B'\
\x00P\x1f\x5c\xdei\xb9\xf2]\xdd\xa5\xa1\xd7\x87\xce\x02\
\xd4Bv\x0b\x80\xbbI6-t\x0c\x00\xf5\xc4f\xc4\
\xa6\x15\x85\x9e\xc1\xcbC'\x01\xaa-\xb3\x05\xa0\xbbg\
\xfb4e\xf8\xef\x0f\xe0Y\xe5$\xbb\xb2\xd03\xb4\xec\
\xa4[\xb7\xf2\x8ap4\xac\xcc\x1e\x00\xe3\xdc.\xde\x1d\
\x0e\xe0\xb9\x5c\xb8s\xf7\xc4\x9d\xdd\xa5M\x9c*DC\
\xcal\x01\x90\xe2\xe6\xd0\x09\x00\xd473\xbd(\x8er\
?_\xd0\xbb\xa93t\x16 i\x19.\x00\x00\xb0\x0f\
\x5css\x9e\xfbYW\xcf\xd0KCG\x01\x92D\x01\
\x00\x80\xe7w\x88K\xdf\xef\xea\x1d,\x86\x0e\x02$\x85\
\x02\x00\x00\xfb\xa6\xc5\xddn\xec,\x0d\xffE\xe8 @\
\x12(\x00\x00\xb0\xefrf\xfe/\x85\x9e\xe1+C\x07\
\x01*E\x01\x00\x80I\xf3\xcb\x0b\xbd\x83\x9f\x09\x9d\x02\
\xa8\x04\x05\x00\x00\xf6\x87\xdb_\x17z\x86\xbe\xac\xa5\xce\
\xe7(R\x89/\x5c\x00\xd8\x7f\xef*t\x0f\xfd\xdb\xe9\
+=\x1f:\x080Y\x14\x00\x00\xa8\x88]|\xff\x83\
C\xd7\xaa\xe4\xb9\xd0I\x80\xc9\xa0\x00\x00@\x85L\xf6\
\xc6\x82\x0d\x7f\x9d\xd3\x01H\x13\xbeX\x01 \x19o.\
t\x0f\x7f\xf5\xf1\x17\x8d\x01\xf5\x8f\x02\x00\x00\xc9y[\
a\xf9\xc8\xe7C\x87\x00\xf6\x05\x05\x00\x00\x92\xe4\xfe\xde\
B\xcf\xd0\x15\xa1c\x00\xcf\x87\x02\x00\x00\xc9\xfbh\xa1\
g\xf0\xf2\xd0!\x80\xe7B\x01\x00\x80\xaa\xb0Ou\x96\
\x86\xde\x1a:\x05\xf0l(\x00\x00P\x1df\xa6k:\
{\x87^\x13:\x08\xb07\x14\x00\x00\xa8\x9e&s\xef\
\xe9\xea\xdd|b\xe8 \xc03Q\x00\x00\xa0\xaal\x86\
{\xf4\x9d\xcee\x9b\xe6\x86N\x02<\x15\x05\x00\x00\xaa\
\xefHk\xca\xdd\xfe\xc2\x9b7\x1d\x1c:\x08\xf0$\x0a\
\x00\x00\xd4\x82\xab0:\x91+\xf1\xc8`\xd4\x0b\x0a\x00\
\x00\xd4\xce\xab:m\xf8\xca\xd0!\x00\x89\x02\x00\x005\
e\xd2\x07\xbbz\x87\xde\x16:\x07@\x01\x00\x80\x1as\
\xd7\x17\xbbz\x87O\x09\x9d\x03\xd9F\x01\x00\x80\xda\x9b\
\xe2\xee\xcb\x0b\xcb7\x1f\x19:\x08\xb2\x8b\x02\x00\x00a\
\xccQ9\xba\xe9\xf4\x95\x9e\x0f\x1d\x04\xd9D\x01\x00\x80\
PL/{\xe0\xc1\xe1\xbf\x0f\x1d\x03\xd9D\x01\x00\x80\
\xb0>\xc2\xe3\x82\x11\x02\x05\x00\x00\xc2\x8a\xccu\xfd\x82\
\xd2\xf0\x9c\xd0A\x90-\x14\x00\x00\xc9sY%\x9b[\
\xce=\xa9()qDN~#\xd7\x03\xa0\x96(\x00\
\x00\x92g>\xad\x92\xcd\xe3r\xd3\xce\xa4\xa2\xa4\x86\xe9\
e\xdb\x1e\x1a\xfah\xe8\x18\xc8\x0e\x0a\x00\x80*\xb0\x19\
\x15m^.\xefH(H\xaa\xb8\xdbGx>\x00j\
\x85\x02\x00\xa0\x0a\xbc\xa2\x020\xfd\xd1m\xdb%\x8d'\
\x14&M\xf2.\xfffwi\xdb\xf4\xd0A\xd0\xf8(\
\x00\x00\xaa\xc0\xa6U\xf2\xd2\x9bU\x97\x9c<.\xf9\xc6\
$\x13\xa5\x86\xebh\x8f\xf6|*t\x0c4>\x0a\x00\
\x80j\x88\x8e\x8d\x87\xe7V2\xc0\x15\xdd\x93P\x96\xd4\
q\xd7{\x0a\xa5\xc1W\x85\xce\x81\xc6F\x01\x00P\x15\
\xe5\xbc-\xacd{3\xbf3\xa1(idn\xf6\xf5\
\x17\xde\xbc\xe9\xe0\xd0A\xd0\xb8(\x00\x00\xaa\xc2c\xef\
\xacd\xfb8\xce\xfd \xa9,idR\xeb\xe8Dt\
U\xe8\x1ch\x5c\x14\x00\x00Ua\xe6\x85J\xb6_[\
\x9c\xb3V\xf2\xbb\x93\xca\x93N\xf6\xf6\xee\xd2\xe63C\
\xa7@c\xa2\x00\x00\xa8\x0aStZ\xe5C\xec\xba\x04\
\xa2\xa4\x99\xb9\xe5\xbe8\xff\xf6\xf5-\xa1\x83\xa0\xf1P\
\x00\x00T\x85\xcb;+}\xbc\xedh<\xfeuI\x8f\
$\x14)\x95\x5c\xde\xd9\xbc\xb3\xf9\xc3\xa1s\xa0\xf1P\
\x00\x00TM>\xd2\x19\x95l\xbf\xb1x\xf4\x1f\x5c\xfa\
RRy\xd2\xcae\x1f\xee.\x0dv\x85\xce\x81\xc6B\
\x01\x00P5\xeeq\xc5o\xb9\x9b\x92/_%\xe9\x81\
\x04\xe2\xa4Ys,\xfb\xb2\xdc+z\xc7\x02\xf0T\x14\
\x00\x00Ud\xe7U\xfaT\xbb\xbb\xcf\x9b\xf7\x88\x99}\
0\xa9D\xa9ezY\xa1w\xf8\x82\xd01\xd08(\
\x00\x00\xaaiZ\xac\xdd\xe7U:d\xcd\xe2\xb6\x1b$\
-K O\xaa\xb9t\xd5\xf1\xd7\xdd_\xd1\x8b\x96\x80\
'Q\x00\x00T\x97\xd9\x9b\x92\x18\xd3\x92/\xbf[\xa6\
{\x93\x98\x95V&\xb5\x8eM\x1dg5\x04\x89\xa0\x00\
\x00\xa8\xb6W,,m\xa9\xe8\xa9\x80\xd2\xe3\xa7\x02\xa2\
\xd8^\xab\x8c_\x0f`\xf2\xcb\x0b\xcb7v\x84\xce\x81\
\xf4\xa3\x00\x00\xa8\xb6(\x17\x95?\x94\xc4\xa0\xbeb\xdb\
\x86\xd8t\xb6\xa4\xdf'1/\xa5\xa6*\xce\xf3\xb2 \
T\x8c\x02\x00\xa0\xea\xdc\xf5\xc6\xcee\x9b\xe6&1k\
\xed\xe2\xf6\xbb\xcc\xfce.\x8d$1/\xa5.\xec,\
\x8d\xbc$t\x08\xa4\x1b\x05\x00@-4)\x9fKd\
\x15@\x92\xd6,\xee\xe8\xf3\x09\x9d\x22\xe9\xc7I\xcdL\
\x193\x8b\xff!t\x08\xa4\x1b\x05\x00@M\x98\xf4\x8e\
\xee\xd2\xf0\x1f'5o\xed\x1b\xda\xb7\xf6{\xdb+$\
}L\xd2\x9e\xa4\xe6\xa6\xc8\xe9\x9d=C\xaf\x0e\x1d\x02\
\xe9E\x01\x00P+Ql\xfeE-\xf5\xe4>w\x8a\
V\xee_\xd2\xfe\x89\x5cY\xc7J\xbaE\x92'6;\
\x0d\x5c\xff\x1f\x0f\x07\xc2\xfe\xa2\x00\x00\xa8\xa5\x93\xbb\xba\
\x87\xde\x91\xf4\xd0\xd5\x17\xb6\xdf\xdb\xbf\xa4\xfdO\xa3\x5c\
t\xa2\x99nTFV\x04\xcc\xf4\xa2\xce\xde\x91\x8a\x9f\
\xb3\x80l\xcals,,\xdf\xd8\xa18\xbf9t\x0e\
 \x83\x1e+[\xf9E\xeb\x16\xcf\x1b\xa8\xd6\x0e^x\
\xf3\xa6\x83G'\xf2\x8b\xcd\xe3\xd7\xba\xd9\xe9\x92\x0e\xab\
\xd6\xbe\xea@_\xbf\xb7\x9d\xa0\xa2\x95C\x07A\xbaP\
\x00\x00\x84p\xcf\x0e\xb7SF\x8am\xbb\xab\xbe\xa7\xa5\
\x1e\x1d\xdb9<\xaf\x9c\xb7\x85\xa6x\xbe\xc76Cf\
3\xaa\xbe\xdf\x1a\x8a\xbd|\xf5\xda\xe2\xdcM\xa1s \
]\xf2\xa1\x03\x00\xc8\xa4\xe3fD\xfe9I\xef\xae\xfa\
\x9e\x96Z\xbcZ\xbaW\xca\xf6S\x04\x81g\xe2\x1a\x00\
\x00a\xb8.-\xf4\x0c^\x16:\x06\x90U\x14\x00\x00\
\x01\xd9\xe7\x0a\xa5!\xdep\x07\x04@\x01\x00\x10R$\
\xd3u\x85\xe5\x83\xaf\x0c\x1d\x04\xc8\x1a\x0a\x00\x80\xd0\x9a\
\x15\xdbm\xdd\xa5\xc1\xc5\xa1\x83\x00YB\x01\x00P\x0f\
Zb\xb3\x9b:K\x83\xef\x0c\x1d\x04\xc8\x0a\x0a\x00\x80\
z\x913\xb3\xaf\x14z\x86>\xa1\x92\xe7B\x87\x01\x1a\
\x1d\x05\x00@=1I\x7fW\xb0\xe1\x1f,\x5c64\
;t\x18\xa0\x91Q\x00\x00\xd4\xa3\xd3\xa3\xbc~\xd3\xd9\
;\xf4\x9a\xd0A\x80FE\x01\x00P\xaf^`\xae\xef\
\x15z\x86o\xed.mm\x0f\x1d\x06h4\x14\x00\x00\
u\xce\xcf\x8em|ugi\xe8\xfds\xbf\xb1iJ\
\xe84@\xa3\xa0\x00\x00H\x01\x9ba\xa6\xcfM\x99\x1e\
\x0dv\xf5\x0c.\x9d\x7f\xc3\xfa\x03C'\x02\xd2\x8e\x97\
\x01\x01H\xa3\xed\x92\xae\x96\xd9u\xfd\x8b\xdb\xd6\x87\x0e\
\x03\xa4\x11\x05\x00@\xca\xf9\xcf\xe5v}Y\xf6\xedu\
\xc5\xb6-\xa1\xd3\x00iA\x01\x00\xd0@|\xadd+\
\xcd|e<\x91\xbb{\xda\x1f\xee\xdf\xb4\xea\x92\x93\xc7\
C\xa7\x02\xea\x11\x05\x00@#\x1b\x97|\xa3\xb9\xads\
\xd3v\x99\xed\x90\xfb\x0e\xc9\x1f\x0b\x1d\xacV\x22\xd7\xad\
}\xc5\x8e5\xa1s\xa0\xfe\xe4C\x07\x00\x80*j\x92\
l\xa1\x9b\x16J\x92\xdc\x9f\xf8\xd7\xd9\xf9\xd9\xc7#;\
J\xd2%\xa1s\xa0\xfep\x17\x00\x0040w_\xd2\
]\xeak\x0e\x9d\x03\xf5\x87\x02\x00\x00\x8d\xed\x10\xe9\xc0\
3C\x87@\xfd\xa1\x00\x00@\x83\xf3\xc8/\x08\x9d\x01\
\xf5\x87\x02\x00\x00\x0d\xce]\x7f:\xff\xf6\xf5-\xa1s\
\xa0\xbeP\x00\x00\xa0\xf1\x1d\x9c\xdf\xd5\xfc\xea\xd0!P\
_(\x00\x00\x90\x01\xe6*\x86\xce\x80\xfaB\x01\x00\x80\
L\xb0\xd7\xa9\xe4\xb9\xd0)P?(\x00\x00\x90\x0d\x87\
v\xda\xe0)\xa1C\xa0~P\x00\x00 3\xa2?\x09\
\x9d\x00\xf5\x83\x02\x00\x00Y\xe1\xa2\x00\xe0\x7fP\x00\x00\
 #\xcctBwik{\xe8\x1c\xa8\x0f\x14\x00\x00\
\xc8\x90\xb2\xc6_\x1b:\x03\xea\x03\x05\x00\x002\xc4d\
g\x85\xce\x80\xfa@\x01\x00\x80,1\xbd\x5cK\x9d\xcf\
~P\x00\x00 c\x0e\xe9>~\xcbq\xa1C <\
\x0a\x00\x00d\x8c\x97\xfde\xa13 <\x0a\x00\x00d\
\x8d\xc7/\x0f\x1d\x01\xe1Q\x00\x00 c\xdc\xecer\
\xb7\xd09\x10\x16\x05\x00\x00\xb2\xe7\x88\xee\x9e\xa1B\xe8\
\x10\x08\x8b\x02\x00\x00\x19\x14\xcb8\x0d\x90q\x14\x00\x00\
\xc8 7\xbd(t\x06\x84E\x01\x00\x80\x0c2\xe9\xa4\
\xd0\x19\x10\x16\x05\x00\x00\xb2\xa9\xfb\xa4[\xb7\x1e\x10:\
\x04\xc2\xa1\x00\x00@6\xe5v\x8d\xc5\xc7\x87\x0e\x81p\
(\x00\x00\x90U\x1es\x1a \xc3(\x00\x00\x90Q\xee\
\x5c\x07\x90e\x14\x00\x00\xc8(.\x04\xcc6\x0a\x00\x00\
dW\xe7\xe9+=\x1f:\x04\xc2\xa0\x00\x00@v5\
o\xdf>27t\x08\x84A\x01\x00\x80\x0c+[\xdc\
\x19:\x03\xc2\xa0\x00\x00@\xa6\xd9\xc2\xd0\x09\x10\x06\x05\
\x00\x002\xcc\xe4\x14\x80\x8c\xa2\x00\x00@\x969+\x00\
YE\x01\x00\x80\x0css\xae\x01\xc8(\x0a\x00\x00d\
\x98\xc9fv\x97\xb6M\x0f\x9d\x03\xb5G\x01\x00\x80\x8c\
\x1b\x8fv\xb6\x86\xce\x80\xda\xa3\x00\x00@\xc6\xe5\xe2\xa8\
-t\x06\xd4\x1e\x05\x00\x002\xce\xccX\x01\xc8 \x0a\
\x00\x00d\x9cK\x14\x80\x0c\xa2\x00\x00@\xc6\xb94'\
t\x06\xd4\x1e\x05\x00\x002\xce\xc4)\x80,\xa2\x00\x00\
\x00f\x87\x0e\x80\xda\xa3\x00\x00\x00\x0e\x0d\x1d\x00\xb5G\
\x01\x00\x80\xcc\xf3\x83C'@\xedQ\x00\x00\x00\x07\xaa\
\xe4\xb9\xd0!P[\x14\x00\x00\x80uk\xe4\xa0\xd0!\
P[\x14\x00\x00\x80,\xf6CBg@mQ\x00\x00\
\x00\x9a\x88\xb8\x0e k(\x00\x00\x00YN\xac\x00d\
\x0c\x05\x00\x00 \x95\xbd%t\x04\xd4\x16\x05\x00\x00 \
)\xd7\x1c:\x01j\x8b\x02\x00\x00\x90\xe4\x14\x80\x8c\xa1\
\x00\x00\x00d\x915\x85\xce\x80\xda\xa2\x00\x00\x00\xc4\x0a\
@\xf6P\x00\x00\x00\x92D\x01\xc8\x18\x0a\x00\x00@\xac\
\x00d\x0f\x05\x00\x00 \x97\xf1.\x80\x8c\xa1\x00\x00\x00\
\x90A\x14\x00\x00\x002\x88\x02\x00\x00@\x06Q\x00\x00\
\x00\xc8 \x0a\x00\x00\x00\x19D\x01\x00\x00 \x83(\x00\
\x00\x00d\x10\x05\x00\x00\x80\x0c\xa2\x00\x00\x00\x90A\x14\
\x00\x00\x002\x88\x02\x00\x00@\x06Q\x00\x00\x00\xc8 \
\x0a\x00\x00\x00\x19D\x01\x00\x00 \x83(\x00\x00\x00d\
\x10\x05\x00\x00\x80\x0c\xa2\x00\x00\x00\x90A\x14\x00\x00\x00\
2\x88\x02\x00\x00@\x06Q\x00\x00\x00\xc8 \x0a\x00\x00\
\x00\x19D\x01\x00\x00 \x83(\x00\x00\x00d\x10\x05\x00\
\x00\x80\x0c\xa2\x00\x00\x00\x90A\x14\x00\x00\x002\x88\x02\
\x00\x00@\x06Q\x00\x00\x00\xc8 \x0a\x00\x00\x00\x19D\
\x01\x00\x00 \x83(\x00\x00\x00d\x10\x05\x00\x00\x80\x0c\
\xa2\x00\x00\x00\x90A\x14\x00\x00\x002\x88\x02\x00\x00@\
\x06Q\x00\x00\x00\xc8 \x0a\x00\x00\x00\x19D\x01\x00\x00\
 \x83(\x00\x00\x00d\x10\x05\x00\x00\x80\x0c\xa2\x00\x00\
\x00\x90A\x14\x00\x00\x002\x88\x02\x00\x00@\x06Q\x00\
\x00\x00\xc8 \x0a\x00\x00\x00\x19D\x01\x00\x00 \x83(\
\x00\x00\x00d\x10\x05\x00\x00\x80\x0c\xa2\x00\x00\x00\x90A\
\x14\x00\x00\x002\x88\x02\x00\x00@\x06Q\x00\x00\x00\xc8\
 \x0a\x00\x00\x00\x19D\x01\x00\x00 \x83(\x00\x00\x00\
d\x10\x05\x00\x00\x80\x0c\xa2\x00\x00\x00\x90A\x14\x00\x00\
\x002\x88\x02\x00\x00@\x06Q\x00\x00\x00\xc8 \x0a\x00\
\x00\x00\x19D\x01\x00\x00 \x83(\x00\x00\x00d\x10\x05\
\x00\x00\x80\x0c\xa2\x00\x00\x00\x90A\x14\x00\x00\x002\x88\
\x02\x00\x00@\x06Q\x00\x00\x00\xc8 \x0a\x00\x00\x00\x19\
D\x01\x00\x00 \x83(\x00\x00\x00d\x10\x05\x00\x00\x80\
\x0c\xca\x87\x0e\x00\x00\x19\xb1K\xd2\xa8\xa4\xdd&\xed\x91\
$\x97?*Y\xf9\x89\xdfo6i\x9aK\x07Hj\
\x91t\xa0\xa4\x5c\x98\xa8\xc8\x02\x0a\x00\x00Tn\xab\xa4\
uf\xb6N\xee\x832\xdd\x1f\xcb\xb7\x9b\xe5\xb6\xc7\xe5\
\x89\x07Z\xf6L\xd9\xf6\xbb7\xcf\xda9\xe9\xa9K=\
*\x1c7\xf8\x02s\xcd\x8a\xdd\xe6\xc8\xa2#\xe5\x9a-\
\xf9\x91&k\x95y\xa7\x5c\xf3\xc4j.\xf6\x03\x05\x00\
\x00\xf6\xddv\xb9\xffZf\xab$\xadQ\x14\xaf\x8b\xf3\
\xd3\xd6\xaf=\xf7\x88\x1dU\xd9\xdbR\x8b\xfb\xa5\xfb\xf4\
\xf8\xaf\xdf\xee\xed\x8f\xb4\x96\x86\xa7\xce\xc8\x95\x0b\xe6\xb9\
.I\xdd\xb1{\x97\x99N\x94\xab\xad*\x99\xd00(\
\x00\x00\xb0w\xa3r\xfd\xd2M\xbf\x8a\xcc\x7f\x1d\x8f\xc7\
\xbf\x1ax\xc3\xbc\xcd\xa1C=\xd3H\xb1m\xb7\xa4\xdf\
<\xf1\xeb\x7f\x1c\xbblK\xdbDS\xf9\xb4H:5\
\x8e\xf5R3\x1d+N)\xe0)(\x00\x00\xf0\xff\xdc\
c\xa6\xef[l\xdf\x9f25\xf7\x93U\xe7\xcc\xde\x15\
:\xd0\xfeZ\xfd\x869\xc3\x92\x96=\xf1K\xf3oX\
\x7f`K\xf3\x94Sc\xf3\xd7\xc8t\x8e\x5cG\x87M\
\x88\xd0(\x00\x00\xb2l\x97\xcbn7\x8f\xbf\xad\x9c\xff\
\xa0\x7f\xd1\xdc\xfbB\x07\xaa\x96\x0d\x17\x1f\xf3\xa8\xa4\xef\
=\xf1\xeb}\xdd\xa5\xc1\xae\xd8t\x8e\x14\xbd^\xf2\x17\
\x07\x8e\x87\x00(\x00\x00\xb2f\x97d\xdf1\xc5=S\
\xa74}'\xcd?\xe5W\xa2\xaf\xd8\xb1F\xd2\x1aI\
\x9f\x9e_\xba\xef\x88\x9c\x8fN\x0f\x9d\x09\xb5E\x01\x00\
\x90\x05\x13\x92\xbec\xf2of\xf9\xa0\xffl6\x14\x8f\
\xdc.i{\xe8\x1c\xa8-\x0a\x00\x80F\xb6E\xb2\x1b\
\x14\x8d\x7f\xb9\x7f\xd1Q\x83\xa1\xc3\x00\xf5\x84\x02\x00\xa0\
\xd1L\xc8u\x9b\x99]\xb3\xa6\xaf\xf5\x0e-\xb58t\
 \xa0\x1eQ\x00\x004\x8aQ\x99\x95$}\xa2\x7fI\
\xdb\xfa\xd0a\x80zG\x01\x00\x90v\x0fJ\xf6\xb5\xc8\
'\xfe\xa9o\xc9\xbc\xfbC\x87\x01\xd2\x82\x02\x00 \x95\
\x5c\x1a\x89\xcc\xaf\xca\xefj\xf9\xda~=f\x17\xc88\
\x0a\x00\x80\xb4yX\xf2O?\xe6\xd1?\x8f,i\xdf\
\x1d:\x0c\x90V\x14\x00\x00i\xb1K\xb2\x7f\xc9\x8f\xc5\
\x9f\xbe\xe7\x8d\x1d\x0f\x87\x0e\x03\xa4\x1d\x05\x00@\xbd+\
K\xfe\xf5\xb2G\x1f_Wl\xdb\x12:\x0c\xd0((\
\x00\x00\xea\x97\xeb7\x16\xd9\xbb\xd7,n\xffe\xe8(\
I\x99\x7f\xc3\xfa\x03\xa7D\xb9\xa9c-\xb9iM\xe5\
\xdc\x81\x924\x9e+?\xfa\xe4\xef\xe7\xe4\xbb\xf3{l\
\xcf=\x17\xb5?\x223\x0f\x97\x14\x8d\xceB\x07\x08\xa5\
\xb0|c\x87\xe2\xfc\xe6\xd09\x00\xec\xd5#r_\xda\
\xaf\xf6\x7fU\xd1\xca\xa1\xc3\xec\x8b\xd6\xd2\xf0\xd4\xe9\x8a\
\xbb\x14\xd9\x82\xc85\xc7\xcdZ-\x8e[\xdd4[\xb2\
vI\x07K\x9a6\x89\x91eI\xdb\xe5z\xd0\xe4\xdb\
\xdd\xec~3\xdd'i\xbd\xc5\xf1\xba\xd1\x5c~\xdd\x86\
E\xad#U\xf9\xcb \x13(\x00\x00\xea\x89\xcb\xec\x86\
\xa6h\xf4\x83\xbf;\x7f\xfe\xb6\xd0a\x9eMa\xf9\xc6\
\x0e\xf7\xfc\xa9\x91\xeb8\x97\xbad:V\xaey\x92\xa2\
\x1aG\xd9)\xd9:\xc9\xef\x91\xf4K\xb3\xf8\xe73\x0f\
\xeb\xb8\xe7\xce3l\xa2\xc69\x90B\x14\x00\x00u\xc2\
\x06\xe3\xc8\xfel\xed\xa2\xd6\x95\xa1\x93<M\xc9s]\
\xd1\xe0\xf1\xf2\xdci.?\xd5\xa5\xd3Lj\x0d\x1d\xeb\
9\xec\x92\xb4J\xe6\xbfp\xd9\x0f\xf7\xec(\xffx\xf3\
\x9f\xcd\xdb\x13:\x14\xea\x0f\x05\x00@\x1d\xb0\x9e\xfcX\
|I\xbd\x5c\xdd\x7f\xfcu\xf7O\x1b;`\xf4\xccH\
\xd1\xd9\xee~\x8e\xa4#Cg\xaa\xc0n\xb9~*\xf3\
\x1f\xc4\x9e\xff\xd6\xda\xe2\x9c\xb5\xa1\x03\xa1>P\x00\x00\
\x04\xe3\xf2m\xe6\xd1\xbb\xfa\x8bm7\x87\xce2\x7f\xf9\
Hk>\x8e/0\xe9\x1cI\xffG\x8dz\x91\xb4k\
\xb5L\xff\xaeh\xe2z^\x90\x94m\x14\x00\x00\xa1\xdc\
\xd2\x94\x1b{g\xc8s\xfd\xad\xa5\xe1\xa9\x07Z|\xb6\
+z\xb3\xe4\xafU\xa3\x1e\xf4\x9f\xdd*\xb9_\xef\xf9\
\xdc\x0d\x03\xe7\xb7>\x14:\x0cj\x8b\x02\x00\xa0\xd6&\
$\xff\xbb\xfe\xc5\xed\x9f\x09u\x9b[wi\xf3\x99\xb1\
E\xef\x90t\xae\xa4\xa9!2\xd4\x99\xdd\x92\xbe\x15G\
\xfe\xc5\xb5\x8b:~\x1a:\x0cj\x83\x02\x00\xa0\x96\xb6\
\xc4\x91_\x10\xe2 3\xf7\x1b\x9b\xa6L\x9d\x1e\x15%\
\xfb\x80\xa4\xe3k\xbd\xff\xb40\xd9\x80{\xfc\x95\xa6=\
-\xff\x97w,46\x0a\x00\x80Z\xf9q\xe4\xe5\x0b\
\xfb\x8a\xb5}c_\xe7\xb2Ms\xa3\xa6\xdc_\xba\xeb\
mz\xfc^|\xec\x9b\xdf\xbb\xf4u\xf7\xf8Kk\x8b\
s7\x85\x0e\x83\xe4Q\x00\x00T\x9b\x9bt\xe5\x1ao\
\xfbh-\x1f\xeaSX\xbe\xb1\xc3\xe3\xa6\xf7\x9b\xfc\x12\
I-\xb5\xdao\x03\x8a%[.\xd3\xdf\xf6/n[\
\x1f:\x0c\x92C\x01\x00PMcr\xff\xf3\xfeb\xc7\
\xf5\xb5\xdaa\xe7\xb2Ms\x95\xcf\xbf\x8f\x03\x7f\xe2\xc6\
evS\x14\xeb\x8a\xbeb\xdb\x86\xd0aP9\x0a\x00\
\x80jy\xd8e\xe7\x0f,i\xbb\xb3\x16;\xeb.m\
\x9a\x15[t\x85d\x7f\xa6\xec]\xcd_Kc\x92\xbe\
>\x1eE\x9f\xe4Q\xc4\xe9F\x01\x00P\x0d\x9b\xcaV\
~\xdd\xba\xc5\xf3\x06\xaa\xbd\xa3\xeeR_s\xac\xe9\x97\
\xca\xec\xe3\x92\x0e\xaa\xf6\xfe\xf0?v\x9b\xfc3\xbb\x1e\
\x8b\xaf\xe4I\x83\xe9T\xeb\xe7V\x03hx\xfe\xf3q\
o:\xa5\x16\x07\xff\xce\xde\xc1s\xdcf\xf4\xcb\xec\x9f\
\xc4\xc1\xbf\xd6\xa6\xba\xec\xef\xa7\xce\xc8\xad\xee\xec\x19<\
;t\x18L\x1e+\x00\x00\x92tg\xe4S\xce\xe9+\
\xce|\xac\x9a;9\xf6\xa6\xa1\xa3'rv\x8d\xc9\xcf\
\xac\xe6~\xb0\xef\xccu\xebD\xce/[\xb7\xa8cc\
\xe8,\xd87\xac\x00\x00H\x86\xfb\xed\xbb\x1f+\x9fU\
\xd5\x83\x7f\xc9s\x9d=C\x1f(\xe7\xf4;\x0e\xfe\xf5\
\xc5M\xe7\xe4b\xeb+\xf4\x0c\xff\x8d\x96:\xc7\x96\x14\
`\x05\x00@\xc5\x5c\xfa\xf6\xc4\xb4\xd1\xe2\x86\xd7\x1d3\
Z\xad}\x14V\x0c\x1d\xab\xb2\xbe&\xe9\x8f\xab\xb5\x0f\
$\xc5\x7f\x1ey\xf4f\xee\x16\xa8o\xb44\x00\x95Z\
6\xeb\xf0\xb6EU;\xf8/\xf5\xa8\xb3g\xf0\xc3*\
\xeb7\xe2\xe0\x9f\x12\xf6\x92\xd8\xe2\xdft\xf5\x0e\xbd-\
t\x12<;V\x00\x00\xec73]\xbbfu\xdb\xdb\
\xb5\xd4\xe2j\xcc_\xb8lh\xb6\xe5\xedz\x96\xfbS\
-\xf8K\x9f\xb0w\xac\x00\x00\xd8/.}{\xe6a\
m\xef\xa8\xd6\xc1\xbfP\x1a|U\x94\xd7*\x0e\xfe\xa9\
w\xeex\xb9\xf9\xb7\x9d\xa5\x91\x97\x84\x0e\x82\xa7\xa3\x00\
\x00\x984s_\xb9\xe7\xb1\xf2\x05w\x9ea\x13I\xcf\
>\xe9\xea\xbb\x9a\x0a=C\x9f\x97\xd9\x1d\x92f%=\
\x1fA\xcc6\x8bWv\xf6\x0e\xbf#t\x10\xfc?\x9c\
\x02\x000)\xee\xfa\xb5\xb7L}\xc5\xdas\x8f\xd8\x91\
\xf4\xec\xee\xd2\xf0\xa1\xb1\xa9$\xf9+\x92\x9e\x8d:a\
v\xfd\x8eX\x97\x8c\x14\xdbv\x87\x8e\x92u\xac\x00\x00\
\x98\x8c\xf5\xf9\x89\x89s\xaaq\xf0\xef,\x0d\x1f\xe7\xe6\
\xbf\xe6\xe0\xdf\xe0\xdc\xdf4\xc3\xfc?\xbbK[\xdbC\
G\xc9:\x0a\x00\x80}u\x7f\xe4\xf9W\xae\xbe\xe8\xa8\
\x07\x92\x1e\x5c(m\xfe\x133\xffO\x97\x8eJz6\
\xea\xd2I\xb1M\xfc\xa2\xb34|\x5c\xe8 YF\x01\
\x00\xb0/\xc6\x14\xe9\x82\xbe\xe2\xec\xa1\xa4\x07w\x96\x86\
\xde/\x8b\xbe-\x1e\xe5\x9b5G\x9a\xf9\xca\xae\xde\xe1\
SB\x07\xc9*\x0a\x00\x80\xe7\xe7\xf6\xee\xfeE\xed?\
Iv\xa6[W\xcf\xe0R3}N|\x16e\xd5a\
\xee\xfe\xc3\xae\x9e\xe1\xb3B\x07\xc9\x22\xbe\xe9\x00<\x0f\
\xfbt\x7f\xb1\xedk\x89\x8e,y\xaek\xf9\xc8W\x5c\
\xf6\xf7\x89\xceE\x1aMs\xf9\xb7\x0a=C\x17\x86\x0e\
\x925\x14\x00\x00\xcf\xca\xa5\xef\xf5{\xeb\xdf&9s\
\xfe\xed\xeb[\x0a6\xdc\xe3\xee\xefLr.R\xadY\
\xd27\xb9M\xb0\xb6(\x00\x00\x9e\xcd\x86\x89\xd1\xd1\x0b\
T\xb4rR\x03\xe7\xdf\xbe\xbe%\xbf\xb3\xe5[\x92\xce\
Kj&\x1aFd\xee_\xe9\xea\x1d\xbe8t\x90\xac\
\xa0\x00\x00\xd8\x9bq3\xbbx\xc3\xc5\xc7<\x9a\xd4\xc0\
\x93\xae\xbe\xab)\xbf\xb3\xa5d\xd2k\x93\x9a\x89\x86\x13\
\xb9\xfb\xb5]\xbd\x83\xc5\xd0A\xb2\x80\x02\x00`/\xfc\
o\xd6,n\xfbeb\xe3J\x9e\xdbu\xe8\xcc\xebL\
z}b3\xd1\xa8r\xeev}\xa1\xb4\xf9OB\x07\
it\x14\x00\x00O\xe7~{\xff\xe2\xf6/$6o\
\xa9G\x05\x1b\xbaV\x12\x17ya_5\xcb\xa2\x9e\x85\
\xcbG\xce\x08\x1d\xa4\x91Q\x00\x00<\xd5\x96\xf2D\xd3\
[d\xe6I\x0d,t\x0f\xff\x8bd\x9c\xd7\xc5dM\
\x8d\xe2\xf8[]\xbd\x83\xdd\xa1\x834*\x0a\x00\x80'\
\xb9\xcb.^w\xd1\xec\x07\x93\x1a\xd8\xd53\xf4AI\
\xefNj\x1e2\xe7@\x97\xddv\xfc\x8a\x0d3C\x07\
iD\x14\x00\x00O\xfa\xf2\xc0\x92\xb6;\x93\x1a\xd6\xd9\
;x\x8eKW&5\x0f\x19\xe5\x9a;^n^>\
\xff\xf6\xf5-\xa1\xa34\x1a\x0a\x00\x00I\xda\xd2\x92/\
'v\xbf\xff\xc2\xde\xa1\x93\xcd\xed&I\xb9\xa4f\x22\
\xd3Nk\xda\xd9ru\xe8\x10\x8d\x86\x02\x00@\x91\xeb\
\xddw\x9f7\xef\x91$f\x15\x96o\xec0\xf7\xefH\
: \x89y\xc0\x13\xde\xd2\xd93\xf4\x81\xd0!\x1a\x09\
\x05\x00\xc8:\xb3\xeb\xfb\x8a\xed\xdfNb\xd4IW\xdf\
\xd5\xa4\xb8\xe9F\x93q\xce\x16\x893\xe93\xdc\x19\x90\
\x1c\x0a\x00\x90a.\xdf\xe6\x91\xbd/\xa9y\xbb\x0e\x9d\
\xf9y\xc9OMj\x1e\xf0\x0c\x91\xc5\xf1u\x9d+F\
\x0e\x0b\x1d\xa4\x11P\x00\x80\x0c3\x8f>2p~\xeb\
CI\xcc*\x94\x86.\x90\xf4\x9e$f\x01\xcf\xc6\xa4\
V+\xc7_\x0d\x9d\xa3\x11P\x00\x80\x8cr\xd7\x7f\xf7\
\xab\xf5\xda$fu\xde4\xb2@\xa6k\x92\x98\x05\xec\
\x83\xf3\x0a\xa5\xa1KC\x87H;\x0a\x00\x90Q\x96\xf3\
\x0f&\xf1\xa2\x9f\xd3Wz\xder\xf1\x8d\x92\x0eL \
\x16\xb0oL\xff\xd8\xbdb\xe4\x84\xd01\xd2\x8c\x02\x00\
d\xd3\xcd\xfd\x8b:~\x90\xc4\xa0\x07\x1e\x1c\xfe\x98\xa4\
\x93\x92\x98\x05L\xc2\x94\xf2D\xfco\xa7\xaf\xf4|\xe8\
 iE\x01\x00\xb2gLf\x97'1\xa8\xb0|\xf3\
\x1fI\xfaP\x12\xb3\x80\xc92\xd3\x09\x0fl\x1fI\xec\
\x22\xd6\xac\xa1\x00\x00\xd9\xf3\xa5\xfe\xc5m\xeb+\x1d2\
\xf7\x1b\x9b\xa6(\x8e\xae\x97\xd4\x94@\xa6,\xd9\xe4\xee\
\x1f\x8e<:q\xd4\xc7\x0f\xde\xe1v\x80\xcc\x16\xb8\xfb\
%\x92\xff<t\xb8\xd41_\xba\xb0\xb4y^\xe8\x18\
i\xc4\xd2\x09\x90-{\xe2\x09]\x95\xc4\xa0\xa93\xa2\
+\xe4\xeaJbVF\xc4\xee\xf6\xf1\x9c\x1e\xbd\xb2\xaf\
\xd8=\xf6\x8c\xdf[\xff\xc4\xafk\xbaz\x07\x8b\xee\xf6\
UqM\xc5\xbe:\xc0,\xfa\x92\xa4\xb3B\x07I\x1b\
V\x00\x80l\xf9\xca\xda7\xb4o\xadtHa\xc5\xd0\
\xb1\xf2\xe4\x9e\x1f\x90\x01\xeeno\x1a(\xb6]\xb1\x97\
\x83\xff\xd3\xacY\xdcQr\xb7\xd3$%\xf2d\xc6,\
0\xe9\xb5\x85\x9e!^7=I\x14\x00 ;\xf6\x94\
\xdd>\x9b\xc4 /\xdb\x17\xc4\x0a\xe2>3\xb3O\x0f\
\x14\xdbn\xdc\xd7??Pl\xbb\xc7\xcd\xdf\x5c\xcdL\
\x0d\xe8\xf3G\x95\xee=(t\x884\xa1\x00\x00\x19\xe1\
\xf2\xaf\xae+\xb6m\xa9tNW\xcf\xe0\x12\x93\x9f\x99\
D\xa6\x8cx\xc0\xe2\x96ONv\xa3\x81\xc5\x1d\xb7\x9a\
\xeb\x8ej\x04jP\xb3\xa6XS\x22\x17\xb7f\x05\x05\
\x00\xc8\x86\xd1\x89(\xf7\x99J\x87\xb4\x96\x86\xa7\xba\xa2\
D\xae!\xc8\x0a\x93n\xe8+\xce|l\x7f\xb6\x8d\xcd\
x\xb8\xd2$\xb8t\xd9\xfc\xe5#\xad\xa1s\xa4\x05\x05\
\x00\xc8\x003\xfb\xb7\x0d\x8bZG*\x9d3\xc3\xfc\xc3\
\x92w$\x91);\xec\x87\xfb\xbb\xa57O\xf9~\x92\
I2`jS\x5c\xfeX\xe8\x10iA\x01\x002\xa0\
,}\xb1\xd2\x19\x0bn\xdcz\xb8\xe4\x97%\x91'K\
\xcc\xe3\xc1\xfd\xddv\xed\xb9G\xec\x90\xf4p\x82q2\
\xc0\xde\xd6]\x1a\xe4\xee\x94}@\x01\x00\x1a\xdf\x8f\xd7\
.n\xfb]\xa5CrM\x13\x1f\x91lF\x12\x81\xb2\
$\xce\x95wV6\xc1\x1eM&If\xe4b\xb3O\
\x84\x0e\x91\x06\x14\x00\xa0\xc1\x99\xbc\xe2\x9f\xfe\x17.\x1b\
\x9a-\xe9]\x09\xc4\x01j\xe1\xbc\xce\xd2 \x8f\xa7~\
\x1e\x14\x00\xa0\xb1\xdd7\xf5\xf7\xdb\xbfU\xe9\x90(\xaf\
\x8fH\x9a\x9a@\x1e\xa0\x16\xcc\x22\xfb\xeb\xd0!\xea\x1d\
\x05\x00h`\xee\xf6\x95U\x97\x9c<^\xc9\x8c\xee\xd2\
\xd6vI\x7f\x9eP$\xa06\x5c\x8bxD\xf0s\xa3\
\x00\x00\x8d\xab\xece\xff\xbf\x95\x0e\xf1h\xe2\xbd\x92Z\
\x12\xc8\x03\xd4R\xde,\xc7E\xab\xcf\x81\x02\x004\xae\
\x1fU\xfa\xd8\xdf\xee\xd2\xb6\xe9\xeez{R\x81\x80Z\
2\xf9\x9fw\xae\x189,t\x8ezE\x01\x00\x1a\x94\
I\xcb*\x9dQ\xd6\xe8[%\xf1xU\xa4\xd5\x01Q\
9\xbe$t\x88zE\x01\x00\x1a\xd3hs\xbe|s\
E\x13\x96zd\x91\xffeBy\x80 \x5cz\x8fJ\
\x9e\x0b\x9d\xa3\x1eQ\x00\x80\xc6t\xfb\xdd\xe7\xcd\xab\xe8\
mr\x85\xae\xc1\xb3\xe4Z\x90T  \x90\xd9]6\
\xf2\xea\xd0!\xea\x11\x05\x00h@&\xafx\xf9\xdf\x14\
\xb1t\x8a\x86\xe0\xe6o\x09\x9d\xa1\x1eQ\x00\x80\xc6\xf3\
\xd8\xa3\x1e\xddV\xc9\x80\xce\x15#\x87\xb9\xe95I\x05\
\x02\x82r\x9d{\xdc7\x07\x0f\x09\x1d\xa3\xdeP\x00\x80\
\x06\xe3\xd2\x8fF\x8am\xbb+\x1a2\xe1o\x90\xd4\x9c\
L\x22 \xb8)\xe5\x16\xbb t\x88zC\x01\x00\x1a\
\x8c\xa9\xf2w\xc8\x9b\xf9\xc5Id\x01\xea\x85\xc7\xe24\
\xc03P\x00\x80\x06\x93+WV\x00\x0a\xbd\xc3\xc7H\
\xfa\xe3\x84\xe2\x00\xf5\xc1\xf4\xe2\xee\xd2\xf0\xfc\xd01\xea\
\x09\x05\x00h,\x1bV_\xd8~o%\x03\xdcu\x91\
$K(\x0fP7\xe2\xc8\xcf\x09\x9d\xa1\x9eP\x00\x80\
\x06b\xa6\xefU<C|H\xa21\xb9\xdb\xd9\xa13\
\xd4\x13\x0a\x00\xd0@b\xf7\x8a\x96\xff\x8f_\xb1a\xa6\
\xa4\x13\x13\x8a\x03\xd4\x15\x93\xbf\xf4\x857o:8t\
\x8ezA\x01\x00\x1a\x87O\xc9\xc7\xffU\xc9\x80\xb1\x89\
\xe6\xd7\x89\xcf\x054\xae\xa6\xd1\xf1\x1c\xb7\xb7>\x81o\
t\xa0q\xf4W\xfa\xf4?3\x9d\x95T\x18\xa0.\x99\
s\x1a\xe0\x09\x14\x00\xa0A\x98\xe9W\x95l\x7f\xfaJ\
\xcfKzUBq\x80:egi\xa9s\xec\x13\x05\
\x00h$\xbf\xacd\xe3m\x0f\x8d\x9c$\x89\xa7\xa5\xa1\
\xd1\x1dV8~\xb8+t\x88z@\x01\x00\x1aF\x5c\
Q\x01p\xf9\xa9I%\x01\xea\x99O\xf0\xb5.Q\x00\
\x80F\xb1{\xeaC\x0f\xae\xaep\xc6)\x89$\x01\xea\
\x5c\x14\xd9KBg\xa8\x07\x14\x00\xa0!\xf8\xdd\xab.\
9y\xbc\xb2\x11\xe2C\x11\x99\xe0\x12+\x00\xa2\x00\x00\
\x0d\xc2\xfa+\xd9\xba\xb0|\xf3\x91\x92\xda\x13\x0a\x03\xd4\
7\xd71\xf3K\xf7\x1d\x11:Fh\x14\x00\xa0\x01\xb8\
\xfb\xfa\x8a\x06\x94s/N(\x0a\x90\x06\xd6\xa2\xf1\xcc\
\xafxQ\x00\x80F\x10E\x15\x15\x007\x1d\x9fT\x14\
 \x0d\xcaf\x99\x7f\xe2%\x05\x00h\x00.UT\x00\
L\xbe0\xa9,@\x1a\xf05O\x01\x00\x1a\x81\xb7\xec\
j\xaa\xe8\x0d\x80\x92\x16$\x92\x04H\x0b\x17\x05 t\
\x00\x00\x95qi\xcb\xef\xde<kg\x85c\x8eI$\
\x0c\x90\x16\xa6\x85r\xcf\xf4k\xaf)\x00@\xca\x99\xb4\
\xa9\x92\xed\x17.\x1b\x9a-\xe9\xc0\x84\xe2\x00i1\xed\
\xd8\x9b\xb6\xb6\x86\x0e\x11\x12\x05\x00H9s\xdfV\xd1\
\xf69\xe3\xa7\x7fdR97\xd1\x19:CH\x14\x00\
 \xe5\xdcl{\x85#\xe6$\x12\x04H\x19W\x94\xe9\
\xeb\x00(\x00@\xfa=X\xc9\xc6f\xf1\xcc\xa4\x82\x00\
ib\x91\xcf\x0a\x9d!$\x0a\x00\x90rf^\xd1\x0a\
\x80\xcb2\xffD4d\x94{\xa6\xcb/\x05\x00H\xb9\
X\x95\x9d\x020e\xfbC\x10\x19\xe6\xd9.\xbf\xf9\xd0\
\x01\x00T\xa6\xd2\x15\x00\xb9\x1d\xaet\xdf\x0c\xb5\xc9\xdd\
\xaf\xc9)\xf7\xbd\xdd\x1a\xdd\xb4\xb1x\xf4\x1fB\x07J\
R\xff\x92\xb6\xb9\xa13<\xd5I\xb7n=`\xd7\xf8\
\xc4Q\xb4\xbdh(\x00\x00\x11\x8eIDAT\x8a\xf5\
*\xb9\xde.\xa9;t\xa6\xfde\x12\x05\x00@\x9a\xe5\
\x1e\xabhs\xd3\xe1\x09\x05\xa9\xb5\xd8\xdd>\x9e\xd3\xa3\
W\xf6\x15\xbb\xc7B\x87\xc9\x8aU\xe7\xcc\xde%i\xb5\
\xa4\xd5*\xf9?\x174\xf4\x172\xbbJRS\xe0h\
\x93\xe6\xa6L\xaf~Q\x00\x80\x94\x8b=\x9e\xa8h\x80\
\xeb\x80\x14\xae\x00\xb8\xbb\xbdi\xa0\xd8vc\xe8 \x99\
V\xb4r\xbf\xf4\x85\xce\xde\xa1\x01s\xdd\xaa\xf4\x95\x80\
L\xaf\x00p\x0d\x00\x90r\xf98\xaa\xac\x00X\xfa~\
\x100\xb3Os\xf0\xaf\x1f\x03\x8b\xdb\xefp\xd7\x87B\
\xe7\xd8\x0f\x07e\xf9i\x80\x14\x00 \xe5\xe2|\x85+\
\x00R.\x91 \xb5\xf3\x80\xc5-\x9f\x0c\x1d\x02O7\
\xeb\x88\xb6\x7f\x96i]\xe8\x1c\x93d']\xb3*u\
\x058)\x14\x00 \xe5\xcaq\xb9\xc2\x02\xe0\xa9\xfa\x00\
4\xe9\x86\xbe\xe2\xcc\xca\xae{@\xe2\xee<\xc3&\xe4\
\xf6\xb5\xd09&\xeb\xa1\xe6\xc3\xd2V\x80\x13C\x01\x00\
R\xae)\xceWX\x00,e\x1f\x80\xf6\xc3\xd0\x09\xb0\
wf\xe5\xef\x87\xce0Y-\x87NO\xdbu\x0b\x89\
\xa1\x00\x00)W.Od\xea\x1a\x00\xf3x0t\x06\
\xec\xdd\xc4X\xf3p\xe8\x0c\x9355~,e\x058\
9\x14\x00 \xe5\xf2\x96\xab\xf4\x03\xac\x9cH\x90\x1a\x89\
\xf3\xc6\xe7V\x9d\x8a\xf3\x96\xba\x0b\xeav\xednIU\
\x01N\x12\xdfH@\xca\xc5y\x9fR\xd9\x00\xedN(\
JMX\xd9\xdaBg\xc0\xde5\xe5FS\xf7\xff\xa6\
)?J\x01\x00\x90Nq\xac\xca\x0a\x80iOBQ\
j\xc2\xe5\xaf\x0a\x9d\x01{\xe7e{u\xe8\x0c\x93\xd5\
\xd4\x94\xae\xaf\xff$Q\x00\x80\x94\xf3\x5c\x85\x05@\xe9\
Z\x01\x90tQwi\xdb\xf4\xd0!\xf0t']}\
W\x93\x99\xbd-t\x8eI\xf2\x83\x0f\x9e\x9b\xd9;J\
(\x00@\xca\xe5*]\x01H_\x01xA\x1c\xed\xfe\
X\xe8\x10x\xba\xdd\x87\xce|\xaf\xa4cB\xe7\x98\xa4\
]w\x9ea\x95>G#\xb5(\x00@\xca\xb9Wx\
\x0d@\xfa\x0a\x80\xe4\xf6\xc1\xae\xde\xe1\x8bC\xc7\xc0\xe3\
\xbaz\x86\xcfr\xe9S\xa1s\xec\x87\x1d\xa1\x03\x84D\
\x01\x00R\xce\xa3\x5c\xa5\x05`W\x22Aj\xcb\xdc\xfd\
\xbaB\xcf\xd0\x15\xf3o_\xdf\x12:LV\x9d\xbe\xd2\
\xf3\x9d\xa5\xa1\xf7\xbb\xfc\xdbJ\xe3\xbbeL\x8f\x86\x8e\
\x10R\xfa\xfe\x87\x01x\x86\xb8\xb2\xf3\xe1f\xdb\xe4\x9e\
P\x96\x9a2I\x1fm\xda9\xe5\xcd]=C\xd7\xc8\
\xe2\xef6\xe7|\xd3\xdd\xe7\xcd{$t\xb0Fv\xfc\
u\xf7O\x1b=`\xfc\xe8\x9c\xfb\xab\xb7=8\xf2v\
3u\x86\xce\xb4\xdf\x9c\x02\x00 \xc5\xcc5\xab\xa2\x01\
\xb1\xb6\xa4\xf0m\x80O\xe1\x1d.}R\x1e}rt\
B*\xf4\x0c\x85\x0e\xf4t\xd1\xc4\xdc\xfeEG\xed\xf7\
\xc3\x8b\x0a=\xc3\x9b%\xefH0QE\xc65\xa6\xc8\
\xa5\xc7+c*\x8b\xe3S=\x1c:@H\x9c\x02\x00\
\xd2\xce\xa2#+\xd9\xdc\xa5-IE\x01R\xc5Tg\
m\xb1\xb6(\x00@\xda\xb9WT\x00d\xda\x9aP\x12\
 ]\x5c\x99~\xac4\x05\x00H\xbf\x8a\x0a\x80\x19+\
\x00\xc8(\xf7\xcd\xa1#\x84D\x01\x00\xd2\xce4\xbb\x92\
\xcd\x0fh\xc9Q\x00\x90M9c\x05\x00@\x8aye\
+\x00\xab\xce\x99\xbdK\xd2\xf6\x84\xd2\x00\xa9\xe1ce\
\xae\x01\x00\x90j\x07\xbc\xf0\xe6M\x07W2\xc0e\xf7\
$\x15\x06H\x89\x89Y\xb3\xe6\x8e\x84\x0e\x11\x12\x05\x00\
h\x00c\xe5\xfc\xc2\xca&\xc4}\xc9$\x01Rcm\
\x96\x1f\x03,Q\x00\x80\xc6\xe0\xdeU\xd9\xf6Z\x9dP\
\x12 %\xfc\xb7\xa1\x13\x84F\x01\x00\x1a\x80\x9b\x17*\
\x1a`N\x01@\xa6\xb8\x1b\x05 t\x00\x00\x09\xf0\xa8\
\xa2\x15\x00o\x9ev\x8f\x1a\xe0\xb1n\xc0\xbe\xf2\x5cD\
\x01\x08\x1d\x00@\x12*;\x05\xb0\xf6\xdc#v\xc8\xb2\
\xfdP\x14d\x8a7\xef)\xdf\x1d:Dh\x14\x00\xa0\
1\xcc\xed.m\xab\xe8\xa5@\xee\xfe\xd3\xa4\xc2\x00u\
n\xf3=o\xec\xc8\xf4{\x00$\x0a\x00\xd0(l\x22\
\xdaS\xd9[\xd9,\xfaqBY\x80\xfaf\xfaU\xe8\
\x08\xf5\x80\x02\x004\x88H:\xa5\x92\xed=\x8e~\x92\
T\x16\xa0\x9e\xb9\xec\x87\xa13\xd4\x03\x0a\x00\xd0(\x5c\
\xff\xa7\x92\xcd\xd7\x16\xe7\xac\x95x1\x10\x1a_l1\
\x05@\x14\x00\xa0a\xb8\xf4\xd2\x04\xc6\xfcW\x023\x80\
:f\x83\xeb\x16ul\x0c\x9d\xa2\x1eP\x00\x80\x06a\
R\xeb\xb1\xcb\xb6\xb4U8\x86\xeb\x00\xd0\xe0\xe2\xef\x87\
NP/(\x00@\x03)\xe7\xcb\x15\x9d\x06\xf0\x89\xf2\
\xedIe\x01\xea\x13\xe7\xff\x9fD\x01\x00\x1a\x88Ye\
\xd7\x01\x0c\xbca\xdef\xc93\x7f\x7f4\x1aV\xb9)\
7\xf6\xa3\xd0!\xea\x05\x05\x00h \xee~Z\xe53\
\xa2\x9b\x93\xc8\x02\xd4\x1b\x97\xfd\xf8w\xe7\xcf\xdf\x16:\
G\xbd\xa0\x00\x00\x0d\xc5NXP\x1a\x9eS\xe1\x10\x0a\
\x00\x1aRd\xde\x13:C=\xa1\x00\x00\x8d\xc5r\xa6\
\xb3*\x190Pl\xbbG\xa6uI\x05\x02\xeaD9\
\x1f\x8d\xad\x08\x1d\xa2\x9eP\x00\x80\x06\xe3\xf2s\x12\x98\
rK\xe53\x80:\xe2Z\xc9\xf2\xff\xd3Q\x00\x80\x06\
c\xd2\xabN\xbau\xeb\x01\x95\x0d\xf1\x9b\x12\x8a\x03\xd4\
\x053\xef\x0d\x9d\xa1\xdeP\x00\x80\xc63u\xd7\xee\xb1\
3*\x19\xd0\xbfh\xeeo\xe4\xfaMR\x81\x80\xc0\xc6\
\xc6\xbc\x99\xe5\xffg\xa0\x00\x00\x0d\xc8-\xaa\xf84\x80\
E\xfaj\x12Y\x80:\xb0bC\xf1\xc8\xed\xa1C\xd4\
\x1b\x0a\x00\xd0\x80L:[K\xbd\xa2\xef\xefr\xd3\xd4\
oJz,\xa1H@8\x91\xbe\x1c:B=\xa2\x00\
\x00\x8diNw\xd7\xe0\xe9\x95\x0cX{\xee\x11;\x5c\
\xe2\xb6)\xa4\x9b\xa9\xbf\xff\xfc\xb6\xff\x0c\x1d\xa3\x1eQ\
\x00\x80\x06\x15[\xf4\x96\x8a\x87x\xc4i\x00\xa4\x9a\xc7\
\xf6%\x99y\xe8\x1c\xf5\x88\x02\x004\xaeE\x0bo\xd9\
>\xa3\x92\x01\x03\xc5\xd6\x9fKZ\x95P\x1e\xa0\xd6v\
\x8ei\xec\xfa\xd0!\xea\x15\x05\x00h\x5c\xd3lt\xf7\
\xa2J\x87D\xeeW&\x11\x06\x08\xe0\xfa\x8d\xc5\xa3\xff\
\x10:D\xbd\xa2\x00\x00\x0d\xccL\x15\x9f\x06\xe8[\xd3\
\xbeB\xd2\x9a\x04\xe2\x00\xb54\x1e{\xfc\x99\xd0!\xea\
\x19\x05\x00hl/_\xb0|\xf0\xa8\x8a&,\xb5\xd8\
\xa4\xcf&\x94\x07\xa8\x0d\xd3uk\x8bs7\x85\x8eQ\
\xcf(\x00@c\xb3\x5clo\xadt\xc8\xd4\xdfo\xbb\
A\xb2\xc1\x04\xf2\x00\xb5P\x96\xec\xd3\xa1C\xd4;\x0a\
\x00\xd0\xf8\xdeS\xe9\xa3\x81W]r\xf2\xb8<\xfe|\
R\x81\x80j2\xd3\xf5\xfd\x8b\xdb\xd6\x87\xceQ\xef(\
\x00@\xe3;t\xe7\xee\xf1\x8b+\x1d\xb2{g|5\
\xab\x00\x93\xe7\xe5\xa6\x03+\x9cpp2I2\xa3\x1c\
OD\x9f\x0a\x1d\x22\x0d(\x00@\x06Xd\x1f\xa8\xf4\
\xc9\x80\x9b\xffl\xde\x1e\x93\xfe6\xa9LY\x11\x99\xef\
\xf75\x18\x9d+F\x0e\x93tP\x82q\x1a\x9f\xe9\xda\
\x81\x0b[y\x9d\xf5>\xa0\x00\x00Y\xe0ZP\xe8\x1a\
<\xab\xd21k\x16\xb7\xde(\xd9\xcf\x92\x88\x94\x15\xb1\
\xb4\xdf\xff\xddm\xa2\xfc\xba$\xb34>\xdf!\x8b?\
\x1a:EZP\x00\x80\x8cp\xcb\xbd\xbf\xe2!f\x1e\
y|y\x02q2\xc3\xa4\x0b\x17\xdc\xb8\xf5\xf0Io\
\xe8n2{O\x15\x225.\x8f>\xd1\xbfh\xee}\
\xa1c\xa4\x05\x05\x00\xc8\x08\x93\x9f\xd9]\x1aya\xa5\
s\xfa\x8a\x1d\xffe\xee\xcb\x93\xc8\x94\x11\x07\xe5\x9b'\
\xae\x9a\xecF\x85\xde\x91\xb7K:\xa5\x0ay\x1a\xd5\xfa\
H\x8f~!t\x884\xa1\x00\x00\x19\x12[\xfc\xb1$\
\xe6D\xb1].iO\x12\xb3\xb2\xc0]o\xed\xec\x19\
\xfc\xf0\xbe\xfe\xf9\xae\x9e\xc1WH\xfe\xaf\xd5\xcc\xd4h\
\x5c\xfe\xfe\xbeb\xf7X\xe8\x1ciB\x01\x00\xb2\xe5\xbc\
\xc2\xf2\x91\x17W:d\xf5\x85\xed\xf7\xba\xfc\x8a$\x02\
e\x85\xc9\xfe\xa1\xd03t\xeds\x9d\x0e\xe8.\xf55\
\x17z\x06/w\xd9w%\xb5\xd40^\xaa\x99\xeb\x8e\
\x81%\x1d\xb7\x85\xce\x916\xf9\xd0\x01\x00\xd4X\x1c_\
)\xe9\xf4J\xc7\xcc:\xbc\xfd\xaa\x07\x1e\x1cY\x22\xf9\
\x89\x95\x87\xca\x8c\xb7\xe4\x9a&\xce\xeb\xec\x19Zf\xa6\
\xefyl\xf7\xe6\xe3\xf2D\xb9\xc9\xe6Xlg\xc6\xb2\
\x8b$\xef\x08\x1d2e\x1e++\xbe4t\x884\xb2\
\xd0\x01B),\xdf\xd8\xa18\xbf9t\x0e \x04\x93\
\xbfr\xcd\x92\x8e\x1fV:\xa7{\xc5\xc8\x09q9\xfe\
\xb5\xa4\xa6\x04b\x01\x93f\xa6K\xd7,n\xffJ\xe8\
\x1ci\xc4)\x00 \x83b\xb7O\xc9\xbd\xe2\x1f\x00\xfa\
\xceo\xfdo\x97&}\x81\x1b\x90\x0c\xfb\xe1\x9aEm\
W\x87N\x91V\x14\x00 \x83\xcc\xf4\xa2\xc2\xf2\xe1s\
\x93\x9851m\xf4\x0a\xf1\xb6@\xd4\xde\xa3\x91\xe7\xde\
&3\x0f\x1d$\xad(\x00@V\xb9_\xd9]\xeak\
\xaet\xcc\x86\xd7\x1d3\x1a\xe5\xa2\x8b$\xedN \x15\
\xb0O\xcc\xf4\xbe\xbe\xe2\xec\xa1\xd09\xd2,\xc3\x05 \
\xe2v\x11d\x9c-t\x9b\xf1\xc1$&\xf5\x9d\xdf\xfa\
\xdf2\xfdu\x12\xb3\x80\xe7\xe5\xfa\xd6\x9aEm\xdf\x08\
\x1d#\xed2[\x00\xa2\xf2\x01;Bg\x00Bs\xe9\
\xef\x16\x966\xcfKbV\xff\xe2\xf6/\x9a\xe9\xc6$\
f\x01\xcfa\xc3\xa8\xc6\xdf\xca\xd2\x7f\xe52[\x00\xfa\
\x96\x1c\xb1SR\x1c:\x07\x10\xd8\xd4\xc8\xa2/&5\
\xcc\xe2)\x97H\xbe6\xa9y\xc03\xec1\x8b\x8b\x1b\
\x8bG\xff!t\x90F\x90\xd9\x02\xf0x{\xf4\x9d\xa1\
c\x00u\xe0\xac\xae\x9e\xa1D.\x08\xec+\xce|,\
\xb6\xa8(\xae\x07@\x15\xb8\xeb\xd25\x8b\xe7\xfe6t\
\x8eF\x91\xdd\x02 I\xb2\xfbC'\x00\xea\x81\xcb\xbe\
p\xd2\xad[\x0fHb\xd6\xda\xc5m\xbfs\xd7\xbb\x93\
\x98\x05<\xc5W\x06\x8a\xed\xd7\x86\x0e\xd1H\xb2^\x00\
X\xaa\x04$I\xde\xb1{t\xe2\x13IM\x1b(\xb6\
_+\xd3'\x93\x9a\x87l3\xd7O\xc7\xa7\x8d^\x16\
:G\xa3\xc9t\x010\xf3u\xa13\x00\xf5\xc2]\x97\
u\x976\x9f\x99\xd4\xbc\xfeEm\x1f\x95\xfc\x86\xa4\xe6\
!\xa3L\xfd&{\xfd\x86\xd7\x1d3\x1a:J\xa3\xc9\
t\x01\x88c.V\x02\x9e\x22\x8a-\xba\xae\xbb4|\
h\x22\xd3\xcc<\xf2\xc7\xden\xee+\x13\x99\x87,\xda\
*\x9b8\xab\xaf\xd8\xf6\xfb\xd0A\x1aQ\xa6\x0b\x80\xe5\
\xfc\xae\xd0\x19\x80:3'6O\xec\xae\x80\xbeb\xf7\
X\x9c\xcf-\x91\x89\xd56L\xd6\xa3\x91G\x7f\xd2\xbf\
\xe8\xa8\xc1\xd0A\x1aU\xa6\x0b@\xff=\x1dwKz\
(t\x0e\xa0\xce\x5c\xd8\xd53\xfc\xc6\xa4\x86\x0d\x9c\xdf\
\xfaP\xd9\xfc,\x99\x86\x93\x9a\x89\x867\x16y|^\
_\xb1\xf5\xee\xd0A\x1aY\xa6\x0b\x80\x96Z,\xe9'\
\xa1c\x00\xf5\xc6\xe5_,,\xdf\x98\xd8ki\xd7-\
\xea\xd8\x18\xc5v\xa6K#I\xcdD\xc3\x1aw\xb3\x8b\
\xfa\x8as\x7f\x14:H\xa3\xcbv\x01\x90\xe4n|\x91\
\x01\xff\xdbA\x8a\x9bnL\xe2]\x01O\xea+\xb6m\
0\xb33%mMj&\x1a\xce\x98\xdc.\x18X\xdc\
\xb6<t\x90,\xc8|\x01\x88\xa5\x9b%\x95C\xe7\x00\
\xea\x8f\x9f\x1a\xdb\x8ck\x92\x9c\xd8\xbf\xb8m\xbd\x97\xa3\
3D\x09\xc0\xff6fR\xb1\xbf\xd8vs\xe8 Y\
\x91\xf9\x02\xb0\xae\xd8\xb6E.\xaeR\x06\xf6\xee-\x9d\
\xa5\xc1w&9p\xe0\xc2\xd6u\xb9r\xfcJI\xf7\
%9\x17\xa9\xb6\xdbM\xaf_\xb3\xa4\xfd\x96\xd0A\xb2\
$\xf3\x05@\x92d~}\xe8\x08@\xbd2\xb3\x7f\xed\
\xea\x19zi\x923W_8\xb7\xdf'\xca\xa7\x9al\
 \xc9\xb9H\xa5\x9d\x8a\xfc\xf5\x03\x8b\xdb\xef\x08\x1d$\
k(\x00\x92\x22\x9f\xbaB\x12/\x97\x00\xf6\xae\xc9\xa5\
\x7f_\xb8lhv\x92C\x07\xde0osn,>\
U\xce\x85\xb8\x19v_l:\xbd\x7fQ\xc7\x0fB\x07\
\xc9\x22\x0a\x80\x1e\x7f\x81\x89I_\x0a\x9d\x03\xa8cG\
Fy\xef\x9d\xfb\x8dMS\x92\x1cz\xcf\x1b;\x1e\x1e\
\x9f>\xfajI7%9\x17\xa9pO\xe4\xf9\x17\xaf\
]\xdc\xce\xf3X\x02\xa1\x00<!\xceE\x9f\x93\xf4X\
\xe8\x1c@\xfd\xb2\x97L\x99\x9e\xfb\xf7\xd3Wz>\xc9\
\xa9\x1b^w\xcch\xff\xe2\xb6\x8b$\xffL\x92sQ\
\xbf\xccu\xc7\xf8\xe8\xe8i}\xc5\xd9C\xa1\xb3d\x19\
\x05\xe0\x09\x03\xe7\xb7>$\xb3\xaf\x85\xce\x01\xd43\x93\
^\xff\xc0\x83\xc3_\x93\xbb%;\xd8\xbc\x7fI\xc7\xe5\
\x92\xbfE\xd2\xaeDg\xa3\xae\x98\xd953\x8fh;\
{\xc3\xc5\xc7<\x1a:K\xd6%\xfbM\x9cr\xc7\xde\
\xb8\xf1\x05\xe5\xa6\xfc\x80\xa4\x83Cg\x01\xea\x99K\xff\
0\xb0\xa4\xfdo\xab1\xbb\xabw\xf3\x89\xf2\xa8\xd7\xa5\
\xa3\xaa1\x1f\xc1\xec2\xe9/\xd6,i\xffF\xe8 \
x\x1c+\x00O\xb1\xfa\xa2\xa3\x1e\x90\xe9\xefB\xe7\x00\
\xea\x9dI\x1f\xe9,\x0d\xbd\xbf\x1a\xb3\xd7,\x9e\xfb\xdb\
\xb1\xd1\xd1\x13\xcd\x9d\x87\xc14\x0aS\xbf\xbb\xbd\x98\x83\
\x7f}a\x05\xe0\x99\x96zT\xe8\x1e\xfe\x99\xa4SB\
G\x01\xea\x9c\xbb\xebm\x03\xc5\xf6k\xab4\xdd\x0a=\
C\x7f%\xb3\xab$5Ue\x1f\xa8>\xb3\xeb\x9bv\
5]\xfa\xbb7\xcf\xda\x19:\x0a\x9e\x8e\x02\xb0\x17\x85\
\xe5\x9b\xffHq\xf43I-\xa1\xb3\x00un\x5c\xae\
7\xf5\x17\xdb\xff\xbdZ;\xe8\xea\x1d>\xc5\xe5\xdf\x90\
\xabP\xad}\xa0\x1a|\x87{\xf4\xae\x81b\xdb\x8d\xa1\
\x93`\xef8\x05\xb0\x17\xfd\x8b\xe6\xfe\xc6\xcc\xff&t\
\x0e \x05\x9ad\xfafW\xef\xd0\xdb\xaa\xb5\x835\x8b\
\xdb~\xb9{G\xf9\x8f\x9e\xb8K\x80\xc7v\xa7\x80\xb9\
\xee\x88\xddO\xe0\xe0_\xdfX\x01x\x0e\x85\x9e\xa1\xe5\
\x92\xce\x0f\x9d\x03H\x017\xf3\xcb\xd6,\xee\xf8\xe7j\
\xee\x84\xd5\x80\xba\xf7\xb0\xbb\x7fh`I\xfbWe\xe6\
\xa1\xc3\xe0\xb9\xb1\x02\xf0\x1cZ\xf2\xe5\xb7K\xbe6t\
\x0e \x05\xcc\xdd\xfe\xa9\xd0;\xf4\xbej\xee\xe4\xc9\xd5\
\x003\xbbR\xd2X5\xf7\x85I2\xbb\xbe<\x9e_\
0P\xec\xb8\x86\x83\x7f:\xb0\x02\xf0<\xe6/\x1fi\
m\x8a\xe3\x9fJj\x0f\x9d\x05H\x07\xfbt\xff\x92\xb6\
\x0fU{/\x85\xde\xe1c\xdc\xfd\xb3&\xbd\xbe\xda\xfb\
\xc2s0\xads\xd7_\x0e,i\xff\x8f\xd0Q09\
\x14\x80}\xd0\xd5;\xd8\xedn?\x91th\xe8,@\
\x1a\x98\xd95S\x1fz\xe0/V]r\xf2x\xb5\xf7\
\xd5]\xda|fY\xd1?\x9a\xe9\x84j\xef\x0bO\xf3\
\xa0\xe4\x9f\x8d\xfc\xb1\xcf\xf7\x15\xbbY\x8dI!\x0a\xc0\
>*,\x1fy\xb1\xe2\xf8;\xa2\x04\x00\xfb\xc4\xa5\xef\
M\x8c\x8e^P\x93'\xbe\x95<\xd7\x15\x0d\xbf\xc3]\
WH:\xa2\xea\xfb\xcb\xb6\xc7L\xfe9\xf3\xa9\x9f\xed\
+\xce\xe4\xf1\xe9)F\x01\x98\x84co\xda\x5c(\xe7\
\xa3;\xe4j\x0b\x9d\x05H\x89\xbe\xd8\xe3s\xd6\x16\xe7\
n\xaa\xc5\xce\xbaK\xdb\xa6\xbb\xedy\x97K\x1f\x904\
\xab\x16\xfb\xcc\x901I_\x8f\xbc\xfc\xf1\xbe\xe2\xbc\xfb\
C\x87A\xe5(\x00\x93\xd4]\xda\xda\x1eG\x13\xdf\xe3\
*d`\xdf\xb8|\x9b\xe4\xe7\x0d,\x99\xfb\xb3Z\xed\
\xb3\xbb\xd4\xd7\x1c\xdb\xf4\x0b%\xfb\xa8\xa4\xf9\xb5\xdao\
c\xf2\x1d\xae\xe8\x1b\xf9\x89\xe8\xb3\xab\xdf0g8t\
\x1a$\x87\x02\xb0\x1f\x16\xde\xb2}F4\xb6\xfb\x1aI\
\x17\x86\xce\x02\xa4\xc4\xa8\xdc\xdf\xd1_\xec\xb8\xbe\x96;\
=\xe9\xea\xbb\x9av\x1f:\xf3b\x97_.\xd9\xc2Z\
\xee\xbb\x01l\x91\xdb\x17F5v\xcd\xc6\xe2\xd1\x7f\x08\
\x1d\x06\xc9\xa3\x00T\xa0\xd03\xf8f\xc9\xbe,\xe9\x80\
\xd0Y\x80T\x08\xf5XXw\xeb\xee\x19<#\x8e\xa2\
w\xcau\x9e\xa4\xe6\x9a\xee?M\x5c\xbfp\xe9\xea\x9c\
v\xdc\xc8\xc5}\x8d\x8d\x02P\xa1\xae\xde\xc1n\x8f\xed\
K2\xbd,t\x16 %\xfa\xcc\xfc\x825\x8b;\xfa\
B\xec\xfc\xb8o\x0e\x1e2\xde\xa4%f\xf6W\x92\xba\
Cd\xa8C\xf7\xbb\xac\x94\xcb\xd9\xd7\xfb\xceo\xfd\xef\
\xd0aP\x1b\x14\x80\x84t\xf5\x0c.q\xd9\xbfHz\
A\xe8,@\x0a\xec\x91\xfb\x87\xfa\x8b\x1d_\x08\x96\xc0\
\xdd:{G^n\xf2%\x92\xce\x93td\xb0,a\
\xec\x91\xf4]7\xff\xc6\xac\xc3\xda\xbf{\xe7\x196\x11\
:\x10j\x8b\x02\x90\xa0\xa3J\xf7\x1e\xd4\xac\xe6\xf7\x9a\
\xf9_I:,t\x1e \x05\x96\x8d\x8f\x8e\xbe\xab&\
\xb7\x0a>\x97\xa5\x1euv\x0d\x9d\x18\x99\xceq\xb37\
\xc8\xb5 h\x9e\xeayH\xb2\x1fI\xf1m\xe3\xa3c\
\xdf\x0a\xfe\xdf\x1dAQ\x00\xaa\xa0\xbb\xb4mz\xac\xd1\
Ke~\x99\xa4\xd9\xa1\xf3\x00u\xcd\xb4\xd9\xa5w\x0d\
,n\xbf#t\x94'=\xfeFP{\x95d/\x97\
\xfc4\xc9f\x84\xce\xb4\x9f&\xe4\xfa\x9dE\xf6\x1fq\
l\xdf\x1eX3\xe7\x97Zjq\xe8P\xa8\x0f\x14\x80\
jZ\xeaQw\xd7\xd0\xa9\x1eEor\xf7\x8b$M\
\x0f\x1d\x09\xa8_\xd63\xee\xf9\xf7l(\x1e\xb9=t\
\x92\xa7:}\xa5\xe7\xb7=4r\x92\xbb^.\x8f_\
.\xb3\x97H:$t\xae\xbd\xf3\x1d\x92\xfd\xc2e?\
\xb5(\xfeiT\x9e\xfa\x0b\x1e\xd6\x83gC\x01\xa8\x91\
\x85\xb7l\x9fac{^e\xf23e:\x93\xe7\x08\
\x00{\xb5\xdd\xdd.\xab\xf7\xd7\xc8\x1e\xbblK[\xb9\
)>N\x1e\x1fgf\xc7\xbb\xeb8I\x9d\x92\x9aj\
\x14aL\xd2z\x97\xf5\x9b\xbc_\xd2\x9a(\x17\xf5\xf7\
M\xccY\xad\xa2\xf1\xcad\xec\x13\x0a@ \x85\xe5\x9b\
\x8f\x8c\xca\xb9\x13b\x8b;%[\xe8\xb2\x05&?\xdc\
\xa4\xe9\xfe\xf8O\x173$\xe5C\xe7\x04\xc2\xb0\xefD\
\x9e{w_q\xf6P\xe8$\xfb\xac\xe4\xb9\x05\x1a\x99\
\x15\xc9\xda\x15\xf9l\x8b\xe3V7k\x8dL\xb3=\xd6\
L\x99Z\xf4\xf8-\xc3\x07Jj\xd1\xe3\xdf\xe3Or\
\x93\x1e\x91$\x7f\xfc\xe2\xbc\xdd\x92=\x22\xc5\xf7\x99\xd9\
\xb68\xd6\x96(\xb2m\xf2\xf8\xbe\xb8\x9c\x1b\x9e\xf5\x82\
9\x1b\xb9h\x0f\x00\x00\x00\x00\x00\x00\x00\x00\x00\x00\x00\
\x00\x00\x00\x00\x00\x00\x00\x00\x00\x00\x00\x00\x00\x00\x00\x00\
\x00\x00\x00\x00\x00\x00\x00\x00\x00\x00\x00\x00\x00\x00\x00\x00\
\x00\x00\x00\x00\x00\x00\x00\x00\x00\x00\x00\x00\x00\x00\x00\x00\
\x00\x00\x00\x00\x00\x00\x00\x00\x00\x00\x00\x00\x00\x00\x00\x00\
\x00\x00\x00\x00\x00\x00\x00\x00\x00\x00\x00\x00\x00\x00\x00\x00\
\x00\x00\x00\x00\xd4\xc2\xff\x0f[$\xf7\xef\x8ekO\xee\
\x00\x00\x00\x00IEND\xaeB`\x82\
\x00\x00\x0a\x12\
\x89\
PNG\x0d\x0a\x1a\x0a\x00\x00\x00\x0dIHDR\x00\
\x00\x01\x00\x00\x00\x00\x8c\x08\x06\x00\x00\x00\x93wwq\
\x00\x00\x00\x09pHYs\x00\x00\x0b\x13\x00\x00\x0b\x13\
\x01\x00\x9a\x9c\x18\x00\x00\x09\xc4IDATx\xda\xed\
\xdc\x7fL\x94\xf7\x01\xc7\xf1\xcfs?8\xe08\xbc\xa3\
D\x10eh\xfd\x81\xbf*I\xc1\xd4\x910;m\xa6\
\xd2\xe8\xdaX\xa7\xb6\xb1\xed~\xb4k\xb2?\xd64M\
\xd3\xff\xb6l\x7ft\xcb\xb64\xd9\x92\xad\xcb\xbat\xcd\
\x9a\xd5.]\x5cWS-\xb5F&\x9d,\xae4\xb5\
X\x85\x08\x93\xc2\xf1\xa3\x1c\x88\xe5\x80\xe3\x8e\xe7\x9e\xfd\
\xd1BTpU\xbc\x83\xbb{\xde\xaf\xc4?4r\xcf\
}\xbf~\x9f\xf7}\xbf\x97\xf3\x0c\xcb\xb2,%\x81e\
Y\x8aF\xa3\x0a\x87\xc3\x02f\xcb\xe1p\xc8\xeb\xf5*\
++\x8b\xc9H0\xc30\x0c#Q\x01\xe8\xec\xec\xd4\
\xf9\xf3\xe7\xd5\xd6\xd6\xa6\xa7\x9d{\x99]$\xc5\xf3z\
]\xe5\xe5\xe5Z\xbdz\xb5\x16.\x5c\xc8\x84\xccW\x00\
\xc6\xc7\xc7\xd5\xdd\xdd\xadS\xa7N\xe9\xf1\x91\x1d\xcc&\
\xe6\xc5\xc1E\xef\xa9\xb2\xb2R\x8b\x16-b2\xe6\x22\
\x00ccc\xbap\xe1\x82N\x9e<\xa9g\xdc\xfb\x99\
E\xa4\x94\xc1G8.$-\x00---jjj\
\xd2c\xe1\xed\xcc\x1eR\xceS\x9d\xcf\xab\xa2\xa2B5\
55\x1c\x0f\x12\x19\x80p8\xac\xd3\xa7O\xab\xbe\xbe\
^\xbf\x5c\xfcCf\x0e)\xed\xb9\xc8+\xaa\xa9\xa9\xd1\
\x8a\x15+\x94\x97\x97\xc7\x84\xcc6\x00\xa6i\xea\xd3O\
?Ucc\xa3\x0e\x84\xeef\xc6\x90V\xde\xb8\xbdI\
\x15\x15\x15*,,d2n6\x00\xb1XL==\
=\xaa\xab\xab\xd3\x93\xd6nf\x0bi\xe9\xcf\x85'\xb4\
i\xd3\xa6\x8cx\x93\xd0\xb2,\xc5\xe3q\x99\xa6)I\
r\xb9\x5cr8\x1c\x89\x0f@4\x1aU0\x18\xd4\x1d\
\xc7\xfc\xac \xa4\xbd\xdf\xe7\xbe\xa5m\xdb\xb6\xe9\xb6\xdb\
n\x93a\x18i\xf3\xbc'&&444\xa4\xa1\xa1\
!\x8d\x8e\x8e*\x16\x8bM\xfd\x92$\x8f\xc7#\x97\xcb\
\xa5\xec\xecly\xbd^\xf9\xfd~\xe5\xe7\xe7\xdf\xf0\x18\
g\x0c\x80i\x9a\xea\xee\xee\xd6\x91#G\xf4\x94\xb1\x87\
\xd5\x83\x8c\xf0\x92\xff\x98\xb6o\xdf.\xaf\xd7{K\xaf\
\x9as\xf1*?::\xaa\xfe\xfe~\xad\x7fg\xc1M\
\xfd\xec\xc1E\xefi\xe5\xca\x95Z\xb0`\x81\x8a\x8a\x8a\
\xbe4\x043\x06 \x14\x0a\xa9\xbe\xbe^\x8f\x0cna\
\xd5 \xa3\x1cY\xdd\xac\xaa\xaa*\xe5\xe4\xe4\xa4\xe4\xf3\
\x8b\xc5b\xea\xeb\xebS{{\xbbj[\xee\xb8\xa5\xc7\
\xfa\xe8\x9e\xa1\xa9\x1d\x81\xd3\xe9\xbc\xb1\x00\x8c\x8d\x8d\xa9\
\xbe\xbe^\x0ft\xde\xc5jAF\xfap\xcb\xa0\xca\xca\
\xca\xe4r\xb9R\xeaU\xdf\xf7\xe2P\xc2\x1f\xf7w\xd9\
\x87\xb5y\xf3f\x15\x17\x17\xcf\xf8\xd9\x88\xab\x02\x10\x8f\
\xc7\xd5\xd8\xd8\xa8o\x9c]\xc3*AF\xfbx\xdb\xb0\
JKKS\xe2\xfd\x80\xbc?\x5cJ\xfa5\xfe]\xdd\
\xadU\xabV\xc9\xedv_?\x00\x83\x83\x83\xfa\xca\xdf\
\x0cV\x07l\xa1g\x9fK>\x9f/\xe3o\xfeI\xef\
nh\xd5\xc6\x8d\x1b\xafz\xff\xc30\x0cc\xeaw'\
N\x9c`U\xc06.^\xbch\x9b\x9b_\x92\xb6\x9e\
Y\xa5\xd3\xa7OO\xfbs\xc7\xe4\x93yx\xe0\xeb\xac\
\x0a\xd8FWW\x97\x86\x87\x87m5\xe6\xadgV\xa9\
\xa3\xa3cz\x00\x00\xbb\xd9\xd3\xb5i\xda\xcd0\x17,\
\xcb\x9a\xf3W\xff+544\x5c\x1d\x80\xf9|2\xc0\
|\xea\xeb\xeb\x9b\xd3\xeb\x99\xa6\xa9\xfe\xfe\xfey\x1d\xf3\
\xf7Gk\xd5\xd4\xd4\xc4\x0e\x00\xf8f\xfb\x9d\xba|\xf9\
\xf2\x9c\x5ckbbB\xbd\xbd\xbd\xba\xfd\x0d\xf7\xbc\x8f\
\xfbk\xef/#\x00\x80$\xf5\xf4\xf4$\xfd\x1a\xb1X\
L\x1d\x1d\x1d*\x7f+7e\xc6=\xb9\xf3'\x00\xb0\
\xb5\xee\xee\xee\xa4>~4\x1aU\xe0OaU\x1c/\
H\xc9\xf1\x13\x00\xd8\xda\xe0\xe0`Ro\xfe\x82\x97G\
Rz\xfc\x0e\x87\x15g\x15\xc0\xb6\x22\x91\x88\x92\xf1\xc5\
\xd8\xe3\xe3\xe3jmmM\xf9\xf1;\xe2\x06\x9b\x00\xd8\
W4\x1a\xd5\xc4\xc4D\xc2\xcf\xfc\xad\xad\xad\xdatj\
q\xea\x07\x80%\x00;\xbb\xf2\xff\xd7\xdf*\xcb\xb2\xa6\
n\xfe\xaf6.I\x8b\xf1\xbbX\x02\xb03\xcb\xb2\x12\
r\x04\xb0,K\xe3\xe3\xe3joo\xd7]\xff*I\
\x9b\xf1\x13\x00 \x017\x7f$\x12Q[[[Zl\
\xfb9\x02\x00\x09\x14\x89Dt\xf6\xec\xd9\xb4\xbb\xf9\x09\
\x00p\x8b\xc6\xc6\xc6\xd4\xd4\xd4\xa4\xbb?X\x9e\x96\xcf\
\x9f\x00\x00\xb34::\xaa\x86\x86\x06m\xfbxm\xda\
\x8e\x81\x00\x00\xb3022\xa2c\xc7\x8e\xe9\xfe\x8bU\
i=\x0e\xde\x04\x04nR8\x1cV\xf1\xab1I5\
i?\x16\x02\x00\xdc \xcb\xb24<<\xac\x92\xd7\xcc\
\x8c\x19\x13G\x00\xe0\x06\xc4\xe3q}\xf6\xd9g:t\
\xe8PF\x8d\xcb\x16;\x80\xff\xfc\xec\x09V\xf05\xaa\
\x9e}\x81I\xb8A\xa6ij``@uuu\xfa\
At\x17\x01\x00\xect\xf3\xf7\xf5\xf5\xe9\xf8\xf1\xe3z\
b\xec\xde\x8c\x1b\x1f\x01\x00\xaecbbB===\
Zs4O\xd2\xbd\x199F\xde\x03\x00\xaes\xf3\x07\
\x83\xc1/n\xfe\xccE\x00\x80\x19\xb6\xfd\xc1`P\x87\
\x0f\x1f\xce\xf8\xb1r\x04\x00f\xb8\xf9\xd7\xd5\xe5KY\
\x0ff\xfcx\xd9\x01\x00_\x88\xc7\xe3\xea\xed\xed\xd5\xda\
\xb7}\xb6\x193;\x00\xe0\x8bW\xfeP(\x94R\xdf\
\xdc\xcb\x0e\x00H2\xc30d\x9a\xa6\xba\xba\xba\xb4\xfc\
\x1fY\xb6\x1b?\x01\x80\xad\x0d\x0f\x0f\xeb\xdc\xb9s\x9f\
\x9f\xf9m\x88#\x00l\xed\xc7\x0b\xbe+\x9d\xb1\xef\xf8\
\xd9\x01\x00\x22\x00\x00\x08\x00\x00\x02\x00\x80\x00\x00 \x00\
\x00\x08\x00\x00\x02\x00\x80\x00\x00 \x00\x00\x08\x00\x00\x02\
\x00\x80\x00\x00 \x00\x00\x08\x00\x00\x02\x00\x80\x00\x00 \
\x00\x00\x08\x00\x00\x02\x00\x80\x00\x00 \x00\x00\x08\x00\x00\
\x02\x00\x80\x00\x00 \x00\x00\x08\x00\x00\x02\x00\x80\x00\x00\
 \x00\x00\x08\x00\x00\x02\x00\x80\x00\x00 \x00\x00\x08\x00\
\x00\x02\x00\x80\x00\x00\x04\x00\x00\x01\x00@\x00\x00\x10\x00\
\x00\x04\x00\x00\x01\x00@\x00\x00\x10\x00\x00\x04\x00\x00\x01\
\x00@\x00\x00\x10\x00\x00\x04\x00\x00\x01\x00@\x00\x00\x10\
\x00 \xf5\xfch\xe8E\xbd\xbd\xf6c\x02\x00\xd8\x91\xcf\
\xe7\xd3\xbau\xeb\x08\x00`W.\x97K\x97\x1e\xcd#\
\x00\x80\x1d\x19\x86!\xb7\xdb\xad\xcb\xdf\xc9'\x00\x80]\
9\x9dN\x0d}\xdb\xa7\x0f\xee\x0e\xe9\x99\x9e\xdf\x10\x00\
\xc0\x8e\xc7\x81\xa5K\x97j\xff\xfe\xfd\xfa\xc9\xf0K\x04\
\x00\xb0\x1b\xb7\xdb\xad\xa5K\x97j\xe7\xce\x9dz.\xf2\
\x0a\x01\x00\xec\x1a\x81\xda\xdaZ\xfd*\xfe\xd7\xcc\xdd\xf1\
\xd8\xe1\x1f\xb3\xea\xd9\x17X\xd1\x98U\x04\xca\xca\xca\xb4\
c\xc7\x0eYo\xbd\xa6\xa7\x9d{\xd9\x01\x00v{O\
\xa0\xa4\xa4D\xbbv\xed\xd2/&\x0e\x12\x00\xc0\x8e\x11\
(..\xd6\xde\xbd{\xf5\xf3\xe8_\x08\x00`7\x0e\
\x87C\x81@@\x0f=\xf4\x90\x9e\xd7\xeb\x04\x00\xb0\x1b\
\xc30\xe4\xf7\xfb\xb5o\xdf>\xfd\xd6\xf3&\x01\x00\xec\
\xc8\xe7\xf3\xe9\xbe\xfb\xee\xd3\x1f\xf3\xeb\x08\x00`G\xf9\
\xf9\xf9\xaa\xad\xad\xd5\xab\xc5\x0d\x04\x00\xb0\xebN`\xcb\
\x96-:\xbc\xf2C\x02\x00\xd8Qnn\xae*++\
\xd3\xf6;\x05\x08\x00p\x0b\x0c\xc3P^^\x9e**\
*T\x7fg;\x01\x00\xec\x18\x01\xaf\xd7\xab5k\xd6\
\xa4]\x04\x08\x00\x90\xa0\x08\xe4\xe4\xe4h\xfd\xfa\xf5\x04\
\x00H\xb7\x9b7Q\x8f\xe3\xf1x4\xf0p.\x01\x00\
\xd2\x81\xc7\xe3\x91\xdb\xedN\xf8c\x86\x0e\xe4\x10\x00 \
\xd5\xe5\xe4\xe4$<\x00\x92\x94\x9d\x9d\x9d\x16;\x01\xc7\
\xaf\x9d\x87X\x05\xb0\xad\xfc\xfc\xe4}\x0f`:\x1c\x07\
\x1c\x1b6l`\x15\xc0\xb6\x8a\x8b\x8b\x93~\xc4\x18|\
\xc4\x9br\xe3n\xa9\x1d\xfd<\x00\xcb\x97/g\x15\xc0\
\xb6\x96,Y\x92\xf4kdee\xa5\xdc\xd7\x8e/^\
\xbc\xf8\xf3\x00\x04\x02\x01V\x01lk\xe1\xc2\x85sr\
\x9d\xc9\xaf\x1d\xbf\xb0s<\xb5\x8e\x00\x92\xf4\xf7e\xef\
\xb3\x12`;\xff\xac\xfc\xef\x9c^\xcf\xe9t\xaa\xa8\xa8\
H\x9d\x0f\xcc\xef\xb8\xc3\x8f\x05\xae\x0e@uu5\xab\
\x01\xb6\xb3l\xd9\xb29\xbf\xa6a\x18\x0a\x04\x02\xfad\
\xb75/c>\xb3\xf5\xd2\xf4\x1d@nn.\xab\x01\
\xb6\xe3\xf7\xfb\xe7\xed\xda\x81@`^v\x02\xd7Fo\
\xeas\x00]{\x0cV\x04l#\xf8-G\xc2>\x01\
8\xdb\x9d\x80\xdf\xef\xd7\xc5\xfb\xcd9\xbb\xe6\xa5G\xf3\
\xa6\x8dy*\x00\xf9\xf9\xf9\xaa[w\x8e\x95\x81\x8c\xf7\
\xd1=C\xf2\xf9|\xf3\xfe<\x0c\xc3PAA\xc1\x9c\
\x1c\x07B\x07f\xfe\xc0\xd3T\x00\x1c\x0e\x87***\
X\x1d\xc8x%%%r8R\xe3C\xb0\x0e\x87C\
~\xbf_\xbd\xfb\xddIy\xfc3[/)t G\
\xd9\xd9\xd93_\xff\xca\xdfx\xbd^\xb5\xed\x8a\xb2B\
\x90\xd1<\x1eOJ=\x1f\x87\xc3\xa1\xbc\xbc<\x0d<\
\x9c\xab\x0f\xb7\x0c&\xecq?\xd9m\xa9\xac\xac\xec\xba\
7\xbf$\x19\x96e]\xb5\xff0MS\xc1`Pk\
\xdf\xf6\xb1R\x90q\xe7~\x9f\xcf\x972\xaf\xfe3\x89\
\xc7\xe3\x1a\x19\x19Q0\x18T\xd5\xc9\xa2\x9b\xfe\xf9\x86\
\x8d\x1d*((Pii\xe9\x97\xbe\xc7a\x18\x861\
-\x00\x92\x14\x8dF\xd5\xd5\xd5\xa5\x0d\xef\xf2!!d\
\x8e\xe1\xef\xf9\xe7\xf5\x8d\xbf\x9b\x15\x8b\xc5400\xa0\
P(\xa4p8\xach4\xaaX,\xa6X,\xa6\x07\
:\xef\xba\xea\xef6m\xeeWaa\xa1\x02\x81\xc0\x0d\
\x8f\xf1\xba\x01\x98\x8c@\xc1\xcb#\xac\x1a\xa4\xbds\xdb\
\xc3*--M\xfbqX\x96%\xd34e\x9a\xa6,\
\xcb\x92\xcb\xe5\x92\xd3\xe9\x9cu\xd4\xfeo\x00&\x8f\x03\
\xfd\xfd\xfdZ\xf1\xa6\x87U\x84\xb4t\xf1~S\x85\x85\
\x85L\xc4l\x020)\x1c\x0e\xab\xa1\xa1a\xda\xb6\x03\
He}\x0ff\xc9\xeb\xf52\x11\xb7\x1a\x80I\xcd\xcd\
\xcdjll\xd4\x93\xd6nf\x0f)\xed\xca\xcf\xbb#\
A\x01\x90\xa4H$\xa2\x96\x96\x16\x1d=zT?-\
x\x9cYD\xcah\xa9\x1dUQQ\x91\x5c.\x17\x93\
\x91\xac\x00L\x8aF\xa3\xea\xee\xee\xd6\xfaw\x160\x93\
\x987\x07\x17\xbd\xa7\xea\xeaj\x15\x14\x140\x19s\x19\
\x80kuvv\xaa\xb9\xb9Y{\xba61\xb3H\xaa\
w\xd6\x9fWyy97}\x02\x02\xf0?\xfd\xaf6\
P]3\x07d\x00\x00\x00\x00IEND\xaeB`\
\x82\
\x00\x00\x0d\x9a\
\x89\
PNG\x0d\x0a\x1a\x0a\x00\x00\x00\x0dIHDR\x00\
\x00\x01\x00\x00\x00\x00\x8c\x08\x06\x00\x00\x00\x93wwq\
\x00\x00\x00\x09pHYs\x00\x00\x0b\x13\x00\x00\x0b\x13\
\x01\x00\x9a\x9c\x18\x00\x00\x0dLIDATx\xda\xed\
\xddkl[\xd5\x01\x07\xf0\xff\xb9\xf7\xfa\x15\xc7\xae\xed\
fM\xfa\x08I)\xf4A\x1f\x11\xa4\x1d]\xa5\xae\xac\
\x1dK\x09jG[:(\x88\xc7\xa6\xc1\xa6\xa1\x89i\
\xaf\x0f\xdb\x87i\xdb\x87i\xda&\xf6\x906\xed\x0d\x1a\
Za\xb0u\x1b\xd1\x0a\xa1 \xd2\x06\xc8\x08d\x82\x15\
\xdaT\xb4\xa4\xcd\xbby44vl\xdf\xebs\xef>\
\x84k%M:\x9a\xd8Nl\xdf\xffO\xaaT;\x8d\
\xcf=\xe7\x9e\xf3\xbf\xe7\x1c\xbb\xd7\xc2\xb2,\x0b9`\
Y\x16t]G4\x1a\x05\xd1l)\x8a\x02\xbf\xdf\x0f\
\xb7\xdb\xcd\xc6\xc82!\x84\x10\xd9\x0a\x80\xce\xceN\x9c\
<y\x12\xa7O\x9f\xc6\xd7\xd5;\xd8\xba\x94\x13\x8f\xe0\
i\xacZ\xb5\x0a\xabW\xaf\xc6\xa2E\x8b\xd8 \xf3\x15\
\x00\xc9d\x12===x\xf5\xd5W\xf1`\xec\x16\xb6\
&\xcd\x8b'\x16\xbf\x8c\xda\xdaZ,^\xbc\x98\x8d1\
\x17\x01\x10\x8f\xc7\xf1\xee\xbb\xef\xe2\xd8\xb1c\xf8\xa6\xeb\
\x00[\x91\xf2\xca\xf0}\x5c.\xe4,\x00\xda\xdb\xdb\xd1\
\xd6\xd6\x86\x07\xa2;\xd9z\x94w\xbe\xda\xf9\x08jj\
j\xb0u\xebV.\x0f\xb2\x19\x00\xd1h\x14\xad\xad\xad\
hjj\xc2\x8f\x97>\xcc\x96\xa3\xbc\xf6\x83\xc4\xe3\xd8\
\xbau+\xae\xb9\xe6\x1a\x94\x96\x96\xb2Af\x1b\x00R\
J\x9c?\x7f\x1e---\xb8g\xf0&\xb6\x18\x15\x94\
\x7f\x5c\xdd\x86\x9a\x9a\x1a\x94\x95\x95\xb11f\x1a\x00\x86\
a\xa0\xb7\xb7\x17\x8d\x8d\x8d\xf8\x8a\xb5\x8f\xadE\x05\xe9\
Oe/a\xf3\xe6\xcdE\xb1IhY\x16L\xd3\x84\
\x94\x12\x00\xa0i\x1a\x14E\xc9~\x00\xe8\xba\x8e\xee\xee\
n\xac?\x12b\x0f\xa2\x82\xf7\xeb\x92\x7f\xa1\xae\xae\x0e\
\x0b\x17.\x84\x10\xa2`\x8e;\x95Jadd\x04#\
##\x18\x1b\x1b\x83a\x18\xe9?\x00\xe0\xf1x\xa0i\
\x1a\xbc^/\xfc~?B\xa1\x10\x82\xc1\xe0\x15\xd7q\
\xda\x00\x90R\xa2\xa7\xa7\x07\x87\x0f\x1f\xc6W\xc5~\xf6\
\x1e*\x0a\x7f\x0c\x1d\xc1\xce\x9d;\xe1\xf7\xfb3\xbaj\
\xce\xc5U~ll\x0c\x03\x03\x03X\xf7\xfc\x82\x19\xfd\
\xee\x13\x8b_\xc6\xb5\xd7^\x8b\x05\x0b\x16\xa0\xbc\xbc\xfc\
C\x83`\xda\x00\x18\x1c\x1cDSS\x13\xee\x1b\xde\xce\
^CE\xe5\xf0\xea\xe3\xd8\xb8q#|>_^\x1e\
\x9fa\x18\xe8\xef\xef\xc7\x993gP\xdf\xbe>\xa3\xd7\
\xfa\xef'G\xd23\x02UU\xaf,\x00\xe2\xf18\x9a\
\x9a\x9ap{\xe7\x8d\xec-T\x94\xde\xdc>\x8c\xaa\xaa\
*h\x9a\x96WW\xfd\xc0\xefF\xb2\xfe\xba\xbf\xf26\
`\xdb\xb6m\xa8\xa8\xa8\x98\xf6\xb3\x11\x93\x02\xc04M\
\xb4\xb4\xb4\xe0So\xafa/\xa1\xa2\xf6N\xdd(*\
++\xf3b?\xa0\xf4\xb7\x17r^\xc6\xbf\xb7\xf4`\
\xe5\xca\x95p\xb9\x5c\x97\x0f\x80\xe1\xe1a\x5c\xf5W\xc1\
\xdeA\x8e\xd0{\xa7\x86@ P\xf4\x83\xdf\xf6\xc2\x86\
S\xd8\xb4i\xd3\xa4\xfd\x0f!\x84H?z\xe9\xa5\x97\
\xd8+\xc81:::\x1c3\xf8\x01`\xc7[+\xd1\
\xda\xda:\xe5y\xc5>\x98{\x87>\xc1^A\x8e\xd1\
\xd5\xd5\x85\xd1\xd1QG\xd5y\xc7[+q\xf6\xec\xd9\
\xa9\x01@\xe44\xfb\xbb6O\x19\x0cs\xc1\xb2\xac9\
\xbf\xfaO\xd4\xdc\xdc<9\x00\xe6\xf3`\x88\xe6S\x7f\
\x7f\xff\x9c\x96'\xa5\xc4\xc0\xc0\xc0\xbc\xd6\xf9\x0bc\xf5\
hkk\xe3\x0c\x80\xe8\xd3gn\xc0\xfb\xef\xbf?'\
e\xa5R)\xf4\xf5\xf5\xe1\xea\x7f\xb8\xe6\xbd\xde\x1f\x7f\
c9\x03\x80\x08\x00z{{s^\x86a\x188{\
\xf6,V\xfd\xab$o\xeam\xcf\xfc\x19\x00\xe4h=\
==9}}]\xd7\x11~4\x8a\x9a\x17#yY\
\x7f\x06\x009\xda\xf0\xf0pN\x07\x7f\xe4\xb1X^\xd7\
_Q,\x93\xbd\x80\x1c+\x91H \x177\xc6N&\
\x938u\xeaT\xde\xd7_1\x05'\x01\xe4\x5c\xba\xae\
#\x95Je}\xcd\x7f\xea\xd4)l~ui\xfe\x07\
\x00\xbb\x009\xd9\xc4\xff_\x9f)\xcb\xb2\xd2\x83\xffc\
-\xcb\x0a\xa2\xfe\x1a\xbb\x009\x99eYYY\x02X\
\x96\x85d2\x893g\xce\xe0\xc6W\x96\x14L\xfd\x19\
\x00DY\x18\xfc\x89D\x02\xa7O\x9f.\x88i?\x97\
\x00DY\x94H$\xf0\xf6\xdbo\x17\xdc\xe0g\x00\x10\
e(\x1e\x8f\xa3\xad\xad\x0d7\xfdgEA\x1e?\x03\
\x80h\x96\xc6\xc6\xc6\xd0\xdc\xdc\x8c\xbaw\xae+\xd8:\
0\x00\x88f!\x16\x8b\xe1\xc8\x91#\xd8\xd3\xb1\xb1\xa0\
\xeb\xc1M@\xa2\x19\x8aF\xa3\xa88h\x00\xd8Z\xf0\
ua\x00\x10]!\xcb\xb20::\x8a%O\xca\xa2\
\xa9\x13\x97\x00DW\xc04M\x5c\xbcx\x11\x87\x0e\x1d\
*\xaazq\x06@\xf4!\xa4\x94\x18\x1a\x1aBcc\
#\x1e\xd2w3\x00\x88\x9c4\xf8\xfb\xfb\xfb\xf1\xe2\x8b\
/\xe2\x8b\xf1[\x8b\xae~\x0c\x00\xa2\xcbH\xa5R\xe8\
\xed\xed\xc5\x9agK\x01\xdcZ\x94u\xe4\x1e\x00\xd1e\
\x06\x7fww\xf7\x07\x83\xbfx1\x00\x88\xa6\x99\xf6w\
ww\xa3\xa1\xa1\xa1\xe8\xeb\xca%\x00\xd14\x83\x7fm\
c\x10p\xdfU\xf4\xf5\xe5\x0c\x80\xe8\x03\xa6i\xa2\xaf\
\xaf\x0f\xd7=\x17pL\x9d9\x03 \xfa\xe0\xca?8\
8\x98Ww\xee\xe5\x0c\x80(\xc7\x84\x10\x90R\xa2\xab\
\xab\x0b+\xfe\xe9v\x5c\xfd\x19\x00\xe4h\xa3\xa3\xa38\
q\xe2\xc4\xf8\x9a\xdf\x89\x01\xe8\xff\xcd\xb0\xc5nPX\
\xbe\xd1\xf3sX\x96\x05M\xd3\xd0\xd7\xd7\x87Gk\xbe\
\xcfF\xa1\x19\x8b=\x18\x11\xdc\x03\x98\xa1c\x1b;\xb0\
v\xedZ\xb8\x5c.X\x96\x05)%\x5c\xae\xf1\xaf{\
\xb2\xef\x03\xffK\xcf3\xf8RrWV\xca{\x04O\
\xe3\xe6\x9boFyy9|>\x1fL\xd3\x84\x94\xdf\
\x82\xa2(\x10B \x99L\xe2\xa1\x8e\x0elj\xae\xe0\
\xc9!.\x01r\xa9m\xdb\x00\xae\xbf\xfez\xb8\xddn\
\x98\xa6\x09EQ\xa0(J\xfa\xc6\x92n\xb7\x1b\xd1\x07\
\xc2\xd8\xb5k\x17\x0eU\xbf\x9eqy\x8f\x86_\xc0\xde\
\xbd{Q]]\x0d\xaf\xd7\x0b`\xfc\x7f\xa4\xa9\xaa\x0a\
UU!\x84\x80\xcf\xe7\xc3\x9a5k\xf0N\xdd(\xbe\
{\xf1\x0f<I\xc4\x00\xc8\x85\xc3\xab\x8fc\xe5\xca\x95\
\x00\xc6\xbf\xf4\xc1\xbe\x93\xac}%\xb6,\x0b\xba\xae\x03\
\x00\xc2\xe10\xd6\xaf_\x9fq\x99\xb5\xb5\xb5X\xb8p\
\xe1\xa42\xed\xd0\xb1%\x12\x09\x00\xc0UW]\x85\xba\
\xba:\x9e(b\x00\xe4Bee%,\xcbB<\x1e\
\x87\xaa\xaa\xd04\x0d\x86a@J\x99\x0e\x02UU\xd3\
\xb3\x81`0\x88\xc7?\xd2\x94Q\x99\x81\xc0\xf8\xfb\xd1\
RJh\x9a\x06!Dz\xd7\xda0\x8c\xf4\xe3d2\
\x09\xd34\xb1l\xd92\x9e(\x9a\x11\xee\x01\x5c!\xaf\
\xd7\x9b\x9er\xdb\x5c.\x17\xa4\x94\x93\x96\x03B\x08\x00\
@II\xc9\xf8\xd5;\x83\xaf\x83\x0f\x06\xc7w\xa6U\
UM?'\xa5\x84\x10\x02\x9a\xa6\xc14Mx<\x9e\
\xf4\xd2`\xfc\xef\x09\x9e,b\x00d\xdb\xc4Ah_\
\xe5\xed\xab\xbe=\x13\xb0\x07?0\xfe\xfe\xf2\xc4\xa9\xfa\
l\xc4\xe3\xf1\xf4@\xb7\xd7\xfc\xf6\x1e\x80\x1d\x06\x13\x97\
!\x99\x96G\x0c\x00\xba\xc2\x00P\x14%}\xe5\xd74\
-=\xe8\xed\x9f\xdb\x835\x13.\x97k\xca\x9a\xdf.\
\xc3^\x16\x18\x86\x91\xfe\xb9}\x1cD\xdc\x03\xc8\xb2d\
29i\x10\x9a\xa6\x99\x1e\x8c\x13\xaf\xfc\x96e\xc14\
\xcd)\xcf\xcf\xea\xe4|\xf0\x0eC*\x95\x82i\x9a\x93\
\xca\xb4\xd9e\x01\xc8\xdaw\xdc\x11g\x00tiCi\
\xda\xa4+\xfb\xa5\xd3\xed\x89a`\xcf\x162\x9d\x01\xd8\
\xbfoo.\xdaeN\x5c\x06\xb8\xdd\xee)\xcf\x11q\
\x06@D\x0c\x00\x22b\x00\x10\x11\x03\x80\x88\x18\x00D\
\xc4\x00 b\x00\x10\x11\x03\x80\xf2\xcf\xa5\x1f0\x22b\
\x00\x10\x11\x03\x80\x88\x18\x00D\xc4\x00 \x22\x06\x00\x11\
1\x00\x88\x88\x01@D\x0c\x00\x22b\x00\x10\x11\x03\x80\
\x88\x18\x00D\xc4\x00 b\x00\x10\x11\x03\x80\x88\x18\x00\
D\xc4\x00\xa0\xc9\xec/\xe2\x9cK\xf6=\x00.\xfd\xda\
\xaf\xe9\xee\x0d0\xd7\xc7F\x0c\x00\x9a\x870\x98\xed\xcf\
\x89\x18\x009\x1e\x84<&b\x00p\xf0\x131\x00(\
7\xa1c\x7f59Q6\xf0\xcbAg8 \xe7\xfa\
F\x9dv\x19\x97\x965\xdd\xb10\x18\x883\x00\xce\x12\
\x88\x18\x00\x1chD\x0c\x80\xac1M3\xfd^\xbc\xa2\
(H&\x93\x93>\x1b`\x9af\xfaq*\x95\x82i\
\x9a\x88\xc7\xe3\x19\x95\x19\x8f\xc7\xa1(\x0a\x84\x100M\
\x13\xc0\xf8\xfb\xfd\xaa\xaa\xa6\x9fSU\x15\x86a@\x08\
\x91qy\xc4\x00\xa0\xcbx\xef\xbd\xf7`\x9afz&\
\xe0\xf1x\x00\x00\xa9T*=('>6\x0c\x03{\
:6f\xa5l)%\x5c.\xd7\xa40\xb2\x03IJ\
\x09M\xd3 \x84\xc0\xf9\xf3\xe7y\xa2\x88\x01\x90\x0b\xaf\
\xbd\xf6\x1ab\xb1\x18\x84\x10H&\x93H\xa5R\x00\x90\
\x1e\xf8\x86a \x1e\x8fC\xd34H)\xd1\xda\xda\x9a\
q\x99\xaf\xbf\xfe:.^\xbc\x98\xbe\xca'\x12\x09H\
)\xa1(Jz6\x22\xa5\x84\x10\x02ccc8z\
\xf4(O\x141\x00r\xe1\xdb%\xf7\xe2\xa9\xa7\x9e\xc2\
\xb9s\xe7 \x84\x80\xa6i\x88F\xa3H&\x93\xe9\xab\
\xb1\xcf\xe7\x03\x00\xb4\xb6\xb6\xe2\xe0\xc1\x83\x19\x97\xb9\xef\
\xdcG\xf1\xca+\xaf \x1e\x8f\xc3\xe5rA\xd34\x98\
\xa6\x09)%\xa2\xd1hz6\xd2\xdf\xdf\x8f\x86\x86\x06\
<l\xee\xe5\x89\xa2\x19\x11\xfe\xdf\x0cswk\x86~\
\xa6\xfc\x0d\x91H$=\x03\xb0,\x0b\xa6i\x22\x16\x8b\
\xe1\xe4\xc9\x93\xf8i\xd5\xd7\xb2^\xe6\xaf\xbc\x0d\x88D\
\x22\xd0u=\xbd/\xa0\xeb:FGG\xf1\xe5\xd4m\
<)4c\xb1\x07#\x82\x01@\xe4\xe0\x00\xe0\x12\x80\
\x88{\x00D\xc4\x00 \x22\x06\x00\x111\x00\x88\x88\x01\
@D\x0c\x00\xa2\x22\xf4\x9d\x91\xdf\xe1\xb9\xeb\xdea\x00\
\x109Q \x10\xc0\xda\xb5k\x19\x00DN\xa5i\x1a\
.\xdc_\xca\x00 r\x22!\x04\x5c.\x17\xde\xff\x5c\
\x90\x01@\xe4T\xaa\xaab\xe4\xb3\x01\xfc\xe7\xa6A|\
\xb3\xf7\x17\x0c\x00\x22'.\x07\xaa\xab\xabq\xe0\xc0\x01\
|o\xf4\x8f\x0c\x00\x22\xa7q\xb9\x5c\xa8\xae\xae\xc6\xae\
]\xbb\xf0\x83\xc4\xe3\x0c\x00\x22\xa7\x86@}}=~\
b\xfe\x85\x01@\xe4\xc4\x10\xa8\xaa\xaa\xc2-\xb7\xdc\x82\
\x1f\xcb'\x19\x00DN\xdc\x13X\xb2d\x09v\xef\xde\
\x8d\x1f\xa5\x9e`\x00\x1091\x04***p\xc7\x1d\
w\xe0\x87\xfa\x9f\x19\x00DN\xa3(\x0a\xc2\xe10\xee\
\xbe\xfbn<\x82\xa7\x19\x00DN#\x84@(\x14\xc2\
\x9dw\xde\x89_z\x9ea\x00\x109Q \x10\xc0m\
\xb7\xdd\x86\xdf\x07\x1b\x19\x00DN\x14\x0c\x06Q__\
\x8f\x83\x15\xcd\x0c\x00\x22\xa7\xce\x04\xb6o\xdf\x8e\x86k\
\xdfd\x00\x109QII\x09jkk\x0b\xf6\x9e\x02\
\x0c\x00\xa2\x0c\x08!PZZ\x8a\x9a\x9a\x1a4\xddp\
\x86\x01@\xe4\xc4\x10\xf0\xfb\xfdX\xb3fM\xc1\x85\x00\
\x03\x80(K!\xe0\xf3\xf9\xb0n\xdd:\x06\x00Q\xa1\
\x0d\xdel\xbd\x8e\xc7\xe3\xc1\xd0\xbd%\x0c\x00\xa2B\xe0\
\xf1x\xe0r\xb9\xb2\xfe\x9a\x83\xf7\xf8\x18\x00D\xf9\xce\
\xe7\xf3e=\x00\x00\xc0\xeb\xf5\x16\xc4L@\xf9\xb9z\
\x88\xbd\x80\x1c+\x18\xcc\xdd}\x00\x0ba9\xa0l\xd8\
\xb0\x81\xbd\x80\x1c\xab\xa2\xa2\x22\xe7K\x8c\xe1\xfb\xfcy\
W\xef\xf6\xfa\xb1\xf1\x00X\xb1b\x05{\x019\xd6\xb2\
e\xcbr^\x86\xdb\xed\xce\xbb\xdb\x8e/]\xbat<\
\x00\xc2\xe10{\x019\xd6\xa2E\x8b\xe6\xa4\x1c\xfb\xb6\
\xe3\xef\xeeJ\xe6\xd7\x12\x00\x00\xfe\xbe\xfc\x0d\xf6\x04r\
\x9c\xa3\xb5\xef\xcdiy\xaa\xaa\xa2\xbc\xbc\x1c\x9d\xb7\xcf\
o\xbd\xa3\x0f\x84'\x07\xc0\x96-[\xd8\x1b\xc8q\x96\
/_>\xe7e\x0a!\x10\x0e\x87qn\x9f5/u\
~k\xc7\x85\xa93\x80\x92\x92\x12\xf6\x06r\x9cP(\
4oe\x87\xc3\xe1y\x99\x09\x5c\x1az\xe9\xcf\x01t\
\xed\x17\xec\x11\xe4\x18\xdd\x9fQ\xb2\xf6\x09\xc0\xd9\xce\x04\
B\xa1\x10:\xf6\xc89+\xf3\xc2\xfd\xa5S\xea\x9c\x0e\
\x80`0\x88\xc6\xb5'\xd83\xa8\xe8\xfd\xf7\x93#\x08\
\x04\x02\xf3~\x1cB\x08D\x22\x919Y\x0e\x0c\xde3\
\xfd\x07\x9e\xd2\x01\xa0(\x0ajjj\xd8;\xa8\xe8-\
Y\xb2\x04\x8a\x92\x1f\x1f\x82U\x14\x05\xa1P\x08}\x07\
\x5c9y\xfd\xb7v\x5c\xc0\xe0=>x\xbd\xde\xe9\xcb\
\x9f\xf8\xc0\xef\xf7\xe3\xf4n\x9d=\x84\x8a\x9a\xc7\xe3\xc9\
\xab\xe3Q\x14\x05\xa5\xa5\xa5\x18\xba\xb7\x04on\x1f\xce\
\xda\xeb\x9e\xdbg\xa1\xaa\xaa\xea\xb2\x83\x1f\x00\x84eY\
\x93\xe6\x1fRJtww\xe3\xba\xe7\x02\xec)Tt\
\xeb\xfe@ \x907W\xff\xe9\x98\xa6\x89X,\x86\xee\
\xeenl<V>\xe3\xdfo\xdet\x16\x91H\x04\x95\
\x95\x95\x1f\xba\xc7!\x84\x10S\x02\x00\x00t]GW\
W\x176\xbc\xc0\x0f\x09Q\xf1\x18\xfd|h^7\xfe\
f\xca0\x0c\x0c\x0d\x0dapp\x10\xd1h\x14\xba\xae\
\xc30\x0c\x18\x86\x81\xdb;o\x9c\xf4o\xdb\xb6\x0d\xa0\
\xac\xac\x0c\xe1p\xf8\x8a\xebx\xd9\x00\xb0C \xf2X\
\x8c\xbd\x86\x0a\xde\x89\x9dQTVV\x16|=,\xcb\
\x82\x94\x12RJX\x96\x05M\xd3\xa0\xaa\xea\xacC\xed\
\xff\x06\x80\xbd\x1c\x18\x18\x18\xc05\xcfx\xd8\x8b\xa8 \
u\xec\x91(++cC\xcc&\x00l\xd1h\x14\xcd\
\xcd\xcdS\xa6\x1dD\xf9\xac\xff.7\xfc~?\x1b\x22\
\xd3\x00\xb0\x1d?~\x1c---\xf8\x8a\xb5\x8f\xadG\
ym\xe2\xe7\xdd)K\x01\x00\x00\x89D\x02\xed\xed\xed\
x\xf6\xd9g\xf1\xfd\xc8\x83lE\xca\x1b\xed\xf5c(\
//\x87\xa6il\x8c\x5c\x05\x80M\xd7u\xf4\xf4\xf4\
`\xdd\xf3\x0b\xd8\x924o\x9eX\xfc2\xb6l\xd9\x82\
H$\xc2\xc6\x98\xcb\x00\xb8Tgg'\x8e\x1f?\x8e\
\xfd]\x9b\xd9\xb2\x94S\xcf\xaf;\x89U\xabVq\xd0\
g!\x00\xfe\x07\xa7d\x19s\x0f\x14\x80\x1c\x00\x00\x00\
\x00IEND\xaeB`\x82\
\x00\x00\x17O\
\x89\
PNG\x0d\x0a\x1a\x0a\x00\x00\x00\x0dIHDR\x00\
\x00\x02\x00\x00\x00\x02\x00\x08\x06\x00\x00\x00\xf4x\xd4\xfa\
\x00\x00\x00\x04sBIT\x08\x08\x08\x08|\x08d\x88\
\x00\x00\x00\x09pHYs\x00\x00\x0e\xc4\x00\x00\x0e\xc4\
\x01\x95+\x0e\x1b\x00\x00\x00\x19tEXtSof\
tware\x00www.inksca\
pe.org\x9b\xee<\x1a\x00\x00\x16\xccID\
ATx\x9c\xed\xdd}\xac%\xf7Y\xd8\xf1g\xe6\x9c\
s\xdf\xbdo\xde\xf5\x06{\x1d\xbb\xc2\x10 @\x8aB\
\x8a\xd2\x94\xd6\xd0\xd4\x0eu\x13P1\x0e\x88\xa2F\x15\
\x95R)\x14\xb5H(5\xd8\xd9\x06\x8bRb\x93\xa8\
*Q%\x17\x03\x12PR!Z5m!M\x8a\xe2\
8M\x14Q\x82h\xa48\x09$!\xb6\x13\xbf\xacw\
m\xef\xdd{\xefy\x99\x99_\xffp\x9b\xf8f\xed\xfb\
\xb6\xf7\x9c9\xe7\xfc>\x9f\xbf\xd6\xbb\xe7\xdcy|\xef\
93\xdf33w&\x02\x00\x00\x00\x00\x00\x00\x00\x00\
\x00\x00\x00\x00\x00\x00\x00\x00\x00\x00\x00\x00\x00\x00\x00\x00\
\x00\x00\x00\x00\x00\x00\x00\x00\x00\x00\x00\x00\x00\x00\x00\x00\
\x00\x00\x00\x00\x00\x00\x00\x00\x00\x00\x00\x00\x00\x00\x00\x00\
\x00\x00\x00\x00\x00\x00\x00\x00\x00\x00\x00\x00\x00\x00\x00\x00\
\x00\x00\x00\x00\x00\x00\x00\x00\x00\x00\x00\x00\x00\x00\x00\x00\
\x00\x00\x00\x00\x00\x00\x00\x00\x00\x00\x00\x00\x00\x00\x00\x00\
\x00\x00\x00\x00\x00\x00\x00\x00\x00\x00\x00\x00\x00\x00\x00\x00\
\x00\x00\x00\x00\x00\x00\x00\x00\x00\x00\x00\x00\x00\x00\x00\x00\
\x00\x00\x00\x00\x98sE\xdb\x03\xcc\xa37\x9eM+\xc3\
\xd5\xc1_Oe\xfa\x9e2\xc5\xb7\xa6\x88k#\x8a#\
m\xcf\xb5\x17\x8f|\xe9\x91W\xa4\x14e\xdbs\x1c\x96\
\xef\x7fe\xaf\xf3\xa3\xaf]\xec\xb5=\x07\x8cO\x8a\xd5\
r}/\xef\xd9t\xe7\xff\xb8\xf1\x93/\xf1O\xcfD\
\xc4\xe3\xa9\x88\xcf\x16\xd1\xf9\xaf\x1f\xf8\x99\x85?;\xcc\
\x09\x99N\xdd\xb6\x07\x98\x17g\xcf\xa6\xf2cW\x0d\xfe\
n\xd1\xc4[\x86E\xff\xb6\x88X*RD\xfa\xea#\
\xd2K?y\x8a\x8cF\xa3h\x9a\xa6\xed1\x0e\xcd\xea\
B\x197\x9d\x9e\x9b\x9e\x81\xcb\xa4\x94\xe2\xe9\xf3\xd5\xae\
\x8f+\x8a\xa2\x88H\xaf\xde\xf11)\x22\xa2\xbe\xe7\xd6\
{\xb7\xfe2\xa2xO\xb9\xb0\xf8\xef\xfe\xe0\x9f\x16\x83\
\xc3\x99\x94ic\xcdx\x08n}\xd7\xe6\x1d\x1f_\xeb\
\x7f\xaaH\xe9\xfdQ\xa4\x1f\x8e\x88\xa5\xb6g\x02\xb8\x02\
7F\xa4\xf74\xc3\xfeg\xdep_\xffMm\x0f\xc3\
x\x08\x80+\xf0\x86wo\xddx\xeb\xbd[\x1f\x8a\xa2\
x_D|[\xdb\xf3\x00\x1c\xb2\x1bSJ\xff\xf9\x96\
\xfb\xb6\xde\x11)9d<g\x04\xc0\x01\xdd\xfa\xae\xc1\
\x0f\xa6:\xfdiD\xfc\xed\xb6g\x01\x18\xa3\xa2Hq\
\xf6\xd6\xfb\xfa\xbf}\xf3\xd9\xe4\xb0\xf1\x1c\x11\x00\x07p\
\xcb}\xfd\x7f\x12E\xf3\xfb\x11\xc5\xb1\xb6g\x01\x98\x90\
\x1f[Z\x1b\xfc\x07\x110?\x04\xc0>\xddzo\xff\
\xadEJ\xef\x0d\xdf; 3)\xd2\xed\x22`~\xd8\
\x88\xed\xc3-\xf7n\xfcPD\xfa\xd5\xb6\xe7\x00hK\
\x8at\xfb\xe2\x9a\xc3\x01\xf3@\x00\xec\xd1\xeb\x7fi\xeb\
\xe5E\x94\xbf\x16\xbeg\x00w\xd8\x130\xfbl\xcc\xf6\
\xa8\xd3\x8d\x07\x22\xe2D\xdbs\x00L\x03\x87\x03f\x9f\
\x00\xd8\x83[\xdf\xb5yG8\xdb\x1f`\x1b\x87\x03f\
\x9b\x00\xd8MJE\x14\xc5]m\x8f\x010\xa5\x1c\x0e\
\x98Q\x02`\x17\xb7\xfc\xca\xe0\xb6\x88\xf8\xf6\xb6\xe7\x00\
\x98V\xf6\x04\xcc&\x01\xb0\x8b\xa2\x89\xb7\xb4=\x03\xc0\
\x0c\xb0'`\xc6\x08\x80\x1d\xbc\xf1lZ\x89\x22\xdd\xd6\
\xf6\x1c\x00\xb3\xc0\x9e\x80\xd9\x22\x00v0X\x1b\xbc.\
\xdc\xd8\x07`?\xec\x09\x98\x11\x02`\x07e\xa4\xefi\
{\x06\x80YcO\xc0l\x10\x00;\xfb\x96\xb6\x07\x00\
\x98Q\xf6\x04L9?\x98\x1d4)\xce\x14n\x80\x09\
s\xe9\x89\xe7R|\xf6\xc9\x14\xcfn\xa6h\x9a\xf1.\
\xabn\x22\xfe\xe4\x0b[_\xfd\xefc+\x9dx\xc57\
t\xe2\xb6W\xf5\xa2\xd7\x9d\xdf\x95\xcc\xff\xdb\x13\xd0\xdc\
|6\xfd\xf8\x87\xcf\x16U\xdb\xf3\xb0\x9d\x00\xd8AQ\
\x14k\x11\xa9\xed1\x80C\xf4\x17O\xa5\xf8\xf5\xffU\
\xc5\xa7\x1f\x9f\xdc{;5)\x9e>\xb7\xb5\xed\xef\xde\
\x1f\x11\xef\xf9oE\xbc\xfe;W\xe2\xce7\xadD9\
\xbf\xfbc\xefXZ\x1b\x947\x9fM?&\x02\xa6\xcb\
\xfc\xbe\xe4\x0eEr\x02 \xcc\x91\x87\xfe\xbc\x89\x7f\xf1\
\x9fF\x13\xdd\xf8\xef\xa4\xaaS\xfc\xe1\x9fn\xc4\x9b\xff\
\xed\xb31\x18\x8dy7D\x8b\x9c\x130\x9d\x04\x00\x90\
\x85\xcf<\xd1\xc4\xbf\xf9\xa3:\xaa\xba\xedI.\xf7\xf8\
\xf9Q\xbc\xed77\xda\x1ec\xdc\x9c\x130e\x04\x00\
0\xf7R\x8a\xb8\xff#uT\xf5t|\xf2\x7f1\x0f\
?\xda\x8f\x0f\x7ff\xbe\xf7\x90\xbb\x81\xd0t\x11\x00\xc0\
\xdc\xfb\x8b\xa7R|\xe1\xe9\xe9\xdd\xf8\xff\x7f\xbf\xfd\xd1\
\xad\xdd\x1f4\xe3D\xc0\xf4\x10\x00\xc0\xdc{\xf8\x89\xd9\
8\xbe\xfe\xa5s\xa3\xb6G\x98\x08\x110\x1d\x04\x000\
\xf7\x9e\x99\x91\xc3\xeb\xfd9>\x11\xf0\xeb\xa5H\xb7/\
\xae\x0e~\xf7\x07~*-\xb6=K\xae\x04\x000\xf7\
\xeaY\xd9\xaeN\xffQ\x8a\xc3U\xa4\x1f\x1e]\x7f\xe9\
\xbf\xbc\xf6\x9f=\xba\xdc\xf6(9\x12\x00\x00\xb4\xa6S\
toY:\xb9\xf6\xe1\x9b\xcf\xfa\xb5\xebI\x13\x00\x00\
\xb4\xa7\x88\xe8\xf6z\x7fmT<\xf1Y{\x02&K\
\x00\x00\xd0\xaa\xb2\xecD\xa7\xec\xbd\xbcsl\xe1s\x22\
`r\x04\x00\x00\xad[\x5c\x5c\x8aQ58S\x1c\xeb\
~\xce\xe1\x80\xc9\x10\x00\x00\xb4\xae,;\xd1\xe9t\xa3\
\xaeFg\xaa\xe2\xa9?\xb7'`\xfc\x04\x00\x00S\xa1\
\xd7]\x88\x88\xb0'`B\x04\x00\x00S\xa1,;_\
\xfd\xb3=\x01\xe3'\x00\x00\x98\x0a\xe5\xd7\xdd\x13yT\
\x0d\xce81p|\x04\x00\x00S\xa1(/\xdf$9\
\x1c0>\x02\x00\x80\xe9\xf0\x12WBt8`<\x04\
\x00\x00S\xcf\xe1\x80\xc3'\x00\x00\x98\x09\x22\xe0p\x09\
\x00\x00f\x86\x088<\x02\x00\x80\x99\x22\x02\x0e\x87\x00\
\x00`\xe6\x88\x80+'\x00\x00\x98I\x22\xe0\xca\x08\x00\
\x00f\x96\x0888\x01\x00\xc0L\x13\x01\x07#\x00\x00\
\x98y\xa3jp\xa6<\xd6{8\xce&\xdb\xb5=\xf2\
\x8d\x02`.T\xd5\xf0\x86\xbf\xd1y\xf2\x7f\xb6=\xc7\
\xac\x10\x00\x00\xcc\x8d\xd1hx\xf3\xdf|\xe7\xd3\xbf\xd0\
\xf6\x1c\xb3@\x00\x000?R\xc4\xa8\x1a\xbc\xfd\x07\xce\
\x9e?\xd2\xf6(\xd3N\x00\x000W\x9aTw/\x95\
\xd5\x03m\xcf1\xed\x04\x00\x00s\xa7\xaa\xab\x1fl{\
\x86i'\x00\x00\x98;MSw\xbf\xf7\x17\x9f\xf9\xa1\
\xb6\xe7\x98f\x02\x00\x80\xb9\x94\xaa\xfe[\xdb\x9ea\x9a\
\x09\x00\x00\xe6S*nj{\x84i&\x00\x00\x98K\
M4\xc7\xda\x9ea\x9a\x09\x00\x00\xe6SJ+m\x8f\
0\xcd\x04\x00\x00\xf3)E\xd1\xf6\x08\xd3L\x00\x00@\
\x86\x04\x00\x00dH\x00\x00@\x86\x04\x00\x00dH\x00\
\x00@\x86\x04\x00\x00dH\x00\x00@\x86\x04\x00\x00d\
H\x00\x00@\x86\x04\x00\x00dH\x00\x00@\x86\x04\x00\
\x00dH\x00\x00@\x86\x04\x00\x00dH\x00\x00@\x86\
\x04\x00\x00dH\x00\x00@\x86\x04\x00\x00dH\x00\x00\
@\x86\x04\x00\x00dH\x00\x00@\x86\x04\x00\x00dH\
\x00\x00@\x86\x04\x00\x00dH\x00\x00@\x86\x04\x00\x00\
dH\x00\x00@\x86\x04\x00\x00dH\x00\x00@\x86\x04\
\x00\x00dH\x00\x00@\x86\x04\x00\x00dH\x00\x00@\
\x86\x04\x00\x00dH\x00\x00@\x86\x04\x00\x00dH\x00\
\x00\x8cY\x8a\xd4\xf6\x08p\x19\x01\x000fu-\x00\
\x98>\x02\x00`\xcc\x86\x83Q\xdb#\xc0e\x04\x00\xc0\
\x18\xa5\x94\xa2\xbf5l{\x0c\xb8\x8c\x00\x00\x18\xa3K\
\xeb\xfdh\x1a\x87\x00\x98>\xdd\xb6\x07\x00\x98K)b\
}}\xcb\xa7\x7f\xa6\x96\x00\x008D)\xa5\x18\x0cF\
\xb1yi\x18u]\xb7=\x0e\xbc$\x01\x00\xcc\xbdO\
}\xa9\x1f\xcf\x5c\x18\x8c}9M\x93\xa2\xa9\x9b\xb1/\
\x07\x0e\x83\x00\x00\xe6\xdef\xbf\x89j\xe4\xd38\xbc\x90\
\x93\x00\x01 C\x02\x00\x98{\x8b\xbd\xa2\xed\x11\xf6\xa4\
\xb4Ff\x82\xbc\xdc\x80\xb9w\xed\xf1\xd9\x08\x80\x95\xc5\
N\xdb#\x90\x11\x01\x00\xcc\xbd7\xbdz\xb9\xed\x11\xf6\
\xe4\x95\xd7\xf7\xda\x1e\x81\x8c\x08\x00`\xee}\xdb\xb5e\
\x9c9\xb5\xd0\xf6\x18;*\xca\x22\xde\xf6wf#T\
\x98\x0f\x02\x00\xc8\xc2=?\xb2\x16\xdd\xee\xf4\xae\xf2n\
\x7f\xedj\xdcp\xd2!\x00&gz\xdf\x0d\x00\x87\xe8\
\xa6\xd3\x9dx\xd7?8\x16\x8b\xbd\xe9[\xed\xfd\xbd\xef\
^\x89\x9f\xbe\xc5\xa7\x7f&k\xfa\xde\x09\x00c\xf2\x9a\
\xbf\xd2\x89\xdf\xff\x99\x13\xf1\xbao]n=\x04\xca\x22\
\xe2\x86k\x16\xe2W\xfe\xe1\x89x\xfb\x1bW[\x9d\x85\
<\xb9\x10\x10\x90\x95\xa3\xcbE\xfc\xeb\x1f]\x8b\x88\xb5\
x\xecB\x8a\xbf|\xba\x8aI\xdf\xad\xf7\xfa\xab;q\
\xc3\xd5qH\x11\xe2FC\x1c\x8c\x00\x00\xb2u\xe6D\
\x11gN\xcc\xf6\x99\xf7\xb5;\x0dr@\x0e\x01\x00\xcc\
\xb0\xe4\xde\x03\x1c\x90\x00\x00\x98a\x95;\x0er@\x02\
\x00`\x86\x0dF\xe3\xbf\xcb!\xf3I\x00\x00\xcc\xa8\x94\
RT\xa3\xaa\xed1\x98Q\x02\x00`FmmmE\
JN\x02\xe4`\x04\x00\xc0\x0cj\x9a&6\xb7\xb6\xda\
\x1e\x83\x19&\x00\x00f\xd0\xa5\x8d\x0d\x9f\xfe\xb9\x22\x02\
\x00`\xc6lnn\xc5`\xe0\xe4?\xae\x8c\x00`\xbb\
\xd9\xb8m\xfa\x9e9?\x8ay\xd3\xef\x0fbcs\xa3\
\xed1\x98\x03\x02\x80m\xba\x9d\xf9\xba8\xe4\x85\x0d\x17\
Ia>\xa4\x94\xe2\xd2\xe6F\xac_Z?\xd0\xf3\x9b\
du\xcfv\xf3\xb5\xb6\xe7\x8au\xba\x9d\x88a\xdbS\
\x1c\x9e\xf3\xeb.\x92\xc2\xec\x1b\x8dF\xb1\xb1\xb1\x11\xa3\
\xea\xe0\xbb\xb4\x86\xf5\x9c\xed\xde\xe3\x8a\x09\x00\xb6Y\x5c\
X\x88\xad\xcd\xf99\xb3\xf8\xd1\xf3MTu\x8an\xc7\
\xca\x8f\xd9\xd2\xa4\x14\xc3\xe10\x86\x83A\x0c\x86W^\
\xe5\xcflu\x0ea*\xe6\x89\x00`\x9b\xd5\xb5\xd5x\
\xf6\xd9\xe7\xda\x1e\xe3\xd0\x5c\xea7\xf1\xd8\xb9\x8bqb\
\xb5\x88N\xd9\x89\xa2,\xa2Hb\x80\xe9\xd4\xa4\x14M\
\xd3D\xddT1:\xe4\x13X\xfe\xf7cn9\xccv\
\x02\x80m\x96\x97\x97\xa3,;\xd14\xf3\xb3\xeb\xfc\xd3\
_\x8ex\xcd\x0dst\x5c\x03\xf6\xab(\xe2\x13\x8f\x1e\
m{\x0a\xa6\x8c\xb3B\xd8\xa6(\x8a8v|\xbeV\
\x14\xf7\x7fx\x14Q\xf8\xd4O\xbe\xbexa)\x06\x8d\
\xd5=\xdbyEp\x99\x13\xc7\x8f=\x7f2\xe0\x9c8\
w1\xc5'\x1f\xb1\xb3\x8bL\x15e\xfc\xd6\x9f\x9dn\
{\x0a\xa6\x90\x00\xe02EY\xc6\xa9\x93'\xdb\x1e\xe3\
P\xdd\xfb\xdf\x87Q\xa5\xf9\x89\x1a\xd8\xab\x87\xbe\xb8\x16\
\xeb\x03\xaf}.'\x00xQW\x1d\xb9*\x8e\x1f?\
\xd6\xf6\x18\x87fk\x18\xf1s\xbf\xd7D\x14^\xf2\xe4\
\xe3\x91g\x97\xe2\xfd\x9f=\xd5\xf6\x18L)kC^\
\xd2\xd5\xa7N\xc6UG\xaej{\x8cC\xf3\xb9'\x9a\
x\xcf\x07\x0b\x11@\x16.\xf4\x17\xe3W\xff\xf8\xba\xb6\
\xc7`\x8aY\x13\xf2\x92\x8a\x88x\xd9\xcbN\xc7\xa9S\
'\xa3\x98\x93\x93\xe8\x1e|\xb8\x8a\x9f\xfb\xbdp8\x80\
\xb9U\x14E|\xe6\xe9\x95\xf8\xa5\x07\xcfDr!L\
v \x00\xd8\xd5\xb1\xe3\xc7\xe2\xcc\xf5\xd7\xc5\xd2\xd2R\
\xdb\xa3\x1c\x8aO\x7f\xa5\x8e\xb7\xdc_\xc7\xc3Ov\xe7\
&l \x22b\x98\xba\xf1\xbeO\x9d\x8c\x07\xfe\xe4\x1b\
\xda\x1e\x85\x19\xe0\xd4h\xf6dii)\xae\x7f\xf9\x99\
\xd8\xd8\xd8\x88\xf5\x8b\xeb\xb1\xb1\xb1\x19M3\xbb\x1f/\
6\x06)\xee\xfc\x8f\xa3\xb8\xeeD\x11o{}/\xbe\
\xf9t\x1de\xcc\xee\xff\x0f\xf9*\xa2\x88\x8b\xc3n|\
\xfcK\xab\xf1\xa1/\x5c\xdd\xf68\xcc\x10\x01\xc0\xbe\xac\
\xae\xae\xc6\xea\xeaj\xa4\x94\xa2\xdf\xef\xc7hTE]\
\xd5Q\xd7\xb3y\xe1\xa0\xcd\x14\xf1\xcb\x1f|\xfe\xcf7\
]\xd3\xc4w\xdf\xd8\xc4\xc9\xd5\x14\xc7W\x9a\xe8v\xdc\
k\x9d\xe9t\xa9_\xc63\xfdn<\xb9\xde\x8bO>\
~U\x0cj\x87\xb4\xd8?\x01\xc0\x81\x14E\x11\xcb\xcb\
\xcb\xb1\xbc\xdc\xf6$\x87\xe7\xd9\x14\xf1\xa1/\xb6=\x05\
\xc0d8\x07\x00\x002$\x00\x00 C\x02\x00\x002\
$\x00\x00 C\x02\x00\x002$\x00\x00 C\x02\x00\
\x002$\x00\x00 C\x02\x00\x002$\x00\x00 C\
\x02\x00\x002$\x00\x00 C\x02\x00\x002$\x00\x00\
 C\x02\x00\x002$\x00\x00 C\x02\x00\x002$\
\x00\x00 C\x02\x00\x002$\x00\x00 C\x02\x00\x00\
2$\x00\x00 C\x02\x00\x002$\x00\x00 C\x02\
\x00\x002$\x00\x00 C\x02\x00\x002$\x00\x00 \
C\x02\x00\x002$\x00\x00 C\x02\x00\x002$\x00\
\x00 C\x02\x00\x002$\x00\x00 C\x02\x00\x002\
$\x00\x00 C\x02\x00\x002$\x00\x00 C\x02\x00\
\x002$\x00\x00 C\x02\x00\x002$\x00\x00 C\
\x02\x00\x002$\x00\x00 C\x02\x00\x002$\x00\x00\
 C\x02\x00\x002$\x00\x00 C\x02\x00\x002$\
\x00\x00 C\x02\x00\x002$\x00\x00 C\x02\x00\x00\
2$\x00\x00 C\xdd\xb6\x07`\xb6\x9cX\x8d\xf8\xae\
\xeb\x9bx\xd9\x91\x14\xc7W#\x16:\xa9\xed\x91`.\
\x15\x91\xe2\xfa\xa3\xc3\x1d\x1fS\xa5\x88\x8d~\x8a\xf5\xcd\
Q|\xe0sk\xf1\xa9\xaf\xf4&4\x1d\xf3@\x00\xb0\
'\xaf:\xd3\xc4\xed\xafn\xe2\x9bO\xa7(\xda\x1e\x06\
2\xb1\xb1Q\xed\xfa\x98\xe3\x8bM\x9c\xaf/\xc4O|\
\xc7\x85\xe8|\xd7B\xfc\x9f\xa7\x8e\xc6o\xfe\xf1\x91\x09\
L\xc7\xac\x13\x00\xec\xe8\xc8R\xc4\xdb\xbe\xbf\x8e\xbfz\
\xa6i{\x14\xe0E\x14\xc5\xd7\x92\xbc\xae\x86\xf1\xca\x13\
\xe7\xe2\xbe\xdb.\xc6{?\xf1\xb2\xf8\xfc\xd3V\xf1\xbc\
4\xe7\x00\xf0\x92^~\x22\xc5\xbf\xfa\xfb\x95\x8d?\xcc\
\x98\xba\x1a\xc4[_\xf3h|\xdf7\xf5\xdb\x1e\x85)\
&\x00xQ\xc7W\x22\xee|C\x15\xa7\xd6\x1c\xe3\x87\
Y\x94\x9a&n\xbb\xe9\xf1\xf8\x8e\xebv>\x8f\x80|\
\x09\x00.\xd3)#~\xf6\xd6*N\xac\xb5=\x09p\
%\x9a\xa6\x89\xb7\xbc\xea\x89Xt\xb2./B\x00p\
\x99\xef{E\x13\xdfx\xca\x0a\x03\xe6A]\x8f\xe2\xa7\
\xbf\xf7B\xdbc0\x85\x04\x00\xdb\xf4:\x11?\xf2\xea\
\xba\xed1\x80Ct\xcd\xf2\xc5XYt.\x0f\xdb9\
E\x94m\xbe\xfd\xda&\x8e\xaf\xec\xfe\xb8^\xb7\x1b\x9d\
N'\x8aRC\xce\xa2\x94RT\xa3QT\xf5\xdec\
\xaf(\x8a\xe8\xf5z\xd1)\xcbH\x11\xfb~>\xedi\
\x9a&\xee\xf8\xceK\xf1\x1b~=\x90\x17\x10\x00l\xf3\
\x9a\x1bw\xdf\xf5\xbf\xb2\xbc\x1c\xdd\xae\x97\xce\xac[\xe8\
\xf5b8\x1cF\x7f0\xd8\xf5\xb1eY\xc6\xca\xf2r\
\x94/\x08\xbe\xfd<\x9f\xf6}\xcb\xc9\x8d\x88\x10\x00|\
\x8d\x8fols\xc3\xd5;\x07\xc0\xe2\xe2\xa2\x8d\xff\x1c\
YXX\xd8\xd3\xcfsyii\xdb\xc6\x7f\xbf\xcf\xa7\
}\xbdb\xd4\xf6\x08L\x19\x01\xc06\xbb\xed\xfe\xefY\
\xd9\xcf\x9d\xdd~\xa6eYF\xa7\xd39\xf0\xf3\x99\x0e\
)9\x07\x80\xed\x04\x00\xdb\xac-\xed\xfc\xef/\xbc\xea\
\x18\xf3a\xb7\xf38v\xfb\x99;\x0fd6\x08\x00\xbe\
\x9ew.\xdb\xd8\xbc\xe7\xa7\xd9\xe5D\xbe\xa6\xd9y\xc3\
\xb1\xdb\xf3\x81\xe9$\x00 c)\xa5\x18\x8ev>6\
\x9cR\x8a\xe1\xf0\xc5\xaf&\xb7\x97\xe7\x03\xd3\xc9\xc1;\
\xc8T\xd34\xb1\xd5\xef\xef\xfa\x09?\x22\xa2?\x18D\
\x8a\x88\xc5\x85\x85\x03=\x1f\x98>\x02\x80C\xb5\xd5\xef\
G$W\x11\x9cvMJQ\xefs\xd7\xfd`0\x88\
\xe1p\x18\x9dN'\xd2\x01\x9e\x0fL\x17\x01\xc0\xa1\xaa\
\xaa*\x92\x00\x98[)\xa5\xa8\xaa\xdd\xefQ\x0fL?\
\xe7\x00\x00@\x86\x04\x00\x00dH\x00\x00@\x86\x04\x00\
\x00dH\x00\x00@\x86\x04\x00\x00dH\x00\x00@\x86\
\x04\x00\x00dH\x00\x00@\x86\x04\x00\x00dH\x00\x00\
@\x86\x04\x00\x00dH\x00\x00@\x86\x04\x00\x00dH\
\x00\x00@\x86\x04\x00\x00dH\x00\x00@\x86\x04\x00\x00\
dH\x00\x00@\x86\x04\x00\x00dH\x00\x00@\x86\x04\
\x00\x00dH\x00\x00@\x86\x04\x00\x00dH\x00\x00@\
\x86\x04\x00\x00dH\x00\x00@\x86\x04\x00\x00dH\x00\
\x00@\x86\x04\x00\x00dH\x00\x00@\x86\x04\x00\x00d\
H\x00\x00@\x86\x04\x00\x00dH\x00\x00@\x86\x04\x00\
\x00dH\x00\x00@\x86\x04\x00\x00dH\x00\x00@\x86\
\x04\x00\x00dH\x00\x00@\x86\x04\x00\x00dH\x00\x00\
@\x86\x04\x00\x00dH\x00\x00@\x86\x04\x00\x00dH\
\x00\x00@\x86\x04\x00\x00dH\x00\x00@\x86\x04\x00\x00\
dH\x00\x00@\x86\x04\x00\x00dH\x00\x00@\x86\x04\
\x00\x00dH\x00\x00@\x86\x04\x00\x00dH\x00\x00@\
\x86\x04\x00\x00dH\x00\x00@\x86\x04\x00\x00dH\x00\
\x00@\x86\x04\x00\x00dH\x00\x00@\x86\x04\x00\x00d\
H\x00\x00@\x86\x04\x00\x00dH\x00\x00@\x86\x04\x00\
\x00dH\x00\x00@\x86\x04\x00\x00dH\x00\x00@\x86\
\x04\x00\x00dH\x00\x00@\x86\x04\x00\x00dH\x00\x00\
@\x86\x04\x00\x00dH\x00\x00@\x86\x04\x00\x00dH\
\x00\x00@\x86\x04\x00\x00dH\x00\x00@\x86\x04\x00\x00\
dH\x00\x00@\x86\x04\x00\x00dH\x00p\xa8RJ\
m\x8f\x00\xc0\x1e\x08\x00\xf6e\xa7\x0d\xbc\x8d?\xc0\xec\
\x10\x00\xec\xcbp4:\xd0\xbf\x010]\x04\x00\xfb2\
\x1c\x0ec\xf4\x22\x1b\xfa\xaa\xaab0\x18\xb40\x11\x00\
\x07\xd1m{\x00f\xcfV\xbf\x1f\xc3\xd1(z\xdd\xe7\
_>U]GUU-O\x05\xc0~\x08\x00\x0e\xa4\
\xae\xeb\xa8\xeb\xba\xed1\x008 \x87\x00\x00 C\x02\
\x00\x002$\x00\x00 C\x02\x00\x002$\x00\x00 \
C\x02\x00\x002$\x00\x00 C\x02\x00\x002$\x00\
\x00 C\x02\x00\x002$\x00\x00 C\x02\x00\x002\
$\x00\x00 C\x02\x00\x002\xe4v\xc0\x13\x96R\x8a\
&\xa5\xb1}\xfdNYDD1\xb6\xaf\x0f\xe4*E\
\xdd\x8co\xddU\x16\xd6[\x93&\x00&dss3\
\x9e>w>\x86\xc3a\xa41\x06@Y\x94\xb1\xb4\xb2\
\x14\xd7\x5cs*z\xbd\xde\xd8\x96\x03\xe4a4\x1c\xc5\
\xb9s\xe7bk\xb3\x1fMj\xc6\xb6\x9c\xa2(b\xa1\
\xd7\x8b\xa5\xd5^,,\xd84M\x82C\x00\x13\xd0\xdf\
\xea\xc7W\xbe\xfcx\x0c\x06\x83\xb1n\xfc#\x22\x9a\xd4\
\xc4\xe6\xc6f<\xf6\xe8cQ\xd7\xe3{\xb3\x02\xf3\xaf\
\xa9\xebx\xec\xb1/\xc7\xc6\xc6\xe6X7\xfe\x11\xcf\xef\
\x1d\x1d\x0c\x87\xf1\xdc3\x1b1\x1aVc]\x16\xcf\x13\
\x00\x13p\xe1\xc23c\xdf\xf0\x7f\xbd\xaa\xaac\xfd\xe2\
\xc5\x89.\x13\x98/\xcf]\x5c\x8f\xaa\x9a\xfc\xc6xs\
s0\xf1e\xe6H\x00L\xc0p\xd8\xce\x8by0\x18\
\xb6\xb2\x5c`>\x0c[Z\x87\xd4U\xdd\xcars#\
\x00&`\xd2\x9f\xfe\xbf\xba\xdchg\xb9\xc0|hk\
\x1d\xd2\xd2*3;\x02\x00\x002$\x00\x00 C\x02\
\x00\x002$\x00\x00 C\x02\x00\x002$\x00\x00 \
C\x02\x00\x002$\x00\x00 C\x02\x00\x002$\x00\
\x00 C\x02\x00\x002$\x00\x00 C\x02\x00\x002\
$\x00&\xa0\xd3\xe9\xb6\xb3\xdc\xd2\x8f\x178\xb8N\xa7\
\xd3\xcar\xcb\x8eu\xd7$\xf8.O\xc0\xf2\xcaR+\
\xcb]Y]ie\xb9\xc0|XY^ne\xb9\x0b\
\xbdv>4\xe5F\x00L\xc0\xd5W_\x1d\x8b\x8b\x0b\
\x13]\xe6\xd1\xa3Gbuuu\xa2\xcb\x04\xe6\xcb\xea\
\xdaj\x1c=zd\xa2\xcb\xec\xf6:\xb1\xb2\xb68\xd1\
e\xe6JfM@Y\x96q\xfd\xcb\xaf\x8f\x8b\xeb\xeb\
1\xd8\xeaG\xd34c[V\xa7\xdb\x89\x95\x95\x15\x1b\
\x7f\xe0P\x5cs\xfa\x9aX][\x8d\xcd\xcd\xcd\xa8\xab\
zl\xcb)\xcb2\xa2lb\xa1\xd7\x89(\xc6\xb6\x18\
^@\x00LHQ\x14q\xf4\xc8\x91\x88#\x93\xadi\
\x80+\xb5\xba\xba:\xf6\x0f\x15)\xa5x\xee\xe2\xf9\x88\
Hc]\x0e_\xe3\x10\x00\x00\xad\xab\xaaa\xd8\xf8O\
\x96\x00\x00\xa0u\xc3Q\xbf\xed\x11\xb2#\x00\x00hU\
]WQ\x8d\x86m\x8f\x91\x1d\x01\x00@\xab\x06\xfd\x0d\
;\xff[ \x00\x00hMU\x0dcX\xf9\xf4\xdf\x06\
\x01\x00@+RJ\xb1\xb9u\xa9\xed1\xb2%\x00\x00\
\x98\xbc\x14\xb1\xb9u1\x9af|\xd7\x16`g\x02\x00\
\x80\x89\xdb\xea_\x8a\x91\x13\xffZ\xe5B@\x00LN\
z~\xe3?\x18n\xb5=I\xf6\x04\x00\x00\x13\xf1\xfc\
1\xff\x8b>\xf9O\x09\x01\x00\xc0\xd8U\xa3al\xf6\
\xd7\xc7z/\x14\xf6G\x00\x0006u]\xc5\xa0\xbf\
\xe1W\xfd\xa6\x90\x00\x00\xe0P\xa5\x94\x9e\xff\xfd\xfeQ\
?F\xd5\xd0%\xfe\xa7\x94\x00\xd8A]\x8f\x16s\xbb\
/ej\xea\xb0\x87\x0e\xda\x97\xc6\xb0\xd1\xac\xeb\xea\xf0\
\xbfhD\xa4\xd4D\x93\x9ah\xea:\xaaz\x14UU\
\x85\xad\xfe\xf4\x13\x00;\xd8\xd8\xbctm\xd3\x8c\xe7\x0d\
3\xad\xea\xd1Bl\x8d\xda\x9e\x02\x18\x87\xf5K\xcf\xb4\
=\xc2D\x15E\xe1\x22\x03;p\x1d\x80\x1d\x14E8\
h\x050\xab\xac\xc3w$\x00vP\x14E^\xb9\x0c\
0W\xca\xf3mO0\xcd\x04\xc0\x0e\xca\xa2\xfc|\xdb\
3\x00p0E\x91\xac\xc3w \x00vPF|\xb0\
\xed\x19\x008\x98\x22\xba\x7f\xd8\xf6\x0c\xd3L\x00\xec`\
\xa9Y\xfa\xf7m\xcf\x00\xc0\xfe\x15\x11\xb1\xd6\x94\x0f\xb4\
=\xc74\x13\x00;\xf8\xc0\xd9\xa3\x17z\xdd\xc5\xc7\xda\
\x9e\x03\x80\xfd\xe9t{\x8f\xfc\xc1\xd9\xab/\xb6=\xc7\
4\x13\x00\xbb(\xcb\xf2\xd7\xda\x9e\x01\x80\xfd)\xbb\x0b\
\xf6\xe0\xeeB\x00\xec\xe2#\xf5\xc9wv\xcaN\xbf\xed\
9\x00\xd8\x9bN\xd9\xe9?\xf4M'~\xb1\xed9\xa6\
\x9d\x0b\x01\xed\xe6l\xd1\x94\xf7<\xf9\xdezP\xff\xf3\
\xb6G\x99\x84\xaa\xae\x5c\xc0\x0bfH\xf2\x86\xbdL\xa7\
\xbb\xf8\xee\xb8\xc3E\x80v\x93\xd7un\xaf\xc0\xeb\xfe\
\xe5W\x9e\xaa\xaa\xeaT\xdbs\x8c\xdb\xfdo^\x8f4\
\x8ek\x90\x02\xad*\x8a\x22\xfe\xf1\xfb\xaej{\x8c\xb1\
\xebt\xbb\xe7?\xf6\x8ekO\xb6=\xc7,p\x08`\
\x8f\x8ab\xe1\x8dEQ\xd82\x02L\xab\xa2HK\x9d\
\xce\x9b\xda\x1ecV\x08\x80=\xfa\xe8\xdd'?\xb1\xd8\
[\xba\xc7>\x13\x80)TD,.-\xdf\xfdG?\
\x7f\xfacm\x8f2+\x04\xc0><x\xd7\xa9\xbb\x17\
z\x8b\xbf\xd5\xf6\x1c\x00l\xd7\xeb.\xfe\xceG\xee<\
yO\xdbs\xcc\x12\x01\xb0O\x0f\xddu\xfa'\x16\x17\
\x97\xfdj \xc04(\x22z\x0b\x8b\xbf\xf3\xd1\xbbO\
\xffx\xdb\xa3\xcc\x1a\x01p\x00\x1f\xf9\xf9S?\xb9\xd0\
[~g\x11\xce\x09\x00hKQ\x14iqi\xe5\xae\
\x8f\xdee\xe3\x7f\x10\x02\xe0\x80\x1e\xba\xfb\xd4;\x16{\
\x0b\xaf\xebt\xbb\xee6\x050a\xddn\xf7\x5c\xb7\xbb\
\xfcZ\xbb\xfd\x0f\xceu\x00\xae\xc0\x83w\x9f\xfexD\
\x9c\xfc[\xbfp\xee\x97G\xd5\xf0\xa7\xea\xa6^j{\
&\x80yV\x96e\xbf\xdb]z\xf7Cw\x9d\xbc\xb3\
\xedYf\x9d=\x00\x87\xe0\xc1\xbbN\xfd\xec\xc7\x8ak\
W\x17\x97\x96\xcf\xf6\xba\x0b\x8f\xfaM\x01\x80CTD\
t;\xbdG\x16\x97W\xee\xfaxq\xdd\xaa\x8d\xff\xe1\
\xb0\xa9\x1a\x83\x9b\xcf>s\xac\xeaV\xff\xa8h\x9a[\
SJ\xdf\xd8D:\x9e\x9a4\x13{\x07\xee\x7f\xf3\xfa\
\x8aW\x05\xcc\x9f\x22\x22~\xf2w\xaf\xdal{\x8e\xbd\
(\xca\xa2_\xa4\xe2BQ\x16\x9f/\x8a\xf2\x03\x8b\xbd\
\xce\x03\x1fz\xfb\x89\xe7\xda\x9e\x0b\x00\x00\x00\x00\x00\x00\
\x00\x00\x00\x00\x00\x00\x00\x00\x00\x00\x00\x00\x00\x00\x00\x00\
\x00\x00\x00\x00\x00\x00\x00\x00\x00\x00\x00\x00\x00\x00\x00\x00\
\x00\x00\x00\x00\x00\x00\x00\x00\x00\x00\x00\x00\x00\x00\x00\x00\
\x00\x00\x00\x00\x00\x00\x00\x00\x00\x00\x00\x00\x00\x00\x00\x00\
\x00\x00\x00\x00\x00\x00\x00\x00\x00\x00\x00\x00\x00\x00\x00\x00\
\x00\x00\x00\x00\x00\x00\x00\x00\x00\x00\x00\x00\x00\x00\x00\x00\
\x00\x00\x00\x00\x00\x00\x00\x00\x00\x00\x00\x00\x00\x00\x00\x00\
\x00\x00\x00\x00\x00\x00\x00\x00\x00\x00\x00\x00\x00\x00\x00\x00\
\x00\x00\x00\x00\x00\x00`\xc6\xfc_\x06w\xd6\xa2v5\
\x06\xb8\x00\x00\x00\x00IEND\xaeB`\x82\
\x00\x00 \xbd\
\x89\
PNG\x0d\x0a\x1a\x0a\x00\x00\x00\x0dIHDR\x00\
\x00\x02\x00\x00\x00\x02\x00\x08\x06\x00\x00\x00\xf4x\xd4\xfa\
\x00\x00\x00\x04sBIT\x08\x08\x08\x08|\x08d\x88\
\x00\x00\x00\x09pHYs\x00\x00\x0e\xc4\x00\x00\x0e\xc4\
\x01\x95+\x0e\x1b\x00\x00\x00\x19tEXtSof\
tware\x00www.inksca\
pe.org\x9b\xee<\x1a\x00\x00 \x00ID\
ATx\x9c\xed\xdd}\xb4eg]\x1f\xf0\xdf\xb3\xf7\
9s\xef\xcc\xdc\x84$\x04\x88 \xd4\x22\x0a*\xd5j\
\xc8L\xa2\x02Y*\xcb\xc5R\x17\xabZ\xf0\x05q\xd9\
\xd6\x85-\x99\x01i\xa5-\xd2\x90[(H\xd1\xd6\x05\
y\x11B\x15\x02(\x08\x02\xe5E\x0a\xa8\xe1\x92L\x12\
\x82\xa4BP\x0bB\x09j\x81\x92\x0c\x14\x92\xcc\xcc=\
\xf7\x9c\xb3\x9f\xfe\x11\x82C\xc8\xcb}9\xe7<\xcf\xb9\
\xe7\xf3\xf9\x93u\xce\xde\xdf0w\x9d\xe7\xbb\xf7~\x9e\
gG\x00\x00\x00\x00\x00\x00\x00\x00\x00\x00\x00\x00\x00\x00\
\x00\x00\x00\x00\x00\x00\x00\x00\x00\x00\x00\x00\x00\x00\x00\x00\
\x00\x00\x00\x00\x00\x00\x00\x00\x00\x00\x00\x00\x00\x00\x00\x00\
\x00\x00\x00\x00\x00\x00\x00\x00\x00\x00\x00\x00\x00\x00\x00\x00\
\x00\x00\x00\x00\x00\x00\x00\x00\x00\x00\x00\x00\x00\x00\x00\x00\
\x00\x00\x00\x00\x00\x00\x00\x00\x00\x00\x00\x00\x00\x00\x00\x00\
\x00\x00\x00\x00\x00\x00\x00\x00\x00\x00\x00\x00\x00\x00\x00\x00\
\x00\x00\x00\x00\x00\x00\x00\x00\x00\x00\x00\x00\x00\x00\x00\x00\
\x00LF*\x1d\xe0\xef\xe5t\xce\x05\x1b\xdf\xd9\xa4\xf4\
\x039\xa5G\xa6\x1c\x8f\x8c\x88o\x8d\x88S#b_\
D\x9cV6\x1f3r\x22\x22n\x8dH\xb7E\xe4\xaf\
D\xc4\x97rJ\x9fJ\xb9\xfb\x8b\x14\xe9\xaf\xba\xdc\xfb\
\xd8\x87.M_,\x1d\x12`\xde\x15-\x00\xe7\xffb\
^>q\xca\xf8\xc7S\xceO\xe9\x22\xceO\x11\x0f(\
\x99\x87y\x91\xff&r\xf3\x9e\x9c\xe2=\xfb\xba\xf6O\
\xd6.K\xb7\x97N\x040o\x8a\x14\x80\xf3\x0e\x0d\x1e\
\xd5E\xfb\xec\x88\xfc\x94pe\xcf\xcel\xa4\x14W\xe7\
.]\xb1\xf7X\xfb\xe6\xb5\xd7\xa4\xf5\xd2\x81\x00\xe6\xc1\
L\x0b\xc0\xc1gn\x9c\x9d\xba\xf4\xbc\x1c\xf1\xa4\x88h\
fyn\x16@\x8a\xa3\xd1\xc5\xab\xbbn\xfc\x8a?\xfb\
\xed\xe5O\x97\x8e\x03P\xb3\x99\x14\x80\x03\x17\xe4\xfb\xa7\
4\xfe\xf5\x88\xfc/\xc2\xc0\xcf\xf4u)\xe2-\xb9\x19\
?\xef\xfa\x97/\x7f\xb2t\x18\x80\x1aM\xbd\x00\x1c\xbc\
`\xf43\x91\xf2%\x11q\xffi\x9f\x0b\xeeb\x98\x22\
\xbd\xb2\x9f\xda\x17\x5c}q\xba\xa5t\x18\x80\x9aL\xad\
\x00\x9c\xfd\xf4\xbc\xaf]\x1a\xbf,\xe5\xfcK\xd3:\x07\
l\xd2\xad9\xf2\xea\x87\xce\xec\xbf,VSW:\x0c\
@\x0d\xa6R\x00~\xe0P~\xf0(\x8d\xfeG\xe4\xf8\
\xeei\x1c\x1f\xb6\xe9\xca\xae\xeb\xfd\xe2\x9f]\x96\xfe\xae\
t\x10\x80\xd2&\xfe<\xfe\x9c\x7f\xb5\xfe\xf0a\x8c\xaf\
2\xf8S\xa1\x1fj\x9a\xd1\xc7\x0e\x1e\x1a\xfd|\xe9 \
\x00\xa5M\xf4\x0e\xc09\x17\x0c\xbe+\xa5\xe6\xfd\xd6\xf3\
S\xbb\x14\xe9\x92\x87~\xa1\xfd\x957\xbf9\x8dKg\
\x01(ab\x05\xe0\xe0\xe1\xfc\xcd)\x0f\xaf\xc9\x91\x1e\
6\xa9c\xc2T\xa5x\xfbh\xd0\xfb\xb9\x1b.O\xc7\
KG\x01\x98\xb5\x89\x14\x80\xf3\x9e\x9d\xcf\xe8\x86\xa3k\
\x22\xe2Q\x938\x1e\xcc\xd0\x07G\x1b\xbd\x9f\xb8\xe1\xf2\
t\xb4t\x10\x80Y\x9a\xc0\x1c\x80\x9c\xba\xd1\xe8w\xc3\
\xe0\xcf|:\xb7\xb7gt\xf5c\x0fg\x8f\xad\x80\x85\
\xb2\xe3\x02p\xf0\xd0\xf0\x99\x91\xe3I\x93\x08\x03\x85<\
j#\x8f\xde}\xfe3\xf2J\xe9 \x00\xb3\xb2\xa3G\
\x00\xe7\x1d\x1a<j\x1c\xcdGR\xc4\xd2\xa4\x02AA\
\xef\xfd\xea\xe3\x80a\xe9 \x00\xd3\xb6\xa3;\x00]4\
\x17\x1b\xfc\xd9E~\xb4\xed\x0f_\x1d\x91+zM6\
\xc0tl\xbb\x00\x1c84zrD\xfc\xc8\x04\xb3@\
q)\xa5\xa7\x9e{x\xf4\xbc\xd29\x00\xa6m{W\
:\xab\xb99xt\xf4\x17\x11\xf1\x1d\x93\x8d\x03U\xc8\
\x91\xd2S\xae\xbf\xb8\xf7\x87\xa5\x83\x00L\xcb\xb6\xee\x00\
\x1c\xfc\xe2\xf8'\xc3\xe0\xcf\xee\x95\x22\xe7W?\xe6\x99\
\x83G\x97\x0e\x020-\xdb*\x00)\xf2\xbf\x9dt\x10\
\xa8\xccJ\xdb\xb5o;\xef\xd9\xf9\x8c\xd2A\x00\xa6a\
\xcb\x05\xe0\xc0\xe1\x8d\xef\xc99\xce\x99F\x18\xa8K~\
D7\x1c\xfd\xc1\xf9\xab\xb9W:\x09\xc0\xa4m\xb9\x00\
\xa4.=u\x1aA\xa0R?r\xfc\x8b\xa3\xff\x5c:\
\x04\xc0\xa4m\xb1\x00\xe4\x14)~v:Q\xa0N)\
\xc7\xbf>px\xf4\x0b\xa5s\x00L\xd2\x96V\x01<\
\xe6\x99\x83G\xb7]\xf3\xb1i\x85\x81\x8a\xad\xa7\x9c\xcf\
\xff\xe0\xa5{\xae/\x1d\x04`\x12\xb6t\x07\xa0\xc9\xe9\
\xfc)\xe5\x80\xda-\xe7\x94\xdev\xde\xbf\xcc\x0f)\x1d\
\x04`\x12\xb6:\x07\xe0\xb1SI\x01\xf3\xe1\x9b\xba\xde\
\xe8\x0f\x9fx8\xdb\xfd\x12\x98{[*\x00)\xa7\x7f\
4\xad 0'\xce\xfdR\x0c_U:\x04\xc0Nm\
\xba\x00<\xf9\xc9\xb9\xcd\x11\x0f\x9ff\x18\x98\x0b9=\
\xed\xe0\xa1\x8dg\x95\x8e\x01\xb0\x13\x9b.\x00\x9f9s\
\xf0\x0f\xbc\xf8\x07\xee\x94~\xf3\x9c\x0b\x86?\x5c:\x05\
\xc0vm\xba\x004\xbd\xe6\x81\xd3\x0c\x02s\xa6\xd7\xa4\
x\xd3y\xcfX\x7fD\xe9 \x00\xdb\xb1\xe9\x02\x90\x22\
\xadL3\x08\xcc\xa13\xba\xa6}\xc7\xc1\xc3\xf9\xd4\xd2\
A\x00\xb6j\xd3\x05 wi\xff4\x83\xc0\x9c\xfa\x8e\
\x88\xd1kc5o\xfb\xd5\xda\x00%l\xbe\x00\xa4\xd8\
3\xcd 0\xb7r<\xe9\xdc\xa3\xa3\xe7\x97\x8e\x01\xb0\
\x15\xaeZ`\x02r\xc4\xf3\xcf\xbd`\xf4\x94\xd29\x00\
6K\x01\x80\xc9H9\xe5\xdf9\xef\xd0\xc0^\x19\xc0\
\x5cP\x00`rV\xba\x9c\xde\xf1\xd8\xc3\xf9\x01\xa5\x83\
\x00\xdc\x17\x05\x00&)\xa5o\x19\xc6\xe8\x0d\xe7\xaf\xe6\
^\xe9(\x00\xf7F\x01\x80\x09\xcb9~\xf8\xc4\xd1\xd1\
o\x96\xce\x01po\x14\x00\x98\x8eg\x9d{\xc1\xc6/\
\x95\x0e\x01pO\x14\x00\x98\x92\x9c\xd2e\x07\x0e\x0f\xbd\
A\x13\xa8\x92\x02\x00\xd3\xd3O9\xdet\xf0p\xfe\xe6\
\xd2A\x00\xeeJ\x01\x80\xe9:+\xf2\xe8-g?=\
\xef+\x1d\x04\xe0d\x0a\x00L\xdf\x81\xde\x9e\xd1\xdb\xbf\
k5\xdbM\x13\xa8\x86\x02\x00\xb3\xf1#\xfbo\x19\xfe\
\xaew\x06\x00\xb5\xf0c\x043\x92Rz\xea\x81/\x8e\
_i\x8f\x00\xa0\x06\x0a\x00\xccP\xca\xf9\x97N\x1c\x1d\
\xbd\xdb+\x84\x81\xd2\x14\x00\x98\xbd'D\x1e\xbd\xff\xc0\
\xa1\x13\xff\xb0t\x10`q)\x00P\xc6\xf7\xa5\xdc\xfb\
\xe8\xc1C\x1bO/\x1d\x04XL\x0a\x00\x94\x92\xe2\x94\
\x88\xf4\xcas\x0f\x0d\xdfz\xf6\xb3\xf2\xc3J\xc7\x01\x16\
\x8b\x02\x00\x85\xe5\x88\x7f\xd2\x1b\x8f>y\xf0\xd0\xe8\x95\
\xde$\x08\xcc\x8a\x02\x00u\xd8\x13\x91\x9f\xbe\x91G\x1f\
?xh\xf8\xeb\xe6\x07\x00\xd3\x966\xfb\xc1\x03\x87F\
ON\x91\xdf4\xcd0\xc0\xd7t\x11\xf1\xde\xc8\xe9\xb5\
\xcd\x9e\xf6}\xd7\xfdV\xfaR\xe9@\xc0\xeeb=2\
\xd4\xa9\x89\x88'F\xcaO\xec\x86\xa3\xf1\x81\x0b\x86\xd7\
\xa7\x88\xf7\xa6\x94>\xd2\xa4\xd1_^{\xff\xa5\x9bb\
5u\xa5C\x02\xf3K\x01\x80\xfa\xb5)\xc5\xf7G\xc4\
\xf7\xe7\xc81\xcem\x1c<::\x1e\x87\x86\xff'\x22\
n\x8d\x88/G\xc4W\xd2\x1dw\x0d\xa0\xb8\x1c\xe9\xcb\
\x11\xf9xD\xdc\x9as\xfa\xdf\xa9\xe9>\xd1\xf4\xfa\x7f\
\xedNV]\x14\x00\x98O\xfb\x22\xe2\xdbO\xfe\x1fr\
\xa1 \xf0\x8d\xfe\xfe\xaf1\xa5\x1c\x91St\xc3Q\x1c\
<4\xfc\xab\x88\xb4\x16)\xde?\x1a\xb4\xef\xbe\xe1\xf2\
t\xbc`\xc8\x85g\x0e\x00\x00%\xdc\x1e)\xbf-E\
z\xed\x07/\xee\xfdiD\xd2agL\x01\x00\xa0\xac\
\x147\xe6H\xffe\xdf\xfd\xdb\xdf_[M\xa3\xd2q\
\x16\x85e\x80\x00\x94\x95\xe3\xbbS\xceW\x9c8:\xfa\
\xe8\x81C\xc3\x1f*\x1dgQ(\x00\x00\xd4\xe2;S\
\xc4\x9f\x1e<\xb4\xf1\xc6s\x9e\x91\xcf*\x1df\xb7S\
\x00\x00\xa8L\xfa\xe9\xd4\x8cn<\xf7\xd0\xe8\x89\xa5\x93\
\xecf\x0a\x00\x00\xd5I\x11\x0f\xc8\x91\xdfu\xf0\xd0\xf0\
\x05\x11y\xd3\xf3\xd5\xd8<\x05\x00\x80Z5\x11q\xe1\
\xc1C\xc3\xd7\x9e\xfd\xf4\xdc/\x1df\xb7Q\x00\x00\xa8\
\x5c\xfa\xf9\xde\x9e\xd1\xdb\xcf{v\xde[:\xc9n\xa2\
\x00\x000\x0f\x9e\x98\x87\xa37\x9d\xbf\x9am`7!\
\x0a\x00\x00s!G\xfc\xf8\x89\xa3\xc3\xdf1'`2\
\x14\x00\x00\xe6H\xfa\x85\x83\x87\x86\xcf,\x9db7P\
\x00\x00\x983\xe97\xce\xbd`\xe3`\xe9\x14\xf3N\x01\
\x00`\xde\xf4sj^\xff\xdd\xbf\x9a\xf7\x97\x0e2\xcf\
\x14\x00\x00\xe6P~\xc4\xbe\x13\xa3_+\x9db\x9e)\
\x00\x00\xcc\xa5\x9c\xe2W\x1f\xf3\xac\xf5G\x96\xce1\xaf\
\x14\x00\x00\xe6\xd5\x9ev\xdc\xbe\xa4t\x88y\xa5\x00\x00\
0\xcf\x9e\xf4\x98g\x0e\x1e]:\xc4<R\x00\x00\x98\
g\xa9\xed\xd2sJ\x87\x98G\x0a\x00\x00s.\xfd\xec\
\xd9O\xcfg\x96N1o\x14\x00\x00\xe6]\xbf\xdd3\
\xfc\xa7\xa5C\xcc\x1b\x05\x00\x80\xb9\x97Rzj\xe9\x0c\
\xf3F\x01\x00`\xfe\xe5\xf8\x01\x8f\x01\xb6F\x01\x00`\
7H\xfd\xa5\xf1\xe3J\x87\x98'\x0a\x00\x00\xbbB\xee\
\xf2\xe3Kg\x98'\x0a\x00\x00\xbbC\x8asJG\x98\
'\x0a\x00\x00\xbbC\x8ao+\x1da\x9e(\x00\x00\xec\
\x0e9\xce<\xef\xd9\xf9\x8c\xd21\xe6\x85\x02\x00\xc0\xae\
1\x1a\x0c\x1fV:\xc3\xbcP\x00\x00\xd85\x9aH+\
\xa53\xcc\x0b\x05\x00\x80]#5\xe9\x94\xd2\x19\xe6\x85\
\x02\x00\xc0\xae\x91S\xec/\x9da^(\x00\x00\xec\x1a\
9G*\x9da^(\x00\x00\xb0\x80\x14\x00\x00X@\
\x0a\x00\x00, \x05\x00\x00\x16\x90\x02\x00\x00\x0bH\x01\
\x00\x80\x05\xa4\x00\x00\xc0\x02R\x00\x00`\x01)\x00\x00\
\xb0\x80\x14\x00\x00X@\x0a\x00\x00, \x05\x00\x00\x16\
\x90\x02\x00\x00\x0bH\x01\x00\x80\x05\xa4\x00\x00\xc0\x02R\
\x00\x00`\x01)\x00\x00\xb0\x80\x14\x00\x00X@\x0a\x00\
\x00, \x05\x00\x00\x16\x90\x02\x00\x00\x0bH\x01\x00\x80\
\x05\xa4\x00\x00\xc0\x02R\x00\x00`\x01)\x00\x00\xb0\x80\
\x14\x00\x00X@\x0a\x00\x00, \x05\x00\x00\x16\x90\x02\
\x00\x00\x0bH\x01\x00\x80\x05\xa4\x00\x00\xc0\x02R\x00\x00\
`\x01)\x00\x00\xb0\x80\x14\x00\x00X@\x0a\x00\x00,\
 \x05\x00\x00\x16\x90\x02\x00\x00\x0bH\x01\x00\x80\x05\xa4\
\x00\x00\xc0\x02R\x00\x00`\x01)\x00\x00\xb0\x80z\xa5\
\x03\xc0\xbdj\x22\x9a\xe5\x14\xedr\x8afOD\xea\xa7\
h\xfa\x11\xd1\xa4\x88&\x22\xa9\xb0\xc0\xd7{\xd3\x0f]\
\x92Kg\xd8\x94\x9c#R\x17]\xd7\xc50F\xf9h\
\x1e\xc5'\xbba~{\xdb5\xafX[M\xeb\xd3>\
\x7f\xda\xec\x07\x0f\x1c\x1a=9E~\xd34\xc3@\xa4\
\x88f)Eo%E\xbb\x92\x22-\xa7\xcd\xff\x91\x02\
\xec\x02\xb9\x8b\xdc\x1d\xcf\x9f\xcc\x83\xee\xf9W]\xd4\xfb\
\x83i\x9d\xc7\xf5\x13Uh\xfa\x11\xfd\xfb7\xb1\xef\xe1\
m\xec\xfd\x966\xfag6\xd1\x18\xfc\x81\x05\x94\x9aH\
\xedJ\xfa\xf6\xde\xfd\xdb7>\xfe7\xba/=\xeeE\
\xa3\x9f\x9b\xc6y\x14\x00\x8aj\x96R,=\xb8\x8d\xbd\
\xdf\xda\x8b=\x0fh\x22\xf5\x0d\xf9\x00wj\xf7\xa6\xd3\
\xdb\xfb\xb5\xbf\xf7\xf8\x97t\xff\xeb\xfc\x97\xe6\xb3&y\
l\x05\x80\x22R?b\xf9\xc1w\x5c\xed\xf7N5\xe8\
\x03\xdc\x93\x14\x11\xedJzT\xea\xc7\xdf<\xee?\x8e\
~zR\xc7U\x00\x98\xad\x14\xb1\xe7\xcc&\xf6=\xbc\
\x17\xed\xa9i\x0b\xb3P\x00\x16[\xea\xc7\x9e\xf6\xf4\xe6\
\x8d\x8f\xfdO\xe3_\x9b\xc4\xf1\x14\x00f\xa6YJ_\
{\xbeo\xe0\x07\xd8\xba\xd4\xa4\xe8\xdd\xafy\xd1\xe3_\
4~\xf1N\x8f\xa5\x000\x13\xfd\xd3\x9b\xd8\xfb-m\
4KF~\x80\x9dH)\xa2=\xb5y\xee\x0f\xbe`\
\xf4\xcfwr\x1c\x05\x80\xe9J\x11K\xdf\xd4\xc4\x9e\x07\
\xb9\xea\x07\x98\x98\x14\xb1\xe7\xd4\xe6U?\xf8\x82\xfc=\
\xdb=\x84\x02\xc0\xf44\x11\xcb\x0fm\xa3w?\x7ff\
\x00\x13\xd7KMoo\xbcg\xbb_\xf7\xcb\xcct\xb4\
\x11{\x1f\xd6F\xbb\xcfe?\xc0\xb44{\xe3\xac\xc7\
\xbf(\xff\xd7m}w\xd2a \x9a\x88\xbd\x0fm\xa3\
Y6\xf8\x03L[\xb3/\x1f:\x7f5/o\xf9{\
\xd3\x08\xc3\x02K\x11\xcb\x0f1\xf8\x03\xccJ\xea\xa7\xfe\
\xa8\xd7]\xb2\xd5\xef)\x00L\xd4\xd2\x83\x9ah\xf7\x1b\
\xfc\x01f\xa9\xbf7\xfd\xccV\xbf\xa3\x0001\xbdS\
S\xf4N\xf3'\x050ki)\xed\xff\xc1\xff4\xfa\
\x89\xad|\xc7\xaf5\x13\xd1,\xa5\xd8\xf3Mm\xe9\x18\
\x00\x0b\xabi\x9a\xc3[\xfa\xfc\xb4\x82\xb08RD,\
\x9d\xd5Dr\xe7\x1f\xa0\x98\xa6\x17\xdf\xb7\xa5\xcfO+\
\x08\x8b\xa3wz\x13\xcd^\xa3?@I\xcdr:#\
V\xf3\xa6\xc7u\x05\x80\x1dI\xbd\xb8co\x7f\x00\xca\
j\x22\x9d\x1f\xf1\x9d\x9b\xff8\xec@\xff\x8c&\x92G\
\xff\x00U\x18\xa58g\xb3\x9fU\x00\xd8\xb6\xd4\x8b\xe8\
\x9b\xf5\x0fP\x8d\xa6\xed\x1e\xb4\xe9\xcfN3\x08\xbb[\
\xff\x8c\xc6_\x10@Mrl\xfa\x9e\xac\x9fo\xb6%\
5a\xcd?@mR\x8c7\xfbQ\xbf\xe0lK{\
J\x13\xc9_\x0f@U\x869\x7f|\xb3\x9f\xf5\x13\xce\
\xb6\xf4N\xb5\xec\x0f\xa06{S\xfb\xe7\x9b\xfdlo\
\x9aA\xd8\x9dR/\xec\xf7\x0fP\x99n\x18\xa3\xb5\xff\
\x90\xfef\xb3\x9fw\x07\x80-\xeb\xed\xf7g\x03P\x9b\
\xbc\x91?\xb7\x95\xcf\xfb%g\xcb\x9a\x15W\xff\x00\xb5\
\xc9\xa3\xee\x83[\xf9\xbc\x02\xc0\x96\xa4\x88\xe8\xb9\xfd\x0f\
P\x9d<\xce\x97m\xe5\xf3\x0a\x00[\xd2\xecO\xfej\
\x00*\x937\xf2\xe0\xea\xe7\xf7?\xb0\x95\xef\xf8)g\
KL\xfe\x03\xa8\xcfx\x107n\xf5;\x0a\x00[\xd2\
\x9e\xa2\x00\x00Tg\x94\x7fo\xab_Q\x00\xd8\xb4f\
O\x8a\xa6\xaf\x00\x00\xd4$w\x91\xbf\xbc\xdc\xfc\xb7\xad\
~O\x01`\xd3\xdc\xfe\x07\xa8O\xb7\x9e?{\xe3s\
\xd2\xb1\xad~O\x01`\xd3Z\xcb\xff\x00\xaa\xd3\x0d\xf3\
{\xb6\xf3=\x05\x80MI)\xa2\xdd\xa7\x00\x00\xd4$\
GD^o.\xd9\xcew\x15\x006\xa5YIwl\
\x02\x00@5\xf2 \x8e\x1dya\xfa\xe8v\xbe\xab\x00\
\xb0)6\xff\x01\xa8O\xde\xc8\x7f\xb6\xdd\xef*\x00l\
J\xb3\xe2O\x05\xa06\xdd\xa0\xbbb\xbb\xdf\xf5\xab\xce\
}j\x96R4\xde\x1b\x09P\x95<\x8e\xae\x8d\xf6\xf5\
\xdb\xfd\xbe\x02\xc0}\xea\x99\xfd\x0fP\x9dn=\x7fz\
m5\x8d\xb6\xfb}\x05\x80\xfbd\xf9\x1f@}\xba\x8d\
\xfc\xce\x9d|_\x01\xe0^\xa5&\xa2\xd9\xab\x00\x00T\
%G\xb4\xbd\xe6\xe5;9\x84\x02\xc0\xbdr\xf5\x0fP\
\x9fn\x90\xbf\xbc\xf6\xdc\xf4\x99\x9d\x1cC\x01\xe0^\xb5\
f\xff\x03T\xa7\x1b\xc45;=\x86_w\xee\x99\xdd\
\xff\x00\xaa\x94G\xdd\xabvz\x0c\x05\x80{\xd4,\xa7\
H\x96\xff\x01T\xa5\x1b\xc6\xe8\xea\x8b\xdaw\xec\xf48\
\x0a\x00\xf7\xc8\xf2?\x80\xfa\xe4\xf5\xfc\xf1\x88\x94wz\
\x1c\x05\x80{\xe4\xf5\xbf\x00\xf5\xc9\xa3\xfc\x96I\x1cG\
\x01\xe0n\xa5\xde\x1d;\x00\x02P\x91\x1c\xb1<n.\
\x9b\xc4\xa1<\xe1\xe5n\xb5+\x8d\xb7\xff\x01Tf|\
\x22\xdfr\xe5js\xf3$\x8e\xe5\x0e\x00w\xcb\xfa\x7f\
\x80\xfa\xe4a~\xff\xa4\x8e\xa5\x00\xf0\x0dRD\xf4,\
\xff\x03\xa8N\x9e\xd0\xed\xff\x08\x05\x80\xbb\xd1\xecO\xfe\
2\x00*\x937bp\xf5\xf3\xd3\x07&u<?\xf3\
|\x03\xb3\xff\x01\xea3\x1e\xe4\x1b'y<\x05\x80o\
\xd0\x9e\xa2\x00\x00\xd4&\x0f\xf3\xefO\xf2x\x0a\x00_\
\xa7\xd9\x93\xa2\xe9+\x00\x005\xc9]\xe4\xaf\xecmv\
\xbc\xfd\xef\xc9\x14\x00\xbe\x8e\xdb\xff\x00\xf5\xe9\xd6\xf3g\
o|N:6\xc9c*\x00|\x1d\xcb\xff\x00\xea3\
\x1e\xe5\xf7N\xfa\x98\x0a\x00_\x93\xbc\xfd\x0f\xa0:9\
\x22\xe2Ds\xf1\xa4\x8f\xab\x00\xf05\xcdJ\xb2\xfb\x1f\
@e\xf2 \x8e\x1dya\xfa\xe8\xa4\x8f\xab\x00\xf05\
=\xcf\xff\x01\xaa\xd3\x0d\xf2\x87\xa7q\x5c\x05\x80\xafi\
V\xfc9\x00\xd4&\x8f\xba\xd7L\xe3\xb8~\xf1\x89\x88\
;\xde\xfc\xd7x5\x14@]F\xd1\xb5]\xfb\xfai\
\x1cZ\x01 \x22\x22zf\xff\x03Tg<\xe8nZ\
[M\xa3i\x1c[\x01 \x22,\xff\x03\xa8Q\xb7\xd1\
\xbccZ\xc7V\x00\x88\xd4D4{\x15\x00\x80\xaa\xe4\
\x88\x141\xf1\xe5\x7fwR\x00p\xf5\x0fP\xa1n\x10\
_\xbe\xea\xc2t\xd3\xb4\x8e\xaf\x00\x10\xad\xd9\xff\x00\xd5\
\xe96\xf2\xb5\xd3<\xbe_\xfeEg\xf7?\x80*\xe5\
aw\xf94\x8f\xaf\x00,\xb8f9E\xb2\xfc\x0f\xa0\
*\xdd0FW_\xd4Nm\x02`\x84\x02\xb0\xf0,\
\xff\x03\xa8O^\x8f\x8fG\xa4<\xcds(\x00\x0b\xce\
\xeb\x7f\x01\xea\xd3\x0d\xbb\xb7N\xfb\x1c\x0a\xc0\x02K\xbd\
;v\x00\x04\xa0\x229bo\xd7\x5c:\xed\xd3x\xfa\
\xbb\xc0\xda\x95\xc6\xdb\xff\x00*3>\x91o\xb9r\xb5\
\xb9y\xda\xe7q\x07`\x81Y\xff\x0fP\x9f<\x8a\xb5\
Y\x9cG\x01XP)\x22z\x96\xff\x01T'\x8f\xd2\
\xd4o\xffG(\x00\x0b\xab\xd9\x9f\xfc\xeb\x03T&o\
\xc4\xe0\xea\xe7\xa7\x0f\xcc\xe2\x5c\x86\x80\x05e\xf6?@\
}\xc6\x83|\xe3\xac\xce\xa5\x00,\xa8\xf6\x14\x05\x00\xa0\
6y#\xbfaV\xe7R\x00\x16P\xb3'E\xd3W\
\x00\x00j\x92\xbb\xc8mn^5\xab\xf3)\x00\x0b\xc8\
\xed\x7f\x80\xfat\xeb\xf9\xb3k\xab\xe9\xf6Y\x9dO\x01\
X@\x96\xff\x01\xd4g<\xec\xde7\xcb\xf3)\x00\x0b\
&y\xfb\x1f@urDt\xc7\xda\x8bgyN\x05\
`\xc14+\xc9\xee\x7f\x00\x95\xc9\x838v\xed\x8b\xd3\
GfyN\x05`\xc1\xf4<\xff\x07\xa8N7\xc8\x1f\
\x9e\xf59\x15\x80\x05\xd3\xac\xf8'\x07\xa8M7\xec\xae\
\x98\xf59\x8d\x06\x0b\xa4YJ\xd1x\xfd\x13@]F\
\xd1\xf5r\xfb\xbaY\x9fV\x01X =\xb3\xff\x01\xaa\
3\x1e\xe4\x9b\xd6V\xd3h\xd6\xe7U\x00\x16\x88\xe5\x7f\
\x00\xf5\xe9\x86\xf9\x9d%\xce\xab\x00,\x88\xd4D4{\
\x15\x00\x80\xaa\xe4\x88\x94\x9b\x97\x978\xb5\x02\xb0 \x5c\
\xfd\x03\xd4\xa7[\xcf_\xb9\xea\xc2tS\x89s+\x00\
\x0b\xa25\xfb\x1f\xa0:\xdd0\xae)un\xa3\xc2\x22\
\xb0\xfb\x1f@\x95\xf2F7\xb3\x97\xff\xdc\x95\x02\xb0\x00\
\x9a\xe5\x14\xc9\xf2?\x80\xaat\xc3\x18]\xbd\xda\xbe\xbd\
\xd4\xf9\x15\x80\x05`\xf9\x1f@}\xf2 \x7f\x22\x22\xe5\
R\xe7W\x00\x16\x80\xd7\xff\x02\xd4\xa7\xdb\xc8o)y\
~\x05`\x97K\xbd;v\x00\x04\xa0\x229bo\xd7\
\x5cZ2\x82'\xc3\xbb\x5c\xbb\xd2x\xfb\x1f@e\xc6\
'\xf2-W\xae67\x97\xcc\xe0\x0e\xc0.g\xfd?\
@}\xf2(\xd6JgP\x00v\xb1\x14\x11=\xcb\xff\
\x00\xaa\xd3\x8d\xc7\x97\x95\xce\xa0\x00\xecb\xcd\xfe\xe4_\
\x18\xa02y#\x06G.\xec\xaf\x95\xceax\xd8\xc5\
\xcc\xfe\x07\xa8\xcfx\x90o,\x9d!B\x01\xd8\xd5\xda\
S\x14\x00\x80\xda\xe4QzC\xe9\x0c\x11\x0a\xc0\xae\xd5\
\xecI\xd1\xf4\x15\x00\x80\x9a\xe4.r;\x8eb\xdb\xff\
\x9eL\x01\xd8\xa5\xdc\xfe\x07\xa8O\xb7\x9e?\xbb\xb6\x9a\
n/\x9d#B\x01\xd8\xb5,\xff\x03\xa8O\x1e\xe6\xf7\
\x95\xcep'\x05`\x17J\xde\xfe\x07P\x9d\x1c\x11\xa3\
c\xcd\xc5\xa5s\xdcI\x01\xd8\x85\xda\xfd\xc9\xee\x7f\x00\
\x95\xc9\x838v\xed\x8b\xd3GJ\xe7\xb8\x93\x02\xb0\x0b\
\xb9\xfd\x0fP\x9fn=\xdfP:\xc3\xc9\x14\x80\xdd&\
}u\xff\x7f\x00\xaa\xd2u\xe95\xa53\x9c\xccH\xb1\
\xcb4K)\x92W<\x01\xd4e\x14]o\x1c\xaf+\
\x1d\xe3d\x0a\xc0.\xd3\xb3\xfc\x0f\xa0:\xe3A\xbei\
m5\x8dJ\xe78\x99\x02\xb0\xcbx\xfe\x0fP\x9f\xf1\
F~W\xe9\x0cw\xa5\x00\xec\x22\xa9\x89h\x96\x15\x00\
\x80\xaa\xe4\x88&\x9a\x97\x95\x8eqW\x0a\xc0.\xd2\xae\
X\xfe\x07P\x9bn=\x7f\xe5\xaa\x0b\xd3M\xa5s\xdc\
\x95\x02\xb0\x8b\x98\xfd\x0fP\x9fn\x14\xd7\x96\xcepw\
\x8c\x18\xbbE\xb2\xff?@\x8d\xf2(]^:\xc3\xdd\
Q\x00v\x89f9EjK\xa7\x00\xe0d\xdd(\x8f\
\xaf\xbe0\xde^:\xc7\xddQ\x00v\x09\xb3\xff\x01\xea\
\x93\xd7\xe3\xe3\x11)\x97\xceqw\x14\x80]\xc2\xfa\x7f\
\x80\xfat\x1b\xe9-\xa53\xdc\x13\x05`\x17H\xbd;\
v\x00\x04\xa0\x229b\xef\xde\xb8\xb4t\x8c{b\xd3\
\xd8]\xa0]i,\xff\x03\xa8\xccx=n\xb9\xf29\
\xe9\xe6\xd29\xee\x89;\x00\xbb\x80\xe7\xff\x00\xf5\xc9\xc3\
\xbcV:\xc3\xbdQ\x00\xe6\x5c\x8a\x88\xde>\x05\x00\xa0\
6\xddx|Y\xe9\x0c\xf7F\x01\x98s\xcd\xfe\xe4_\
\x11\xa02y\x907\x8e\x5c\xd8_+\x9d\xe3\xde\x18:\
\xe6\x9c\xcd\x7f\x00\xea3\x1e\xc4\x8d\xa53\xdc\x17\x05`\
\xce\xb5\xa7(\x00\x00\xb5\xe9F\xf9\x0d\xa53\xdc\x17\x05\
`\x8e\xa5~\x8a\xa6\xaf\x00\x00\xd4$w\x91{]S\
\xe5\xf6\xbf'S\x00\xe6X\xcf\xd5?@u\xba\xf5\xfc\
\xb9\xb5\xd5t{\xe9\x1c\xf7E\x01\x98c\x9e\xff\x03\xd4\
\xa7\xdb\xc8\xef+\x9da3\x14\x809\x95RDk\xf9\
\x1f@UrD\x8cG\xcd\xcbK\xe7\xd8\x0c\x05`N\
\xb5\xfb\x93\xdd\xff\x00j3\xc8\xc7\xaf]M\x1f)\x1d\
c3\x14\x809e\xf7?\x80\xfat\xeb\xf1\xe1\xd2\x19\
6K\x01\x98G\xe9\xab\xfb\xff\x03P\x95q\x97^S\
:\xc3f\x19E\xe6P\xb3\x94\x22y\x8d\x13@]F\
\xd1\xf5\xc6\xf1\xba\xd216K\x01\x98C=\xb3\xff\x01\
\xaa3\x1e\xe4\xcf\xac\xad\xa6Q\xe9\x1c\x9b\xa5\x00\xcc!\
\xcf\xff\x01\xea3\xdeH\xef,\x9da+\x14\x809\x93\
\x9a\x88fY\x01\x00\xa8J\x8e\x88q\xcc\xc5\xf2\xbf;\
)\x00s\xa6]\xb1\xfc\x0f\xa06\xddz\xfe\xca\x91\xd5\
\xf4\xe9\xd29\xb6B\x01\x983f\xff\x03\xd4'\x0f\xbb\
\xebJg\xd8*\xa3\xc9<I\xb6\xff\x05\xa8\xd1\xc6F\
\xfb\xca\xd2\x19\xb6J\x01\x98#\xcdr\x8a\xd4\x96N\x01\
\xc0\xc9\xbaQ\x1e_\xb7\x1ao/\x9dc\xab\x14\x809\
b\xf6?@}\xf2z|<\x22\xe5\xd29\xb6J\x01\
\x98#\xd6\xff\x03\xd4\xa7\xdbHo)\x9da;\x14\x80\
9\x91zw\xec\x00\x08@Er\xc4\xb8\x8bKK\xc7\
\xd8\x0e\x05`N\xb4+\x8d\xe5\x7f\x00\x95\x19\xaf\xe7\xa3\
\xd7\xae\xa6\x9bK\xe7\xd8\x0e\x05`Nx\xfe\x0fP\x9f\
<\x88\xf7\x97\xce\xb0]\x0a\xc0\x1cH\x11\xd1\xdb\xa7\x00\
\x00\xd4\xa6\x1b\x8d/+\x9da\xbb\x14\x809\xd0\xecO\
\xfe\xa5\x00*\x93\x07\xb1qd\xb5\xbfV:\xc7v\x19\
V\xe6\x80\xcd\x7f\x00\xea3\x1e\xe4\x1bKg\xd8\x09\x05\
`\x0e\xb4\xa7(\x00\x00\xb5\xe9\xc6\xf9\x8d\xa53\xec\x84\
\x02P\xb9\xd4O\xd1\xf4\x15\x00\x80\x9a\xe4.r\xbe\xad\
\xb9\xbct\x8e\x9dP\x00*\xd7s\xf5\x0fP\x9dn\x90\
?w\xcdK\xd3m\xa5s\xec\x84\x02P9\xcf\xff\x01\
\xea\xd3\x0d\xf2\xfbJg\xd8)\x05\xa0b)E\xb4\x96\
\xff\x01T%G\xc4p\xd4\x5cR:\xc7N)\x00\x15\
k\xf7'\xbb\xff\x01\xd4f\x90\x8f\x7fp5\xfd\xcf\xd2\
1vJ\x01\xa8\x98\xdd\xff\x00\xea\xd3\x0d\xe2\x86\xd2\x19\
&A\x01\xa8U\xfa\xea\xfe\xff\x00Te<\xea^S\
:\xc3$\x18a*\xd5,\xa5H\xbd\xd2)\x00\xf8:\
\xe3\xe8N<\xa8}]\xe9\x18\x93\xa0\x00T\xaag\xf6\
?@u\xc6'\xf2gn\xf8\xe54,\x9dc\x12\x14\
\x80Jy\xfe\x0fP\x9f\xf10\xbd\xb3t\x86IQ\x00\
*\x94\x9a\x88fY\x01\x00\xa8J\x8e\xe8\x1d\x8b\xb9_\
\xfew'\x05\xa0B\xed\x8a\xe5\x7f\x00\xb5\xe9\x06\xf9+\
k/I\x9f*\x9dcR\x14\x80\x0a\x99\xfd\x0fP\x9f\
\xbc\x11\xd7\x95\xce0IF\x9a\xda$\xdb\xff\x02\xd4h\
<\xec\xe6\xfa\xe5?w\xa5\x00T\xa6YN\x91\xda\xd2\
)\x008Y7\xca\xe3#\x17\xb5\xff\xbdt\x8eIR\
\x00*c\xf6?@}\xba\x13\xf1\x89\x88\x94K\xe7\x98\
$\x05\xa02\xd6\xff\x03\xd4'o\xe4\xb7\x94\xce0i\
\x0a@ER\xef\x8e\x1d\x00\x01\xa8H\x8e\x18\xe7\xf9\x7f\
\xfb\xdf])\x00\x15iW\x1a\xcb\xff\x00*3^\xcf\
G\xaf]M7\x97\xce1i\x0a@E<\xff\x07\xa8\
O\xb7\x1ek\xa53L\x83\x02P\x89\x14\x11\xbd}\x0a\
\x00@m\xf2x|i\xe9\x0c\xd3\xa0\x00T\xa2\xd9\x9f\
\xfck\x00T&\x0fb\xe3\xc8j\x7f\xadt\x8ei0\
\xe4T\xc2\xe6?\x00\xf5\x19\x0d\xf2\xc7Jg\x98\x16\x05\
\xa0\x12\xed)\x0a\x00@m\xbaQ~c\xe9\x0c\xd3\xa2\
\x00T \xf5S4}\x05\x00\xa0&\xb9\x8b\x1c\xb77\
\xaf,\x9dcZ\x14\x80\x0a\xf4\x5c\xfd\x03T\xa7\x1b\xe4\
\xcf]\xf3\xd2t[\xe9\x1c\xd3\xa2\x00T\xc0\xf3\x7f\x80\
\xfat\x1b\xf9\x8fKg\x98&\x05\xa0\xb0\x94\x22Z\xcb\
\xff\x00\xaa\x92#\x22\xaf\xef\xbe\xdd\xffN\xa6\x00\x14\xd6\
\xeeOv\xff\x03\xa8\xcd \x1f?\xf2\xc2tC\xe9\x18\
\xd3\xa4\x00\x14f\xf7?\x80\xfat\x83\xd8\xd5\x83\x7f\x84\
\x02PV\xfa\xea\xfe\xff\x00Te4\xec\xae(\x9da\
\xda\x8c>\x055K)R\xaft\x0a\x00\xbe\xce8\xba\
\xf5\xb3\xda\xd7\x96\x8e1m\x0a@A=\xb3\xff\x01\xaa\
3>\x91?s\xc3/\xa7a\xe9\x1c\xd3\xa6\x00\x14\xe4\
\xf9?@}\xc6\x1b\xf9]\xa53\xcc\x82\x02PHj\
\x22\x9ae\x05\x00\xa0*9\xa2w\xbc\xb9\xb8t\x8cY\
P\x00\x0aiW,\xff\x03\xa8\xcdx\x90o]{I\
\xfaT\xe9\x1c\xb3\xa0\x00\x14b\xf6?@\x856\xe2\xda\
\xd2\x11f\xc5(TB\xb2\xfd/@\x8dF\x1b\xdd\xab\
Jg\x98\x15\x05\xa0\x80f9EjK\xa7\x00\xe0d\
\xdd(\x8f\xafYm\xdfV:\xc7\xac(\x00\x05\x98\xfd\
\x0fP\x9f\xeeD|\x22\x22\xe5\xd29fE\x01(\xc0\
\xfa\x7f\x80\x0a\x0d\xf3[KG\x98%\x05`\xc6R\xef\
\x8e\x1d\x00\x01\xa8H\x8e\x18\xec\xf2\xb7\xff\xdd\x95\x020\
c\xedJc\xf9\x1f@e\xc6\xeb\xf9\xe8\xf5/N_\
(\x9dc\x96\x14\x80\x19s\xfb\x1f\xa0>\xf9D\xf7\x81\
\xd2\x19fM\x01\x98\xa1\x14\x96\xff\x01\xd4h\x9c\xf3\xa5\
\xa53\xcc\x9a\x020C\xcd\xfe\xe4\xffq\x80\xca\xe4A\
l\x5csQ\xff\xfd\xa5s\xcc\x9a\xe1h\x86,\xff\x03\
\xa8\xcfh#\x7f\xact\x86\x12\x14\x80\x19R\x00\x00\xea\
\xd3\x0d\xf3\x1bKg(A\x01\x98\x91\xd4O\xd1\xf4\x15\
\x00\x80\x9a\xe4.\xf2\xa8k./\x9d\xa3\x04\x05`F\
z\xa7\x18\xfc\x01j3^\xcf\x9f\xbf~5\xddZ:\
G\x09\x0a\xc0\x8c\x98\xfd\x0fP\x9f\xbc\xd1\xfdq\xe9\x0c\
\xa5(\x003\x90RD\xbbO\x01\x00\xa8I\x8e\x88<\
h/.\x9d\xa3\x14\x05`\x06\xda\xfd\xc9\xee\x7f\x00\xb5\
\x19\xc4\xf1#/L7\x94\x8eQ\x8a\x020\x03f\xff\
\x03\xd4\xa7\x1b\xe4\x85\x1d\xfc#\x14\x80\xe9K_\xdd\xff\
\x1f\x80\xaa\x8cF\xddkKg(\xc9\xc84e\xcdR\
\x8a\xd4+\x9d\x02\x80\xaf3\x8en\xfdA\xed\x15\xa5c\
\x94\xa4\x00L\x99\xd9\xff\x00\xf5\x19\x9f\xc8\x9f\xb9\xe1\x97\
\xd3\xb0t\x8e\x92\x14\x80)\xeby\xfe\x0fP\x9d\xd1 \
\xffQ\xe9\x0c\xa5)\x00S\x94\x9a\x88fY\x01\x00\xa8\
J\x8e\xe8\x9fh^^:Fi\x0a\xc0\x14\xb5+\x96\
\xff\x01\xd4f<\xc8\xb7\xae\xbd$}\xaat\x8e\xd2\x14\
\x80)2\xfb\x1f\xa0>y\x10\xd7\x95\xceP\x03#\xd4\
\xb4$\x13\x00\x01j4\x1au\xaf*\x9d\xa1\x06\x0a\xc0\
\x944\xcb)R[:\x05\x00'\xebFy|\xedE\
\xed[K\xe7\xa8\x81\x020%v\xff\x03\xa8Ow\x22\
}\x22\x22\xe5\xd29j\xa0\x00L\x89\xe5\x7f\x00\x15\xda\
\xe8\xdeV:B-\x14\x80)H\xbd\x88f\x8f\x02\x00\
P\x95\x1c1\x184\x0b\xfb\xf6\xbf\xbbR\x00\xa6\xa0]\
i,\xff\x03\xa8\xccx=\x1f\xbd\xfe\xc5\xe9\x0b\xa5s\
\xd4b\xd3\x05 Et\xd3\x0c\xb2\x9b\xf4\xcc\xfe\x07\xa8\
N^\x8f\xabJg\xa8\xc9V\x0a\xc0\xf1i\x06\xd9-\
RX\xfe\x07P\xa5\xf1\xf8\xd2\xd2\x11j\xb2\xe9\x020\
\xce\xf9\xd84\x83\xec\x16\xcd\xfe\xe4\xc1\x0a@e\xf2 \
6\xaeZ\xed_Y:GM6=T\xb5\x91o\x9f\
f\x90\xdd\xc2\xf2?\x80\xfa\x8c\x07\xf9/Jg\xa8\xcd\
\xe6\x1f\x01\x8c\xfb&Nl\x82\x02\x00P\xa1QzC\
\xe9\x08\xb5\xd9t\x01\xb8\xee\x15\xf1\xb9\xc8q\xdb4\xc3\
\xcc\xbb\xd4O\xd1\xf4\x15\x00\x80\x9a\xe4.\xf2\xa0\x8b\xcb\
K\xe7\xa8\xcd\x16\x9eV\xa7\x9cS,\xfc\xdb\x93\xeeM\
\xef\x14\x83?@m\xc6\xeb\xf9\xf3\xd7\xaf\xa6[K\xe7\
\xa8\xcd\x96\xa6\xab\xa5\xc8\x1f\x9fV\x90\xdd\xc0\xec\x7f\x80\
\x0am\xe4?.\x1d\xa1F[*\x009\xc5\xb5\xd3\x0a\
2\xefR\x8ah\xf7)\x00\x005\xc9\x11\xd1\xd9\xfd\xef\
nm\xa9\x00t)\xafM)\xc7\xdck\xf7'\xbb\xff\
\x01T&\xaf\xe7\x13G^\x98n(\x9d\xa3F[*\
\x00\x1f~\xf9\x9e\xbf\x8c\x88\x9b\xa7\x94e\xae\x99\xfd\x0f\
P\x9fn\x18\x1f.\x9d\xa1V[\xdc\xb2&\xe5\x88\xf4\
G\xd3\x892\xdf\xda\x15\xbb\xff\x00\xd4\xa6;\x91\xdc\xfe\
\xbf\x07[\x1e\xb5r\xe4\xd7O#\xc8<k\xf7\xa7H\
\xbd\xd2)\x008\xd9x\x907\x8e\xbc \xbd\xb9t\x8e\
Zm\xb9\x00|\xe8\xcc\xdeZD\xfe\xbb)d\x99[\
\xbdS\xdd\xfe\x07\xa8M\x1e\xc4\x91\xd2\x19j\xb6\xf5\xfb\
\xd6\xab\xa9\x8b\x9c\xae\x98B\x96\xb9\x94\x9a\x88\xf6\x14\xb7\
\xff\x01j\x92s\xc4\xe8\xf6\xf4oJ\xe7\xa8\xd9\xb6F\
\xaev\xdc\xbb8\xbc\x1d0\x22\x22z\xa77\x91\x8c\xff\
\x00U\xe9\x8e\xe5O_\xfb\xe2\xf4\x91\xd29j\xb6\xad\
\xa1\xeb\xdaW\xa4\x9bs\xa4\xdf\x99t\x98\xb9\x93\x22\xfa\
\xa7\x19\xfd\x01j\x92#b<H\xff\xbet\x8e\xdam\
{\xf4\x1a\xb7\xedoF\xc4\xfa\x04\xb3\xcc\x9d=\xa77\
\x91\xfa\xa5S\x00p\xb2\xf1\xb1\xfc\x99#\x17\x99\xfcw\
_\xb6]\x00nxY\xfa\xdbH\xf1\xd2I\x86\x99'\
\xa9\x89\xe8\x9d\xe9\xea\x1f\xa0&9Gt\x1b\xe3\x7fV\
:\xc7<\xd8\xd1\x08\xd6\xf4z/\x89H\x9f\x9eT\x98\
y\xd2\x7f\xa0g\xff\x00\xb5\x19\xdf\x96\xaf>ra\x7f\
\xadt\x8ey\xb0\xa3!\xec\xba\xdfJ'\x22\xc7\xe1\xb8\
\xe3\x91\xcb\xc2h\x96S\xf4<\xfb\x07\xa8J\xde\x88\x8d\
.\xa5'\x95\xce1/v<\x8a]\x7fi\xef\xdd\x91\
cqvZj\x22\x96\x1e\xdc\xd8\xf6\x1f\xa0&9b\
\xe3\xd6\xeeYG\x9e\x9b\xfe_\xe9(\xf3b\x22\x97\xb1\
\xa3a\xefW#\xe2\xbaI\x1c\xabvK\x0fj\xa3\xd9\
c\xf8\x07\xa8\xc9\xf0\xb6\xfc\xaekV\xdbW\x94\xce1\
O&R\x00n\xb8<\x0ds\x8c\x9e\x9a#n\x99\xc4\
\xf1j\xd5;\xbd\x89\xde\xfd\x0c\xfe\x005\x19\x1f\xcf\x9f\
\xbbz\xc3\xad\xff\xad\x9a\xd8\x83\xec\x0f]\xb2\xf7\xa6H\
\xf9\x09\x11\xf1\xe5I\x1d\xb3&\xedJ\x8a\xa5\x07y\xee\
\x0fP\x93n\x90\x8f-\x1dO\xdf\x1b\xab\xa9+\x9de\
\xdeLtD\xfb\xd0\xc5{>\x9a#~*G\x0c&\
y\xdc\xd2\x9a\xbd)\x96\x1e\xd2\x96\x8e\x01\xc0I\xf2F\
l\xb4\xb7\xa5\xef{\xdfj\xf2\x9a\xfam\x98\xf8%\xed\
\x87.\xe9_\x19)\xfdTD\x9c\x98\xf4\xb1Kh\xf7\
\xa6X~h\x1b\xc9\x9d\x7f\x80jt\x1b1\x18\xdf\x1e\
\xe7\xfe\xe9j\xfa\xeb\xd2Y\xe6\xd5\xd4\x86\xb5\x03\x87\x87\
\x8fM9\xde\x11\x11\xa7M\xeb\x1c\xd3\xd6\xeeO\xb1\xfc\
\x90v\x0a5\x09\x80\xed\xca\x83||x[\xfa\xde#\
\x06\xff\x1d\x99\xeau\xed\x81\xc3\x1b\xdf\x93r\xfa\xa3\x88\
x\xc84\xcf3\x0d\xbd\xd3\x9a\xd8s\x96\xe5~\x005\
\x19\xaf\xe7\xcf/\x0f\xd2\xd9\xef}^\xfa|\xe9,\xf3\
n\xea\xe3\xdbc\x0f\xe7\x07l\xe4\xd1\xeb\x22\xe2G\xa7\
}\xae\x89H\x11{\x1e\xd8D\xfft\x97\xfd\x00\xd5\xc8\
\x11\xa3\xdb\xf3\x95W\x0d\xd2\x13L\xf8\x9b\x8c\xd9\x5c\xe0\
\xae\xe6\xe6\xdc\xa3\xa3\xe7\xe6\x88\x8b\x22\xa2\xda\xd7\xe74\
K)\x96\x1e\xdcD\xb3\xe4\xba\x1f\xa0\x16\xdd(\x86\xe3\
\xdb\xbag]}a\xfb\xdb\xa5\xb3\xec&3\x1d\xe9\x1e\
\xf3\xcc\xc1\xa3\xdb\xae\xb94\x22\x1e7\xcb\xf3\xde\x97\xd4\
D\xf4\xcfh\xa2w\xa6[\xfe\x00\xb5\xc89\xa2;\x96\
?\x94\xd6\xd3\x8f\xad\xad\xa6\xa3\xa5\xf3\xec6\x05\xc6\xbb\
\x9c\x0e\x1c\x1e?-\xe5\xfc\xa2\x88\xf8\xe6\xd9\x9f\xff\xef\
\xa5\x88hOM\xd1\x7f@\x1bM\xb5\xf7%\x00\x16L\
\x8e\xe8\xd6\xf3\xff\x8dc\xe3\xa7\xad\xad\xf6\xff\xa4t\x9c\
\xdd\xaa\xd8\x05\xef\xd9O\xcf\xfdvi\xfc\xb3)\xe7\xe7\
F\xc4\xa3fy\xee\x14\x11\xed))\xfa\x0fhl\xeb\
\x0bP\x89\x1c\x11y=\x7f\xa1;\xd6\xfd\xbb\xab.\xea\
]Q:\xcfnW|\xf4{\xf2\x93s\xfb\xb7\x0f\x1c\
\xffx\xa4\xfc\xb4\x88\xf8\xb1\x88X\x9e\xd6\xb9\x9a~D\
{j\x13\xfd\xd3\x9aH\xae\xf8\x01\xaa\x90Gy<>\
\x11\x1f\xcc\xc3\xf1\xf3\xae~~\xff\x03\xa5\xf3,\x8a\xe2\
\x05\xe0d\xff\xf8W\xf2iK\xe3\xe1OF\x8e'D\
\xa4\xf3#\xe2\xac\x1d\x1d0E\xb4\xcb)\x9a\xfd)z\
+\xe9\x8e\xc9}U\xfd\x17\x03,\x9e\x1c\x11\xdd0\x8e\
w\xeb\xf9\xcf#wW\xb4\x1b\xed\xab\xd7V\xd3\xa8t\
\xaeES\xf5px\xee3\x06\xdf\x91S\xfb\x98\x9c\xf2\
##\xe5oK9=\x22\x22\x9d\x16\x91\xef\x17\x11\xfb\
\x22bo\xb4\x11)E\xa46E\xeaG4\xbd\x14i\
\xcf\x1d\xdb\xf76\xcb\xc9\x0e~\x00\x05\xe4.r\xca9\
\xe7q\x8c\xf2(n\xcb]\xdc\x92\xbb\xf8t\x1e\xe7?\
\x89\x95\xe6\x8dW?\xdb:~\x00\x00\x00\x00\x00\x00\x00\
\x00\x00\x00\x00\x00\x00\x00\x00\x00\x00\x00\x00\x00\x00\x00\x00\
\x00\x00\x00\x00\x00\x00\x00\x00\x00\x00\x00\x00\x00\x00\x00\x00\
\x00\x00\x00\x00\x00\x00\x00\x00\x00\x00\x00\x00\x00\x00\x00\x00\
\x00\x00\x00\x00\x00\x00\x00\x00\x00\x00\x00\x00\x00\x00\x00\x00\
\x00\x00\x00\x00\x00\x00\x00\x00\x00\x00\x00\x00\x00\x00\x00\x00\
\x00\x00\x1f\xb6\x8d)\x00\x00\x00.IDAT\x00\x00\
\x00\x00\x00\x00\x00\x00\x00\x00\x00\x00\x00\x00\x00\x00\x00\x00\
\x00\x00\x00\x00\x00\x00\x00\x00\x00\x00\x00\x00\x00\x00\x00\x00\
\x00\x00\x00\x80\xdd\xe2\xff\x03\xef?\x09\x08\xbe\x04\xb74\
\x00\x00\x00\x00IEND\xaeB`\x82\
\x00\x00G\xe2\
\x89\
PNG\x0d\x0a\x1a\x0a\x00\x00\x00\x0dIHDR\x00\
\x00\x02\x00\x00\x00\x02\x00\x08\x06\x00\x00\x00\xf4x\xd4\xfa\
\x00\x00\x00\x09pHYs\x00\x00\x07\x8f\x00\x00\x07\x8f\
\x01yp\x1c&\x00\x00\x00\x19tEXtSof\
tware\x00www.inksca\
pe.org\x9b\xee<\x1a\x00\x00 \x00ID\
ATx\x9c\xec\xddy\x98\x15\xe5\x996\xf0\xfb\xa9:\
\xe7\xf4\xbe\xb3\xf4\xc6*\xe0\x02(\x82\xfb\x16\x11\xd0\xc4\
\x8cFAI\xf2\xcdd\x8cI&\x99IB\xa2A\xd0\
,3\xe9If\x12\x05L\xcc:\x13\xbf\xe4s2\x99\
$\x0e*\xae\xc1\x85F\xdc\x8d\x0b(\x0a\xa2({w\
\xd3\x0dM\xef\xdd\xa7\xcfR\xf5|\x7f\xa0\x09*\xddt\
W\x9fZ\xce9\xf7\xef\xba\xf2G\xb0\xab\x9e[\xe9s\
\xea\xa9\xb7\xdez_\x80\x88\x88\x88\x88\x88\x88\x88\x88\x88\
\x88\x88\x88\x88\x88\x88\x88\x88\x88\x88\x88\x88\x88\x88\x88\x88\
\x88\x88\x88\x88\x88\x88\x88\x88\x88\x88\x88\x88\x88\x88\x88\x88\
\x88\x88\x88\x88\x88\x88\x88\x88\x88\x88\x88\x88\x88\x88\x88\x88\
\x88\x88\x88\x88\x88\x88\x88\x88\x88\x88\x88\x88\x88\x88\x88\x88\
\x88\x88\x88\x88\x88\x88\x88\x88\x88\x88\x88\x88\x88\x88\x88\x88\
\x88\x88\x88\x88\x88\x88\x88\x88\x88\x88\x88\x88\x88\x88\x88\x88\
\x88\x88\x88\x88\x88\x88\x88\x88\x88\x88\x88\x88\x88\x88\x88\x88\
\x88\x88\x88\x88\x88\x88\x88\x88\x88\x88\x88\x88\x88\x88\x88\x88\
\x88\x88\x88\x88\x88\x88\x88\x88\x88\x88\x88\x88\x88\x88\x88\x88\
\x88\x88\x88\x88\x88\x88\x88\x88\x88\x88\x88\x88\x88\x88\x88\x88\
\x88\x88\x88\x88\x88\x88\x88\x88\x88\x88\x88\x88\x88\x88\x88\x88\
\x88\x88\x88\x88\x88\x88\x88\x88\x88\x88\x88\x88\x88\x88\x88\x88\
\x88\x88\x88\x88\x88\x88\x88\x88\x88\x88\x88\x88\x88\x88\x88\x88\
\x88\x88\x88\x88\x88\x88\x88\x88\x88\x88\x88\x88\x88\x88\x88\x88\
\x88\x88\x88\x88\x88\x88\x88\x88\x88\x88\x88\x88\x88\x88\x88\x88\
\x88\x88\x88\x88\x88\x88\x88\x88\x88\x88\x88\x88\x88\x88\x88\x88\
\x88\x88\x88\x88\x88\x88\x88\x88\x88\x88\x88\x88\x88\x88\x88\x88\
\x88\x88\x88\x88\x88\x88\x88\x88\x88\x88\x88\x88\x88\x88\x88\x88\
\x88\x88\x88\x88\x88\x88\x88\x88\x88\x88\x88\x88\x88\x88\x88\x88\
\x88\x88\x88\x88\x88\x88\x88\x88\x88\x88\x88\x88\x88\x88\x88\x88\
\x88\x88\x88\x88\x88\x88\x88\x88\x88\x88\x88\x88\x88\x88\x88\x88\
\x88\x88\x88\x88\x88\x88\x88\x88\x88\x88\x88\x88\x88\x88\x88\x88\
\x88\x88\x88\x88\x88\x88\x88\x88\x88\x88\x88\x88\x88\x88\x88\x88\
\x88\x88\x88\x88\x88\x88\x88\x88\x88\x88\x88\x88\x88\x88\x88\x88\
\x88\x88\x88\x88\x88\x88\x88\xe8\x18\xc4\xef\x00DD~\x99\
\xf3\xc5\x97\xc3\x07J:\xc7[\xc0q\x00*\x04v)\
 e\xaa(\x06\x00\xc3\x90v\x00\xb0\x81^\x816\xdb\
\x8a\x16\x13vsCAx\x17\xea\xe6&}\x0dO4\
Bl\x00\x88(+\x8c\xbd\xe1\xd1\x82\xb0\xc8i6\x8c\
3\x01\x9c%\xc0\xc9\x00&\x00\x0898]\x0c\x8a7\
a`\x1b\x80\x97\x0d\x0bO\xed+2_aS@\xe9\
\x84\x0d\x00\x11e\xac\xdae\x8fMU5?\x0e\xd1\x8f\
\x03\xb8\x00@\xc4\xc5r\xdd\x10<\x03\x1b\xf7'a\xdd\
\xdb\xb2\xea\x92\x03.\xd6\x22\x1a16\x00D\x94Qj\
\xaf\x7f\xa4\xdc\x0e\x87\xff\x8f\xa8^\x0b`\xb6O1,\
\x00O\xa9\xe2\xf7(\x8c\xfe\xb1\xa9\xee\xb2>\x9fr\x10\
\x0d\x88\x0d\x00\x11e\x84\x9a\x1b\x1f?Em{\x99\x00\
W\x01\xc8\xf1;\xcf\x11:\x00\xb9C`\xfdG\xc3\xca\
\x8b\xdf\xf6;\x0c\xd1{\xd8\x00\x10QZ\xabZV\x7f\
\xbe!\xf8&\x14\x1fE\xb0\xbf\xd3l\x85\xdc\x09\x91\xef\
5\xad\xb8\xe8-\xbf\xc3\x10\x05\xf9\xc3B\x94\xd6\xe6|\
\xf1\xe5pcywM8a\x8f\xb7\x0c\xad\x82\xa0B\
T\xcb!\xa8\x80\x8d\x0a\x88\xe4\x02Z\x00\xc8{\xcf\xa5\
\x8bE`\xaa\xa2\x1d\x00 \x88A\xf1\xde\xd0q\x1b\x04\
\x07\xc4F\xab-rP\x14-b\xda\x07C\xb1\xd0\xbe\
\xdd\xb7\xcd\xed\xf0\xe5_\xd0g5\xdf\xa8\x9f&&V\
(\xf0\x09\xbf\xb3\x0c\x93\x05\xc5\xff\xc00\xbf\xd3\xb8b\
n\x83\xdfa({\xb1\x01 \x1a\xa1\xea\x1b\xd7\x8d7\
l9\xc9\x16\x9d)*'A1\x05\x82\x09\x00\xaa\x01\
\x98\x1eDh\x05t\x87\xc2\xd8a@\xdf\x81\xe2m\x00\
\xaf5\x14\x9aod\xe2\xac\xf4\xd1u\x1b\x0a#}\xc9\
\xefC\xe5+\x00\xc2~\xe7qL\xd1\x03\x03u\x95\x1d\
\xa5?\xddx\xfbi\x09\xbf\xe3P\xf6a\x03@4\x0c\
\xe3\x96?V\xad\xb6y&D\xcf\xb2\x05g\x89\xe2\x14\
\x00%~\xe7\x1a@?\xa0\x9b\xa1\xb2Q\x81M\x06\xf0\
RC\xe13[PWg\xfb\x1d\xcc\xa9\x9a\x1b\xd6_\
\x04\xd1\xdf\x00\x98\xe8w\x96\x14z\xdd\xb0\xf1\xf9}\xb7\
\xce\x7f\xc9\xef \x94]\xd8\x00\x10\x0db\xe2\xb2\x0d\x95\
\x09\xb1\x17@\xf5b\x1c~\x8dl\xbc\xdf\x99F\xe8\x10\
\x80'\x14\xd8`\xdb\xd8\xd0|\xeb\xfc7\xfc\x0e4\x14\
\x13\xeb6\xe4&z\xed\x1f\x01\xfa\x8f\xc8\xcc\xef\xad\x84\
\x02\xdfi*xfU:7h\x94^2\xf1\x83D\
\xe4\xdc\xd5\xab\xcdq\xe3+\xce\xb5\x0d\xbd\x1c\xc0\x02\x00\
3\x91\xc1\x9f\x13\x05\x9aE\xf1\xa8\x1a\xb8\xcfH\xe4?\
\xda\xf0\xe3s\xa2~g\xfa\xa0\xb17<:)$\xe6\
\xdd\xf0\xef\x95>/\xd5'\xd5\xfa[\xae!@^\xc8\
\xd8/6\xa2\xa1\x9a\xf3\xc5\x97\xc3\xfbK:\xe7\x0at\
\x11\x80+\x00\x8c\xf1;\x93O\xfa\x00<,\x8a\xfbB\
I\xf3\xa1 L.\xac]V\xffQ\x05~\x0f\xa0\xdc\
\xef,\x1e\xdam\xa8u\xd9\xbeU\x97l\xf1;\x08e\
66\x00\x94\xb5\xc6-\x7f\xec4U\xe3\xb3\x0a|\x1a\
\xd9u\x81\x19\x8a8T\x1e\x82\xe8\x1d\x8d\x05\xe6#~\
L&\xac^\xbe\xfeZQ\xbd\x1d\xce\x96\xeaMk\x02\
t\x01\xc6\xa7\x1bV^\xb4\xd6\xef,\x94\xb9\xd8\x00P\
V\x19{\xc3\xa3cB\x86\xf9\x19\xa8|\x16\xd0\x19~\
\xe7I\x0b\x82\xfdb\xe3\x7f,C\xef\xd8\xbfb\xc16\
/J\xd6.[w\x93B~\x80\xec\xfe\x8eJ*\xe4\
\xef\x9bV\xce\xfb\xa3\xdfA(3e\xf3\x87\x8b\xb2H\
\xd5\xd2\xc7\xe7\x18b/\x81\xe0S\x08\xd6*qiE\
\x80\xa7!z[C\xfe\xb3\xf7\xb95Y\xadfY\xfd\
\xbf\x03\xf8\x96\x1b\xe7NC\x16D\xaem\x5c1\xefw\
~\x07\xa1\xcc\xc3\x06\x802\xd7\xd5\xab\xcd\xea\x89\xe5W\
\x89\xe2k\x10\x9c\xe3w\x9c\x0c\xb3C\xa0?\x89\x15\x84\
\xee8X7\xb7'U'\xad^V\xbf\x5c\x80[R\
u\xbe\x0caC\xe4\xb3l\x02(\xd5\xd8\x00P\xc6\x99\
\xf3\xc5\x97\xc3\xfbK;\xffNT\xbf\x09`\xaa\xdfy\
2\x5cG\xdf\x98\x8a\xff\xdb>eb?\x12=?\xc4\
\xe2q\x8e\xdf\x22\xa8]^\xffEU\xfc'\xf8\xbdt\
4\x09\x15|\xbci\xc5\xfcu~\x07\xa1\xcc\xc1\x0f\x1a\
e\x8c)K\xd6\xe6Ds\xc3\x9f\x03d92k\xa1\
\x98 K\x1c8y\xfa\xdeDA\xeeq\x00vB\xf5\
kXT\xfe\xa7\xe1\x9e\xe4\xdd\xd9\xfe\x0f\xc1\x9b\x95\x13\
\xd3\x92\x00]j\x18\x174\xder\xd1f\xbf\xb3Pf\
`\x03@\xe9\xaf\xae\xce\xa8\xed;\xef\xd3\xaa\xf87\xf0\
\xc2\xef\xa9xq\xe1S\x07\xa7\x1f\x7f\xc1\x07\xfe\xf8!\
\x08\x96\xe0\xca\xb2\xddC9G\xed\xb2\xc7\xa6*\x8c\x17\
\x00\x94\xa5<`\xe6\xd9\xa7\xb69\xbb\xe9\xd6\xb9\xad~\
\x07\xa1\xf4\xc7\x06\x80\xd2Z\xf5\xf2\xfa\x05\x02\xdc\x02\xc5\
\xa9~g\xc9>\xd2\xbd\xff\xb4\x19\xfdv82\xfa(\
\xff0\x0a\xc5\x0a\xe4\x95\xfe\x10\x97Jl\xa03\x8cZ\
\xfeLQ\xae\xf6\xffY\x81\x93\x5c\x0c\x9aQ\x14x\xa4\
\xa9\xe0\x99\x8fs\xc5@\x1a)\xc3\xef\x00DN\xd4.\
{lj\xf5\xb2\xfa\x87E\xf1\x18/\xfe\xfe\xe8\xab(\
\xdb8\xc0\xc5\x1f\x00\xf2 \xf8.\xfa;_\xc5\x9a\x8e\
\x8b\x06:G\x8e\x1d\xfd\x09/\xfe\xc3#\xc0Gkz\
\xcf\xbb\xc9\xef\x1c\x94\xfe8\x02@i\xa5\xf6\xfa\xe7\xf2\
4\xdc\xf7M(\x96\x83\xaf\xf3\xf9G\xb5w\xff\x19\xb3\
bv(4\xd4\x05\x94\x1e\x82a\x7f\x19WT\xec{\
\xef\x0f\xaa\x97?~\xb9\xa8}\xbfK\x093]\xd2\xb6\
\x8d\xb3\xf6\xdfz\xd1F\xbf\x83P\xfab\x03@i\xa3\
v\xd9\xe3\x97*\xec\x9f\x01\x98\xecw\x96l\x17+.\
z\xaau\xfa\xb4\x0f>\xfb\x1f\x9c\xa2\x17\x22\xdfGY\
\xc9\xad\xd5\x0f=Q*\x86\xb5\x05\xc0Xw\x12f\x85\
W\x1b\x0b\xcc\xd33q\xcbg\xf2F\xd6-\xb1I\xe9\
g\xf2\x8d\xebJb\xb6\xacP\xd8_\xf4;\x0b\x01\x00\
\x92\xed\xc7M8n\xd8G\x09\x0a\x00\xbd\x19\xed\x1d\x8b\
y\xf1O\x89Y\xb5}\xf6\xd2\x06\xae\x9b@\x0eq\x0e\
\x00\x05Z\xcd\xb2\xfa\xbf\x89\xd9\xf2\x06\x00^\xfc\x03\x22\
\x99\x9f\xf3\xa2\x95\x9bS\xe3\xf4\xf8\xdc\xf6\xce\x16\x00\x7f\
\x97\xc2HYKU\xbf[{\xfdz\xc7\x7f\x17\x94\xdd\
8\x02@\x814\xbanCa\xa4\xd7\xfa\x19\x80\xcf\xfa\
\x9d\x85\xde\xaf\xab\xb66\xd7\xf1\xc1\x8ah\xf9\xf6wF\
\x837\x1f\xa9\x92\x87\x90~\x0f\xc0\xe7\xfd\x0eB\xe9\x87\
\x1fB\x0a\x9c\xeao\xac;5\xd2gm\x04/\xfe\xc1\
#\xd2\x14\xad(\x99\xe5\xf4\xf0\xc2\xa6\xe6\x87\xc5\xc6i\
\xa9\x8c\x94\xed\x14\xb8f\xfc\x8d\x8fO\xf7;\x07\xa5\x1f\
6\x00\x14 *\xd5\xcb\xd7\x7fULy\x1e\x8ai~\
\xa7\xa1\x0f\xeb/+~\x1b\x10\xa7\xdf\x1b}\xc5\x0dM\
\x93R\x1a\x88\x00\xc0\xb4l\xfb_\xfd\x0eA\xe9\x87o\
\x01P \x8cZ\xfeLQ\x8e\x1d\xfb/\x88.\xf4;\
\x0b\x0d\xec\xc0\xac\x93v'\xf2\xf2&:96\xbf\xe5\
\xd0\x03e;w_\x9e\xe2Ht\x98e@\x8e\xdf\xb7\
r\xde\x0e\xbf\x83P\xfa\xe0\x08\x00\xf9\xae\xf6\xa6\x0dS\
\x22\xda\xff</\xfe\x01g\xc8\x0e\xa7\x17\x7f\x00V\xe9\
\xee\xbd\xa3R\x19\x87\xde\xc7T\xb5\xaf\xf3;\x04\xa5\x17\
6\x00\xe4\xabq7\xae\xbbD-\xebE\x01\xf8\x0c3\
\xe0b\xc5\xc5\x0dN\x8f\x0d\xf7\xf5?-\xb6}v*\
\xf3\xd0\xfb\xa9\xc8\xb5\x93o\x5cW\xe2w\x0eJ\x1fl\
\x00\xc8757\xac\xbf\xce\xb6\xe5O\xe0&0i\xa1\
w\xech\xc7\x7fO\xa5;v\xb7\x83\x8f\x1c\xddV\x10\
\xb7\x8d\xab\xfd\x0eA\xe9\x83\xaf\x01\x92\xf7\xea\xea\x8c\x9a\
\xde\xf3W\x01z\xbd\xdfQh\xc8:\xa2e\xc5\xce\xd6\
\xecW\xb4\x86{\xfax\xf7\xef\x01=\xbc\xbe\xc2\xaf\xfd\
\xceA\xe9\x81#\x00\xe4\xa9)K\xd6\xe6\xd4\xf4\x9d\xff\
G^\xfc\xd3\x8b\x95\x13~\x1b\x22\x8en\x18\xf2\x0f\x1e\
zQ\xa0\x95\xa9\xceDG\xa3\x17T-]?\xc1\xef\
\x14\x94\x1e\xd8\x00\x90g&\xdf\xb8\xae$\x9a\x9b\xf3(\
T\x17\xfb\x9d\x85\x86'VT\xdc\xe7\xf4\xd8\xc2\xe6\x83\
\x5c\xab\xde;b\x8a~\xc2\xef\x10\x94\x1e\xd8\x00\x90'\
&^\xb7\xa14f\xe3Q@?\xe2w\x16\x1a\xbe\xfe\
\xf2R\x87\x93\xcb\xb4?\xdc\xdb3#\xb5ih0j\
\xe0b\xbf3Pz`\x03@\xae\xab\xfc\xe6\xda\xd1\x89\
\x90\xf5\x04 g\xfa\x9d\x85\x1cI\xf6\x97\x16Mur\
`\xb8\xa7\xef\x15@\xb8{\xa3\x97\x14\x17NY\xb2\x96\
[e\xd31\xb1\x01 WM\xb8\xee\x91\xaaP2\xf2\
\x04\x04\xa7\xf8\x9d\x85\x1c\x12\xd9\xab\xa6Y\xe0\xe4\xd0\xbc\
C\x1d\x07R\x1d\x87\x8e\xa9\xa0?'\xccI\x97tL\
l\x00\xc85\xd5K7\x8c\xb2\xc2\xa1z\x05\x9c\xcd\x1e\
\xa7@\xb0\x22\x91\x83N\x8f\xcdk\xeb\x08\xa72\x0b\x0d\
\x8dm\xe0t\xbf3P\xf0\xb1\x01 WL\xbcnC\
\xa9\x98\xd6c\xbc\xf8\xa7\xbfd^N\xbf\xd3c\xcdX\
\x8c3\xd2} *s\xfc\xce@\xc1\xc7\x06\x80R\xae\
\xba\xee\xc1\xfcd\xd8z\x00\x8aS\xfd\xceB#\x17+\
,p\xf6=\xa1\xda$\xaa\x8e\xe6\x0e\xd0\x08\xa9\xb2\x01\
\xa0cb\x03@)5\xbdnuDz\xf3\xeeS\xe0\
|\xbf\xb3Pj$\x0b\xf2\x8b\x9c\x1c\x17\x8e\xc6\xf6\x02\
\x88\xa48\x0e\x0d\x85\xc8dN\x04\xa4ca\x03@)\
\xa4\xd2\xd1S~;\x80\x05~'\xa1\xd4I\xe6D\x0a\
\x9d\x1c\x17\xe9\xeenKu\x16\x1a2#\x96\x9bS\xeb\
w\x08\x0a66\x00\x942\xd57<\xfe/\x10\x5c\xe3\
w\x0eJ-+\x12r\xb4\x07@\xb8\xb7\xcfJu\x16\
\x1a:[\xc1\xf9\x174(\xee\x05@)Q\xb3|\xfd\
g\xa0\xfa]\xbfsP\xca\xd9v(\x5c\xea\xe4@3\
\x96Hu\x16\x1a\x0eC\xc7\xf9\x1d\x81\x82\x8d#\x004\
b\xd5\xcb\x1e;\x17\xaa\xbf\x06w{\xcb<\x22\x9d\x10\
1\x9d\x1cj$\xe3\xfc~\xf1\x91(\x1c5n\x94=\
\xf8\x01\xa5\x11\x99p\xdd#U\x22\xc6]\xe0d\xaf\x8c\
\xa4\x82\xb8\xd3c\x8d\xb8\x95\x9b\xca,4<\x0a8Z\
\xbc\x89\xb2\x07\x1b\x00rl\xce\x17_\x0e'\x22\xa1;\
\xa1\xa8\xf2;\x0b\xb9D\xa1N\x0f\x15\xc0\xd1\xc8\x01\xa5\
\x0c\x1b\x00\x1a\x14\xe7\x00\x90c\xfbK:o\x15\xc5\x05\
~\xe7 \xf7\x08`;>Xm\xc7\xcd\x03\x8d\x9cB\
\x1c\xbd\xbeY{\xfd#\xe5\x1a2?)\x06\x9ei\xc8\
{v+\xea\xea\x9c\xff\x0eP\xa0\xb1\x01 Gjn\
X\xb7\x18\xd0%~\xe7 \xd79\xff\xf2\x17a\x03\xe0\
#\x81V::0\x1c\x9e\x02\xd5_\xaa\x0d\xd4\xf4\x9e\
\xd7\x89\xe5\xf5\xcf\xa9\xe2\x09\x15}p\xff\x8a\x05\xdbR\
\x1c\x93|\xc4\x06\x80\x86\xadj\xe9\xfa\x09\x10\xfd\x95\xdf\
9\xc8}\x0au\xbe\x96\xbfa\xf0\x11\xa3\xbf\xce\x06T\
\x80\xe15bj\xe3\x9c#\xa6\xf3\x96@\xf11\x01>\
&*\xb7\xd4\xdc\xb0\xee\x1d\x18\xf2\x80\xd8\xfa`Ca\
\xe8\x19\xd4\xcdM\xa6<5y\x86\x1fP\x1a\x9e\xba\x0d\
!\xc3\xb0\x7f\x0fp\x86q6\x10UG\xc3\xc8\x00`\
\x9bf,\x95Yh\xd8j\xab\x97\xaf\x9f?\xac#\xea\
\xea\x0c\x88\x0e\xbc\x96\x87\xc8\x14(\xbe\xa1\x22\x1bjz\
\xad\xe6\x9ae\xeb\x7fY\xbd\xec\xb1s\x0f7\x1a\x94n\
\xd8\x00\xd0\xb0\xd4\xf6%\xbf\x03\xc8\xb9~\xe7 \xafH\
\x1eT\x1d\xdd\xe5\xd9\xa1\x90\xe37\x08(5\xc4\xc6\xca\
\x89u\x1b\x86\xfc6Fm\xdfy_\x000k\x88?\
^\x01\xe8?\x09\x8cgj\x96\xad\x7f\xa7fy\xfd\xf7\
\xaa\x97?~\xbc\xb3\xa4\xe4\x07vm4d\xe3\x96\xd6\
\x9fn\x1bx\x1e\x9c\xdd\x9dU\xf6\x9f~J\x87\x1d\x0a\
\x0d{\xc4\xa7l\xc7\xde\xb5\xf9\x07\x0e^\xeaF&\x1a\
\x96\xbbJ\x0b\xda\xfenk\xdd\xe2A\x1b\xb2\xea\x1b\xea\
\xe7\x8b\xe0!\x00#\xdcC@_P1~e$\xf2\
\xeel\xf8\xf19\xd1\x91\x9d\x8b\xdc\xc4\x06\x80\x86dz\
\xdd\xeaHGo\xc5F@g\xf8\x9d\x85\xbcu`\xd6\
\xf4=\x89\xbc\xdca/+[\xd8\xd4\xb2\xbedO\xc3\
<72\xd1\xb0=\xaf\x96~\xa5\xe9G\x0b^\xf9\xe0\
?\x18{\xc3\xa3\x05\xa6\x98K\x05\xf8g\xa4v^X\
;D\x7f\xab\x96\xfd\xab\xa6[/y3\x85\xe7\xa5\x14\
a\x03@CR\xbb|]\x9d\xaap\xa9\xdf,\xd46\
m\xd2\xa6hE\xf9\xec\xe1\x1e\x17\xe9\xeey~\xf4\x96\
\xb7\xcev#\x139bC\xf1g\x18\xbaA!MP\
\x14\x0a0\x13\xc0\xa5\x00\xca]\xac\xab\x00\x9e\x80\xea\x7f\
6\x16\x86\xd6p\xe2`p\xb0\x01\xa0c\xaa\xbd\xa1\xfe\
d\x15\xbc\x04\xae\xf6\x97\x95\xba\xab+\x9f\xee\x9aP3\
\xec\xed\x9d\xc5\xb6\x1b\xaa_x\xa5\x0a|dD\xef\x11\
\xec\x17\xe8\xed\xa1x\xe8\xb6\xdd\xb7\xcd\xed\xf0;N\xb6\
\xe3$@\x1a\x5c]\x9d\xa1\xa2\xb7\x83\x17\xff\xac\x15\x8e\
F\x1d\xad\x05\xa0\x86Q\xab\xc0\xdeT\xe7\xa14\xa6\xa8\
R\x95\xef&\xc2\xd6\xae\xeae\xeb\x7f8\xe1\xbaG\xb8\
\x8a\xa8\x8f\xd8\x00\xd0\xa0\xaa{\xcf\xfd, g\xfa\x9d\
\x83\xfc\x13\xea\x8f9n\xfe\xac\xdc\x9c\xdd\xa9KB\x19\
\xa4T\xa07%\xc3\xa1]\xb5\xcb\xea\x7fS\xb9\xb4\xfe\
$\xbf\x03e#6\x004\xa0\xf2%k\x8b\x01\xf9w\
\xbfs\x90\xbf\xcc\xfe\xb8\xb3\x15\xe5\x00\xc4J\x8azR\
\x99\x852N\x8e\x02\x9f3\x0dl\xa9YV\xff`\xcd\
\xb2\xc7\x86\xfa\x0a\x22\xa5\x00\x1b\x00\x1aPnn\xce\xbf\
\x09\xe0\xf8\xcb\x9f2\x83\xa8=A\x92V\xb7\x93c\xfb\
\xc6T\xf0\xf7\x87\x86B\x00\xfc\x0d`l\xacYV\xbf\
\x9a\xeb\x09x\x83\x93\x00\xe9\xa8\xc6\xdf\xf8\xf8t\xcb\xb6\
_\x05\x97\x8b&\x00m'L\xd9\x1c-+9e\xd8\
\x07\xaa\xc6k\xfe\xfcJ\x17\xa0\xa3\x5c\x88E\x99\xcb\x02\
\xf0{1\xcd\xef7\xdc<\xf7\x1d\xbf\xc3d*\x8e\x00\
\xd0Q\xd9\xb6\xfd\xef\xe0\xc5\x9f\xde\x95\xd3\xd1\xe9l\xc6\
\xb6H$\x99\x9b\xbb)\xc5q(\xf3\x99\x00\xfe^-\
k[\xed\xb2\xfa\xdf\xd4^\xbf\xbe\xc6\xef@\x99\x88\x0d\
\x00}H\xed\xf2\xf5g(p\xb9\xdf9(8r\xda\
\xbb\x1d\xaf\x0e\xd7S5\x9a\xdf3\xe4TH\x81\xcfi\
H\xb7W\xdfP\x7f\xf3\xa8\xe5\xcf8\xde\x9b\x82>\x8c\
\x1fL\xfa\x10U\xac\x00\x1f\x0f\xd1\x11\xccX\xffIP\
M89\xb6ot\xc5\xe9Pp2 \x8dD\xbe\x08\
n\xcc\xd1\xfem5\xcb\xd6\x7f\x16uu\xbcv\xa5\x00\
\xff#\xd2\xfb\xd4.]\xff1@?\xe2w\x0e\x0a\x16\
\x01\x8as:;\x1d-\xe7\xaa\xa6Q\x92\xc8\xcf}>\
\xd5\x99(+\xd5\x00zGM\xdfy/\xd7,\xaf\x9f\
\xebw\x98t\xc7\x06\x80\xdeG\x0d\xfd\x17\xbf3P0\
\x15\xb6\xb4\xb59=\xb6k\xc2\xb8\xfcTf\xa1,\xa7\
8\x15\x8a\xc7k\x97\xd5\xdf[\xb5t\xfd\xb0\xf7\xa9\xa0\
\xc3\xd8\x00\xd0_\xd4\xdc\xb0\xfe\x22\x00g\xf9\x9d\x83\x82\
)\xa7\xb3k\xac\xd3c\xfb\xcb\x8a\xcfV\xd3x#\x95\
y\x88\x14\xb8\xc20tk\xcd\x0d\xf5\xdf@\xdd\x06N\
Z\x1e&6\x00\xf4W\x82o\xf9\x1d\x81\x82K,\xeb\
\x84pOt\x87\xc3\xc3\x8d\x9e\xaa1\x0d)\x0dDt\
X\x01\x04\xb7\xd6\xf4Y/\x8e[Z\x7f\xba\xdfa\xd2\
\x09\x1b\x00\x02px\xe6?\xa0\xdc\xba\x95\x06U\xdc\xd8\
\xb4\xcf\xe9\xb1]5\xd5\xe7Bdg*\xf3\x10\xfd\x85\
\xe2T\xdb\xc0\x9fk\x96\xd5\xff\xea\xf0*\xa6t,l\
\x00\x08\x00`\xab\xde\xe4w\x06\x0a\xbe\x9c\xf6\xae\x898\
\xbc\xbd\xeb\xf0\x19R\xd0]5\xf6\xed\x94\x06\x22z?\
\x03\xc0\x17\xf3r#oT/\xaf\xbf\xc2\xef0A\xc7\
W\xbd\x08UK\xd7O0\x0c\xdd\x01n\xdbJC\xd0\
z\xd2\xb4\xd7c%E3\x9d\x1c+\xaa\xd1\xaa\x17^\
i\x11\xd5\x89)\x8eE\xf4a\x8a\xdfFc\xf1\xaf\xb5\
\xfd\xec\xd2.\xbf\xa3\x04\x11G\x00\x08\x22\xfaO\xe0\xc5\
\x9f\x86\xa8t\xe7^\xc7\xef\xf4\xabH^\xe7\xa4qN\
\xe7\x11\x10\x0d\x8f\xe0\x9a\xbc\xdc\xc8k\xe3\x96\xae\xbf\xc0\
\xef(A\xc4\x11\x80,7e\xc9\xda\x9chnd/\
\x801~g\xa1\xb4\x91l>u\xe6\x01+7R\xed\
\xf0x\xad|y\xf3\x0bf\x22\xc97N\xc8+\xb6\x0a\
~^\x96\xdf\xb6lk\xdd\xe2\xb8\xdfa\x82\x82#\x00\
Y.\x9a\x9b\xf3i\xf0\xe2O\xc3\x13*\xdd\xbdo\xfb\
\x08\x8e\x97C'M\xad\x00\x10KU \xa2c0D\
\xf1\xb5\xf6\xde\xf2g\xb9\xd3\xe0_\xb1\x01\xc8z\xf6\x17\
\xfcN@\xe9'\xb7\xbd\xe3d\xb1,\xc7\x8f\x02\x12\xf9\
\xf9S\xfb\xc6\x94?\x91\xc2HD\xc7$\xc0i\xa2\xf6\
\xa6\xea\x1b\xea?\xefw\x96 \xe0#\x80,V{\xd3\
\x86)jY\xdb\xc1\xdf\x03r\xa0\xaf\xa2\xfc\x89\xf6i\
\x93.t|\x02E\xb2r\xe3\xe6\x97\xf9(\x80|r\
{iA\xdb\x92l~$\xc0\x11\x80,\xa6\x96}\x0d\
x\xf1'\x87\xf2\x0e\xb5\xcd6\x92\xc9v\xc7'\x10\x84\
\x0e\xce<\xa1\x0a\x22\xce\xcfA\xe4\xdc\x17;z\xcb\x1e\
\x9f\xb8lC\xa5\xdfA\xfc\xc2\x06 [\xd5\xd5\x19\x80\
~\xc6\xef\x18\x94\xbe\x04(.{g\xcf\xe6\x91\x9c\xc3\
\xca\xc9\x99\xd06u\xd2\xdb\x00\x92)\x8aE.\x11;\
\xd9o&\xa3m\x80:[\x07\x22\x90\xe4\xdc\x04\xac\x97\
k\x96\xaf\xcb\xcaQ(\xde\xfde\xa9\x9a\xe5\xf5s\xa1\
x\xdc\xef\x1c\x94\xf6z\x9bO\x9d\xd99\x827\x02\x00\
\x00\xa5;\xf7\xac+hi]\x90\xaaP\x94\x1aF\xb2\
\xafc\xec\xee\x87_-\xecxg\xa2\xa85\x11\x00\xa0\
\x88[\xe1\xfc-\xad5\xe7\xc7;\xc7\xcc>\x13\x90L\
\xb8\x8e\xc4\x04\xf2\xd5\x86\x95\xf3~\xedw\x10/e\xc2\
_\x1c9P\xbb\xac\xfe\xe7\x0a|\xc5\xef\x1c\x94\xfe\x92\
9\x91\x17Zf\xcf<s\x84\xa7\xd1\xd1\xaf\xbf\xf1D\
\xa4'\xca-^\x03\xa2\xa0\xf3\xed\xcd5o\xdf]\x0b\
\xd5\x8a\x81~&\x11.|y\xef\xcc/M\xb3\xcc\x9c\
\xccXzW\xf1\xcb\xc6=m_\xc3]\x8b-\xbf\xa3\
x\x81\x8f\x00\xb2\x92\x8a\x02\x5c&\x93R\x22\x14\x8b\x9f\
\x99\xdf\xd2\xfa\xe2\x08O#\x07g\x9exA\x22?\xef\
\x99\x94\x84\xa2\x11\xc9\xef\xd9\xbb\xb5f\xfb]\xc7\x0fv\
\xf1\x07\x80p\xa2\xe7\xb4\x89\x9b\x7f\xb1G\xd4\xce\x8c\x89\
t\x82/\xd7L,[S]\xf7`Vl_\xcd\x06\
 \x0b\xd5,\xaf?\x13@\x8d\xdf9(s\x94\xed\xda\
W%\xb6\xdd7\xb2\xb3\x88y\xe0\xe4\x13\xcfHF\xc2\
\xcf\xa5&\x159!j\xc7k\xb6\xfd\xa1\x18@\xeeP\
~\xde\xb4\xfagV\xeez \x83\xfe\xce\xe4r\xe9\xcd\
\xab\xaf\xf9f\xfd\xa0\xcdO&`\x03\x90\x85\xc4\x96\x85\
~g\xa0\x0c\xa3\xf6\xb8\x8am\xef\xbc4\xe2\xf3\x88D\
\x0e\xcc\x9e1;\x99\x97\xf3l\x0aR\x91\x03\xe5\xcd\xcf\
\xbf$\xb0\xc7\x0d\xe7\x98\xc2\xd67\xe6\x88\x9d\xecw+\
\x93\x0f\xceF\x12O\x8f[\xfe\xd8\x88\xe6\xb6\x04\x1d\x1b\
\x80,\xa4\x06>\xe1w\x06\xca<9]\xdd\x17\xe4\x1f\
h\x1b\xe9\xa3\x00\xa8\x18\xb9-\xb3\xa6\x9f\x15+.\xe4\
$U\x1f\x14\x1fxm\xd8\xfb\x82\x88\xa0\xa8\xa8s\xfb\
V7\xf2\xf8\xe8D\xdb\x96'\xabo\x5c7\xde\xef \
na\x03\x90e*o\xda0\x11\x8ai~\xe7\xa0\x8c\
$e;vO2\xe2\xf1\xd6\x14\x9c\xcal\x9d~\xfc\
\xdc\xde\xd1\xa3\xd7\x03\xc8\x8a\x09YAa&{\xca\x9d\
\x1c\x97\xdb\xdd\xd4\x9b\xea,\xbe\x13\x99\x22\xb6<9\xfe\
\xa6\xfa\xc9~Gq\x03\x1b\x80,\x13\xb2\xad\x8b\xfd\xce\
@\x99LG\x8f\xd9\xf2\xe6.@\xed\x14\x9cL:\xa6\
\x8c\x9f\xd76m\xf2F\x88\x1cL\xc1\xf9h\x08D\x1d\
^\x17\xc4\xce\xa0\xf5\x01\xdeg\xa2ea}\xcd\xf2\x0d\
\xb5~\x07I56\x00YFm\xf0]kr\x95\x19\
K\x9c^\xf1\xd6\xce\xa7Ru\xbehE\xd9\x19\xcd\xa7\
N\x8f\xaa\x19z-U\xe7\xa4\x81%#ymN\x8e\
\x8b\xe6Ue\xf2\xcc\xf9\x89P{]\xe57\xd7\x8e\xf6\
;H*\xb1\x01\xc8&W\xaf6!\x98\xe7w\x0c\xca\
|\xb9m\x1d\x1f)l>\x90\xb2\x89|VN\xce\xf8\
\xa6\xd3O\x9e\xd1[9\xfai\x00#|\xdb\x80\x06\xd3\
S~\x92\x93\xc9|\xfd\xbd\xa5SOLy\x98@\xd1\
\x13L+\xf2h\xf9\x92\xb5\x99\xb1\xe6\x01\xd8\x00d\x95\
q\x93JO\x05P\xe6w\x0e\xca\x0aR\xb2k\xdf\xec\
\x9c\xce\xee7RwF1:&\x8d?\xff\xc0\xa9\xd3\
\x1b\xecp\xe8\xd5\x94\x9d\x97\xde\xe7P\xf5\xf9s \xc6\
\x81\xe1\x1c\xd3[<\xf1\x05;\x94[\xe8V\xa6\xc0P\
\x9c\x9a\x9b\x13Y\x8d\xba\x0d!\xbf\xa3\xa4\x02\x1b\x80,\
\xa2*g\xfb\x9d\x81\xb2J^\xc5\xb6\xed\xa3\xc2\xd1\xe8\
\xeeT\x9e4\x91\x9b;m\xffi\xa7\xcc\xea\x9cT\xfb\
\x9c\x8a\xb1+\x95\xe7&\xc06\xc2\x05\xcd\x93/\xdb\x8d\
!N\xbeT\x09\xedj\x9e\xb2h\xb6\xbb\xa9\x82C\x04\
\x97\xd4\xf4\xda?\xf5;G*\xb0\x01\xc8.l\x00\xc8\
S\xa2\x183\xe6\xd5ma\xb3?\xb6/\xd5\xe7\xee\xa9\
\x1c{\xce\xfe3g\xd5tW\x8f}\x16\x22M\xa9>\
\x7f6\xeb*\x9f~Fk\xedE/\x00\x88\x0e\xf6s\
\xb6\x99\xb3m\xf7\xcc\x7f\xc8\xb1\xcc\x9c\x22\x8f\xa2\x05\x84\
\xfeS\xed\xb2uK\xfcN1R\xdc\x0b \x8b\xd4.\
\xab\xdf\xa9\xc0$\xbfsP\xf6Q\x91\xbd-\xa7\xce\xc8\
\xb1r\x22c\xdd8\xbf\xa8\xc6\x0a\x1b\xf7?W\xd4\xd0\
\x5c+\xaaS\xdd\xa8\x91\x8d\x22\xd1\x83{\xaaw\xdc\xd7\
\x10\xee;x\xb2\x08\xfez\x91\x17sw\xc7\xe8Y{\
\x0e\x8e\x9f\x7f\x96\x8a\x99\xe3cD?% zA\xe3\
\x8a\x05\x7f\xf6;\x88Sl\x00\xb2\xc4\xc4e\x1b*\x13\
\xb0\xf6\xfb\x9d\x83\xb2\x98a\xecl>ez\xeeHw\
\x0e\x1c\x94\x029\xed\x1d\xaf\x956\xeco\x0b\xf5F\xe7\
\x00\x9aew\xa6.Q+\x11\x89\x1e\xda\x17\xd2X<\
\x1e)-K\x86\x8b\x5ci\xe4\xd2\xd0^\x840\xbb\xf1\
\x87\xf3\x0f\xf9\x1d\xc4\x89\x8c\x98\xc8@\xc7\x16W\xfb\xf4\
\x8c\xd8\xb4\x93\xd2\x97mO\xae|uK\xd3\x81\x19'\
\xeeH\x14\xe6\x1d\xe7J\x0d\x01b\xe5\xa5'\xb7\x94\x97\
Bl;\x9a\xdf\xd2\xfaB\xc1\x81\xd6X\xb8/z\x12\
\x80Q\xae\xd4\xcc\x06b\x86\xe3\xf9c&g\xc6\x8e?\
)5\x1eI\xdc\x01\xe0r\xbf\x8381\xec%\x1f)\
=\x15\x9fs\xcd\xd5\x10\x5c\xe4w\x0e\xcazE\x05\x07\
[%^X\xb0\xc3\xca\xcd\x19\xe3j%\x91p\xa2\xa8\
\xa0\xb6\xb7r\xf4\x84\xeeqU\xb9\xf1\x92\xe2\xb7\xd4\x90\
-\xa6m5\x88eC\x80\x12W\xebS\xb68\xbe\xf8\
\xdck\xf6t?\xf7\xdfi\xf7f\x0a\xef\x09\xb3D\xcd\
\xf2\xfa?B\xf1)\xbfs\x10\xbd\xab\xafsB\xed\xe6\
\x9e\xea\xb1\xbeML5\x92VO\xa8\xafow\xa4\xb7\
\xaf;\xd4\x1fK\x86\xa2\xb1\x84X\xc9\xb0a\xd9!\xb1\
\xec\x1c\x88\xc6T\x0e\xdf#\xa9i\xd8V$\x12O\xe6\
\xe5\x18VN$\xc7\x0aGrm\xd3\x08E\xfa\xa2\x9d\
\xf9\x07\x0eJ(\x1a\x9b\x8d!\xee\x9eG\x19\xa9C\x92\
2\xa3\xe1\xc7\xf3\x1a\xfd\x0e2\x1c|\x04\x90%T1\
\x93\xdd\x1e\x05H~\xc9\x9e\x86\xb3r\xdb\xbb\x9el=\
i\xca\xb9\x10\xf1\xfc\xbb\xc8\x0e\x99\x85\xf1\xe2\xa2\x19\xf1\
b\xe7\xd3\x04b\xa5\xc5\xe8\xae\x1e\x8bp\x7ft\xdf\xa8\
\xad\xdb[\x8dx\xf2\xd4\x14F\xa4\xf4Q\xaa!\xfb\x97\
@zm\xb4\xc6kB\x16\x98\xb2dmN47\xd2\
\x0d \xecw\x16\xa2\x0f\xb2C\xa1W[N9\xb1\xd6\
\x8eD\xd2\xfa\x19\xbd\xa8\xc6\xc7\xbc\xb2\xe5\x95P,~\
\xa6\xdfY\xc8\x1f*\xb8\xb8i\xc5\xfcu~\xe7\x18*\
\xae\x03\x90\x05b9\xe6T\xf0\xe2O\x01e$\x93\xb3\
*7\xbdn\xe7\xb7\x8c|+a?\xa9H\xe4\xc0)\
'MW \xe5k\x1ePz\x10\x95\x1f\xa5\xd3*\x81\
l\x00\xb2\x80\x85\x10\xdf\xfd\xa7@\x13\xc5\x98\xb2\x9d\xbb\
\xce\x18\xfb\xea\xd6\x0dF\xd2j\xf7;\x8fSj\x9a\x85\
\xdd\xb5U\xbb\xfd\xceA~\xd1\x19\xb5=\xc9k\xfdN\
1T|\x04\x90\x05jo\xa8\xff\x9a\x0a~\xe2w\x0e\
\xa2!jj?nBC\xdf\x98Qg\xf8\x1d\xc4\x09\
\xb1\xac\x9e\xea\x17_\xcd\x05\xe7X\x05\x8e(\xac\xbc\xae\
\x1d\xaf\x17v\xec\xe8\x0c%:\x15\x0a$s\x8b\xa5\xb7\
xrq_\xc9\x94\x99\x8a\x94\xccE\xd9\xd9X`\x1e\
\x8f\xba\xb9\xc9\x14\x9c\xcbU\xfc\x05\xcd\x02*2\x11\xc8\
\xd4\xad\xba)\x03U\x97\xed\xd8S]\xbcg\xff\xc6C\
\xd3\xa7\x94%\xf2\xf3&\xfb\x1dh8\xd44\x0b\xd50\
\xde\x11\xdb\x9e\xe2w\x16:\xccL\xf6\xb5T\xee|h\
K~\xe7\x8e\x13\x04:\xeb\x83\xff\xbc\xb4y#\x14\xc6\
\xfe\xfe\x92\x09o\xec\x9ft\xd9\x89\xc9p\xe1H\x16\xab\
\x9a\x5c\xdb\x93\x5c\xdc\x00\xfca\x04\xe7\xf0\x04\x1b\x80\xa0\
Y\xad\x11\xe4\xb4\x8e\x82\x1d\xce\x03P\x0a[\x0b\xa0F\
\x1e\x0c-\x06\xb4\x08\x02\x1b*\xbd\x00\x00A'l\xd8\
\x10\xbb\x1fj\xf4\xc1J\xb6\xa0\xbd\xe2\x00\xbe$\x89#\
O)\xd0I\xbc\xfcS\xba1\x93\xf19c6\xbf\x91\
\x88\x15\x17=\xd9v\xfc\xc4\x19v(R\xe1w\xa6\xa1\
R\x91\x18\x87W\x03A\xcb\x9b_\xa8\xaf\xd8\xb7~\x96\
`\xf0\xad\xd0\x05vU^\xe7\xae\xaa\xc9\xaf\xfe\xac\xb3\
\xad\xea\xcc\x0d\xad\xb5s?\x02\x88\xa3\xc7\xe4*r#\
\xd2\xa0\x01\xe0\xef\xa8\x1f\xee?X\x84d\xe8T\x18\x98\
\x0c\xc5$\x08&A1\x11\x87\xd7\xe9\xaf\xc6\xc8\xe7f\
\xb4\x008\x00H#\xa0-\x95\x9b^\x9bm\xc6\x123\
G\x1a\x9b\xc8G\xbd\xb1\xb2\xa2\x17\xda&O\x9anG\
\xc2\x81_\x86\xb6\xe6\xf9M\x8d\x80\xd6\xf8\x9d#\xcbY\
\xe3\xde\xfa\xfd\xc3y]{\xfe\xc6\xc9\xc1\xb1\xfc\xb1\x8f\
\xef=\xe9\xf3\x17\xa88\xbbQ6\xc4>}\xdf\x8a\x8b\
_vr\xacW\xd8\x00\xb8m\xb5\x9a0\xdaN\x80a\
\xcc\x010\x07\xc0\xb9\x00f\xc1\xc3U\x18\xc7\xbe\xb2\xa5\
)\xd4\x1fso\xfdu\x22\xef\xf4\xc5\x8a\x8b^\xea\x9c\
4~R\x22?w\xbc\xdfa\x8e\xc6\x8c\xc5\x9a*7\
m\xa9\x02\xbf_\xfdd\x8f\x7f\xe3\xb7\xebr{\x1b/\
\x19\xc9I\xe2\xf9\xa3\xebwO\xff\xc2\x5c@\x86\xfd}\
-\xaa?oX\xb5 \xd0;\x06\xf2\x17\xd4\x0d\xf7\xf7\
\x8cE2y\x19\xa0\x97C0\x0f@\xbe\x9fq\xaa_\
x%*\xb6\x9d\xe7g\x06\xa2\x14\xb3\xadP\xe4\x95\xae\
\x09U\xc9\xbe\xd1\x15\xa7A\x86\xff\x05\xed\x96\x8a\xed;\
\x9e\xc8=\xd4q\xa1\xdf9\xb2Yy\xe3\x13\x8f\x8dj\
z\xee\xe2T\x9c\xab\xa3r\xce#\x07\xc6]\xf2Q\x07\
\x87\xb6Vv\x96Vo\xbc\xfd\xb4\xc4\xb1\x7f\xd4\x1f\x9c\
\x03\x90*\xf7\x1d:\x09\xb6\x5c\x0e\x18\x9f\x80\x958\x03\
\x12\x90W,\x15\xbdb\xdb\x05~\xc7 J1\xc3L\
\xc6\xe7\x94\xed\xd8\x83\xb2\x9d{\xf6\xc7\x8a\x8a\xb7w\xd7\
V\x96\xc7\x8a\x8bf@\xfc\xbb\xb1\x09G\xa3\xbbs\x0f\
up! \x1f\x85\xa3mo\x8fj|\xee\xacT\xfd\
\x16\x94\xee\xdfxA\xd7\xa8Y[\xfb\xf3\xc6N\x1f\xe6\
\xa1\xa3\x9aJ:\xce\x02\xf0tj\x92\xa4\x1e\x1b\x80\x91\
\xb8cW.J\xca.\x83\xe8\x17ac\xfe\xe1?\x0c\
\xdat;m\x07\xc0\x06\x802\x97\xa2*\xa7\xab\xab*\
\xe7\x8d.@\xb0?VT\xb4\xbdo\xf4\xa8\x82hE\
\xc9\x89j\x9a\x9e\xfd\xee\x9b\xfd\xf1\xa6\xd1\x9b\xb7\x19\x00\
8\xda\xe6\xa3\xda\xb7\xff\xd8\x0c\xc1\xd4\x94\x9dP\x90_\
\xbd\xfd\xce\xae\x9d\xa7|}\xd8\x87\x1a\x82\x05`\x03\x90\
a\xd6tM\x03\x92\x9f\x03\xe4\x0b\x80V\x04\xee\x9a\x7f\
\x04\xb1\xed.\xbf3\x10yFQ\x95\xd3\xd5]\x95\xd3\
\xd5\x8d\xb2\x1dH\xaai\xbe\x1e+-<\x14-++\
\x88\x15\x15\xd5X\xb9\x91\x94\xcf\x85\x11\xd5DaC\xf3\
\x0b\xc5\x8d\xfb\xa7C\xb5,\xd5\xe7\xa7\xa1\x8b\xc4\xda\xde\
\x0e\xc7:S\xbe\xc1T(\xde{Vn\xb4yk\x7f\
^\xe5\xf0F\x01\x14\xf3\x01\xfcK\xaa\xf3\xa4\x0a\xe7\x00\
\x0c\xc7=m\xe7B\xe4{@\xfal\xabk&\x12\x1b\
+_~m\x8e\xdf9\x88\x02A\xa4\xdd6\xcd=\xc9\
\xfc\xdc\xaedn\x8e&s\xf3B\xf1\xbc\x9c\x22;7\
\xa7\xd8\x8a\x84KT$r\xb4Q\x03IZ\xdd\x02+\
\x1e\xeaO\xb4\x87b\xfd\x9df4\x1e\x0d\xf5\xc7\x92\xe1\
\xde\xbeH(\x1a\x9d\x22\x0aw\xb76\xa6!\x19\xb7\xed\
w\xeb\xf3z\xf6\x0d\xfa\xba\x9fS\xb1\xfc\xca\x0d{\xa6\
\x7fn\xeep\x0fk,0\x0b\x83\xba(\x10G\x00\x86\
bM\xdb\x0c@\xfe\x05\xc0\xd5~G\x196[\x03\xf9\
\x8bG\xe4\x0b\xd52#\x99,\x8bt\xf5 \xd2\xd53\
\xd8O\xf6\x02H\x00(}\xf7\xff\xbf\xb7e`\xda\xac\
E\x90\x8drz\x9a\x5c[4*\xd2w\xe0\x04\x1c~\
\xc6;\x9c\x1b\xe7\x9c\x9a.kr#\xb0\xdd\xa5X#\
\xc2\x06`0\xf7\xb6O\x84\xad\xdf<<\xd4\x1f\x90I\
}\xc3$\xb6m\xfb\x9d\x81(\x0dq\xdeL\x9a\x09\xc5\
;\x1b\x0dX\xae\xed{\x22\xb0\xabr\xa3\xad\xef\xf4\xe7\
\x8d\x1a\xd6\x0a\x8f\x1a\xc2I\x08h\x03\x90\x96\x175\xd7\
\xad\xde\x97\x87{\xdan\x81\xe2m\x88|\x11i\xfc\xdf\
I l\x00\x88(\xe3\x15\xb5o\xdf\xe3v\x8d\xc2\xf6\
7\xf6\x0f\xf7\x18C1\xc1\x8d,\xa9\xc0\x11\x80\x0f\xba\
\xa7\xed\x5c\x88\xf1k@O\xf0;JJXV\x80\xa7\
(\x12\x11\xa5F8\xda\xe6\xfa\xfb\xf6\xa1\xfevk\xb8\
\xc7\xd8@\x89\x1bYR\x81\x0d\xc0{\x1el\xcaG\x22\
\xf7_\x00Y\x06h\xda\xde\xf1\x7f\x90\xa1\xe0\x08\x00\x11\
e\xbcP\xa2\xcb\xf5\x9b\x9dp\xbc{\xd8\x13\xe7\x05(\
v#K*\xb0\x01\x00\x805m\xe7!!\xff\x03\x04\
w\xa8\xc69\x9b#\x00D\x94\xf1\x0c\xab\xdf\xf5\x1b7\
\xd3\x8e9XqR|]\x09v0\x19s\xa7\xeb\x88\
\xaa\xe0\xde\xf6\xaf\x03\xf282\xf2\xe2\x0f\x80\xafz\x12\
Q\x16\xb0B\x85\xae\x8fv\xc6\xcd\x82a?\x02\x10\xd5\
A_7\xf1S\xf6\x8e\x00<\xd8\x94\x8f{;~\x0b\
\xe0*\xbf\xa3\xb8\xc9\x16#\xbb\x9b<\x22\xca\x0a\xc9H\
\x91\xeb\xdfuv\xa4h\xd8#\xaa\x0at\xbb\x91%\x15\
\xb2\xb3\x01\xb8\xe7`\x15\x12\xa1\xfb\x01\x9c\xeew\x14\xd7\
\x99&G\x00\x88(\xe3\xc5\xf3FG\xdc\xae\xd1\x9f7\
j\xd8\xd7L5\xa4\xdd\x8d,\xa9\x90}w\x87\xf7w\
N\x81\x84\x9eG6\x5c\xfc\x01\xa8\xe1\xdd\xb6\xc3DD\
~\xe9.;~\x1a\x80a\x0f\xd1\x0fGO\xf9\x89\x13\
\x87{\x8c\xa1\xfa\x8e\x0bQR\x22\xbbF\x00\xeen=\
\x01\x96]\x0f\xa0\xc6\xef(^Q\x18l\x00\x88\x9c\x12\
iWA'\xc4\x88*Ta\x98\xfd\x7f\xf9g\xb6\x1d\
1\xacd5 \xe5>&\xa4w\xd9\xa1\xdcr5\x22\
[\xc5\x8e\x0fw\xd7\xbe!Q1\xdfIF\x8a\x87\xb5\
\x08\x10\x00\x18f0\x17\x01\x02\xb2\xa9\x01X\xd3~\x0a\
\x80\xc7\x80\xecZ\xb3\x9b#\x00D\x83S`\x9f\x1d\x0e\
7'\x0b\xf2\xfab\x85\x85f\xbc\xb8\xb0$\x99\x93S\
f\xe7\x84F\xa9\x18e\x00\x06\xdd\xe0'\xa7\xb3{k\
\xe9\xae=\xdd\xa1h\xec,\x8f\x22\xd3\x00zJ\xa7\xec\
/j{\xc3\x95\x06 Z<i7\x80\xe15\x00\x8a\
\x9e\xbd;\xda\x5c_\xa0\xc8\xa9\xech\x00\xee\xe9<\x1d\
\xb0\x1f\xc51>\xc8\x99HM\x83[\x93\x12\xfd\x95e\
\x9b\xc6\x9b\x89\x82\xc2\xd6\xbe\xd1e\xb9\xfd\xa5\xc5\xc7\xd9\
\x91\xc88\x00\xe3\x9c\x9e0VR4\xbde\xd6\x0c\x14\
\xee?\xf0\x5c\xc9\xee}s\x00\xe4\xa4..\x0dG\xf3\
\x84\x8bZk\xabE\x00\x00 \x00IDATO.\
j{\xa3\x07@a\x8aO\x1dk\x99\xf8\xd1\xe3\x87{\
\x90\x02\xcf\xe2\xae\xc5\xae>\x96\x18\x89\xcco\x00\xee\xed\
8\x0ej?\x84,\xbc\xf8\x03\x80\x1aF`W\xa1\x22\
\xf2\x84Hw2\x12\xd9\xda7\xa6\xdc\xea\xad\x1cu\x82\
\x1d\x8a\xb8r\x87\xd8S5\xe6\x1cQ}\xb6xO\xc3\
\xb9n\x9c\x9f\x8eMC\xf9c\xfa\x8a\xc6\xad\xcb\xef\xde\
\xb7 \x95\xe7\x8d\x15T>\x93\x88\x14\x0f{\x97AC\
\xf4\x89T\xe6H\xb5\xccn\x00\x1e\xec\x1a\x85\x84\xb5\x16\
Y6\xec\xff~\x92\x95\x8d\x0fe=\xcb\x8a\x84^\xe9\
\xa9\xae\x8a\xf7V\x8e\x9a\xadbx2<\xdf]=\xf6\
\xdc\x82\xe6\x03/\x99\xb1xVL2\x0e\xa2\xa6\xa9\x9f\
\x9cu\xdc\xa6\x1f\xed\x12\xd8)\xd9\x18H\x81\xe6\x86i\
\x9f<\xc9\xc9\xb1\x96m\xaeKE\x06\xb7d\xee[\x00\
\xab\xf7\xe5!a?\x00`\x9a\xdfQ|\x96\xa7\x86\xd1\
\xebw\x08\x22/\xa8!-}\xa3+\x9eh\x9e=\xf3\
P\xf3\x9cSN\xeb\xa9\x1as\x8e\x8a\x91\xebe\x86\xce\
\x09\xe3\xc2^\xd6\xa3\xf7\xb3\xcd\xc8\xe8\xfdS\x176\x22\
5o\x04\xe8\xc1I\x1f\x7f\xcb\x0a\x15T98v\xc7\
\xfe[/\xda\x98\x82\x0c\xae\xc9\xcc\x06@U`\x16\xfe\
\x01\xd0\xb3\xfd\x8e\x92\x22\x09@\x9a\x01\x1c\x02\xd0\xfe\x81\
\xff\x1d\xf3\x97\xdc\x8a\x84\xdb\xdc\x8dG\xe4/5d{\
\xd7\xb8\xeag\xf6\x9fqjY\xfb\x94\x89\x17Z9\x11\
\xdfF\xfd\xfa\xcbK\xa6C\xc1\xa6\xdbG=\xa5\xd3\xce\
k\xab9\xef\x11\x00\xc9\x11\x9cF;G\x9f\xfaH\xc7\
\xa8S>\xe2\xf0\xf8\xff\x1dAmOd\xe6#\x80\xfb\
:\x97Ap\x85\xdf1\x86\xe1m\x00[\x00\xdd\x0e\xc8\
v\x88\xee\x07\xccC\xb0\xb5\x15yV+.\xad\xe8\x1a\
\xf4\xe8\xd5\xdd\xa3\x11\x8a\x8d\x82\x9a\xa3a\xc8h\xa8\x8e\
\x87\xc8\x14\xa8N\x050\xd5\xce\x89\xf4\xa0?\xe6x\x92\
\x13Q`\x19\xb2\xa3sBmK\xcf\xd81gC\x82\
1\xda\xa7\x22a5\xa5Ql-\xf0;K6k\xad\
\xbe\xe0\xe36\x8c\xc7F5<u!\x04\xc3]$(\
\xd1Vu\xf6\xfa\xd6\xda\xb9\x1fsX^\xd5\xb6~\xe7\
\xf0X\xcfd\xde*q\xf7\x1d:\x07\xb6\xf1\x04\x80\xa0\
\x0e\xc3\xd9\x006B\xf1(\xc4~\x16\xc9\xd0\x8bX\x5c\
\xe2\xea\x1dz\xcd\xb2\xfa\xbb\x01,r\xb3\x06\x91\xa7\x0c\
i\xec\xaa\xa9\xda\xd5]Sy6D\x02\xf7\xaak\xf5\
\x0b\x9bv\x8b\xad\x13\xfd\xceA@\xa4\xef\xe0k\xe3\xdf\
\xfc\xef\xb8a\xc5N\x1b\xca\xcf\xab\x84\xdfj\x9c\xf6\xc9\
h_\xf1\xf8Y\x8e\x8b\x0a\x1en\x5c1\xffR\xc7\xc7\
{$\xb3F\x00\xd6tU\xc0\xb6\xeeD\xf0.\xfe\x16\
\xa0\xeb\x01\xf9\x03\xc2\xe6\x9fpYq\xab\x97\xc5E\xb1\
S3\xaf\xd5\xa3\xec\x14\xeb\xaf(y\xbem\xcaqg\
\xaa!\x81\x5c\xd0Kl\x8d\x89\xad\xd5~\xe7\xa0\xc3\xe2\
\xf9\xa3O\xdeq\xea\xd2DI\xeb\xc6\xa7\xcb\x1a\x9f\x8f\
\x84\x13]\xb3\xf1\xe1kD2\x19.\xda\xd8^uF\
\xacc\xcc\xe9g\xaa\x18#z\x95SUn\x1b\xc9\xf1\
^\xc9\xac\x06\x00\xd6\xff\xc3\x08\xde\xe7uA\x03 ?\
\x87&\xfe\x1b\x8bF\xef\xf7+\x84\x1a\xb2\x13\xca]\x81\
)\xbd\xd9\xe1\xf0\xa6\xd6\x93\xa6\x96'\xf2\xf3.\xf4;\
\xcb`\xf2Z\x0f\xbd\x0a\xe0L\xbfs\xd0_\xa9 \xdc\
1z\xce\xf9\x1d\xa3\xe7\xc0\xb4b]\xb9}\x8d\xdb\xc2\
\xd1\xf6^(\x90\xc8)+\xe8/\xaa\x1eo\x99\xb9)\
\xf9;S\xe0\xe5\xa6\x95\x17\x05z\xf6\xff{2\xa7\x01\
X\xd3\xf6)\x00\x97\xfb\x1d\xe3]\xafA\xf4f\x1c(\
\xbb\x1b_\x92\x84\xdfa\x0c\xb1w\xd9\x1c\x02\xa0\xf4\x15\
\xed\xad\x1c\xf3R\xc7\xc4q\xe7C\x82\xfe\xd8R\xed\x92\
\xdd\xfbR\xbd\x08\x0d\xa5\x90e\xe6\x14\xf7\x16M>\x19\
EnU\x90o\x03\x92\x16w\x5c\x99\xd1\x00\xac\xee,\
\x07\xec \x0c\xb94@\xe4\xfbH\x94\xfc\x06\x8b%0\
\xab?\xa9\x84v\xb8\xbcG\x06\x91+l\xd3\xdc\xda:\
\xe3\xf8\x82D~\xde\x05~g\x19\x8a\x8a\xed;\x9f2\
,\xfbB\xbfs\x90o\x9ehZ9\xef1\xbfC\x0c\
Uf4\x00!{%\x80\xb1>&H@p3:\
:~\x80k'\xf5\x1f\xfb\xc7\xbd\xd5\x90\x8b\xdd5\xbd\
\x88\x81K\x94R\x1a\x89\x95\x16?\xd9z\xc2\x94s!\
\x12\xfc\xef)U\xabb\xfb\xce\xa7s\xdb:\x9c\xbe2\
F\xe9/\x09\xc3\xb8\xce\xef\x10\xc3\x11\xf0\xe1\xb4!X\
\xd3\xfe\x11\x00\x1b\xe0\xdf\xbf\xcbf\xd8\xb8\x16W\x95\xbd\
\xe2S\xfd!\xa9Y^\xbf\x09\x8aS\xfd\xceA4\x04\
}\x9d\x13\xc7\xbd\xdaS5\xe6\x1c\xbf\x83\x1c\x8b\x99H\
\x1e\xc8o>\xb0\xbd\xb8\xa9\xb9\x0a\xb6\x1e\xe7w\x1e\xf2\
\x91\xe0G\x8d+\xe6/\xf5;\xc6p\x04\xbf\xb3\x1e\x8c\
\xaa\xe0\xde\x8e\x95\xf0\xeb\xe2\xaf\xf2\x1f\xb0J\xae\xc3b\
\x89\xfbR\x7f8l\xbc\x06a\x03@\x01gH\xe3\xc1\
\xe9\xc7\xf7\xc6\x0b\x0b|\xb9\xf8\x1b\x96\xd5\x96\xd3\xd5\xbd\
/\xdc\xd5\xdb\x15\x8eF\xe3f\x7f\x7f\xae\x99\xb0\x0aE\
\xed0l\xe4\x03j\x88j\xf1\xbb?\x9e\x83\xc3\xcb\x8c\
g\xf1R\xe3\xf4\xae\xbd\xf1|\xf3\xbb~\x87\x18\xae\xf4\
n\x00\xd6t.\x86\xc0\x8f5\xb7\x93\x00\x96bQ\xe9\
O}\xa8\xed\x8c\xe8\xe6L\x18\xf0\xa1\xcc\xa5\x86\xf1N\
\xcb\xac\xe9\x85VN\xc4\xb3\x05}\xcchto\xe1\xc1\
C\xbbs\xdb:sB\xfd\xf1j\xa8=\x0e@\xb9W\
\xf5)#\xd8P\xb9\xf6`\xdd\xdc\x1e\xbf\x83\x0cW\xfa\
6\x00\xbf\xd20\xd0\xf1o>T\xee\x86\xe0r\x5cY\
\xf6\x84\x0f\xb5\x9d\x13}\x0d|\x13\x80\x02JM\xf3\xf5\
\xe6\xd93\xc7\xd9!\xb3\xd4\xedZ\x91\x9e\xdem\xc5\xfb\
\x9a\x0eD:\xbb&\x8bb<\x80\xf1n\xd7\xa4\x8c\xf6\
\xe3\xc6U\xf3\x1e\xf7;\x84\x13\xe9\xdb\x00\x8ci\xff\x02\
T\xa6x\x5c\xb5\x03\xb0/\xc5\x95\x15\xcf{\x5cw\xc4\
$a\xbf\xa2!C\xc1a\x00\x0a\x18;\x1c\xde\xd4<\
{\xc6\x09j\x18\xf9n\xd50\x92\xc9\xf6\xe2\xbd\x0d\xaf\
\xe7\x1fl\x1b/\xb6\x9e\x08\xe0D\xb7je\x1c\xb5\x12\
E\x1d\xefl\xc9\xeb\xda\xddeZQ\x8dG\xca\xcc\xee\
\x8a\x93\xc6\xc7\xf3FO\xf0;Z\x00l\xca\xeb\x8f\x7f\
\xdb\xef\x10N\xa5\xe7\xc5`\x83\x86\xd0\xd6\xb1\x1d\x82\x94\
l\xf78D\x1d\x10\x99\x8f+K\x03\xbd\xbb\xd3`j\
\x97\xd5oU\xc0\xd1\xb6\x96Dn\xb0C\xa1\xcd\xcds\
fNu\xeb\xe2\x1f\xee\x8d\xee-\xdd\xb9wo\xa4\xa7\
g6\x00\xd7\x1a\x8cL5\xaa\xe1\xc9\xa7\xcb\x9b\x9f\x9f\
\x06\xb5?\xf4\x96\x95\x15\xca\xdf\xd40\xed\x93\xc5\xb1\x82\
*\xafo\xc4\x82\xe2\x90e\x9a\xa75\xdf<w\xb7\xdf\
A\x9cJ\xcf\x11\x80\xf6\xf6\xab \xe2\xe5\xc5?\x01\x95\
\xab\xb10}/\xfe\x00`\x03\xcf\x09\x1b\x00\x0a\x08\xdb\
4\xb74\xcf\x9eq\x9c\x1b\x17\x7f\xb3?\xb6\xbfb\xfb\
\xce]\xe1\xde\xbe3\xc1!\xfea\x13\x85=~\xdbo\
\x9e\xcb\xe9m9\x7f\xa0\x9f1\x93}\xb3'\xbcqG\
o\xf3\xe4\xcb_\xee\xaa\x981\xa4u\xf63\x88\xa5\x82\
O\xa7\xf3\xc5\x1fH\xdb\xed\x80\xe5zO\xcb\xa9,\xc1\
\xa2\xd2zOk\xbaA\xe49\xbf#\x10\x01\xefN\xf8\
\x9b=s\xbc\x9afJW\xcd\x93\xa4\xd53j\xeb\xf6\
\xa7+_\xd9R\x11\xee\xed;\x07@\xe06\x0aJ\x07\
cw\xdf\xffTNo\xcbyC\xf8\xd1\x82\xca\x9d\x0f\
\x9c\x98\x1bm\xd9\xe1z\xa8\x00\x11\xc57\x9aV\xccO\
\x8b\xe5~\x07\x93~\x0d\xc0\xbd\xed\x17\x028\xc3\xb3z\
\x82\xdb\xb0\xa8\xf4W\x9e\xd5s\x15\x1b\x00\x0a\x029\xd8\
r\xca\xf4\x5c;d\x16\x1f\xfbg\x87\xaep\x7f\xcb\xf3\
U/o\xee\xcd\xe9\xea>\x1f\x18\xf6\xf6\xaf\xf4\xaeP\
\xa2\xfb@q\xeb\xd6\xe1\xac\x8b_P\xfd\xd6]\xae\xee\
h\x1a(\xa2\xb75\xac\x9a\x9f>o\x80\x0d\x22\xfd\x1a\
\x00\xe8?zX\xecutt|\xd3\xc3z\xaejZ\
1w;\x04\xbemJD\x04\xa0\xbf\xf5\xc4)-V\
n\xa46U'4\x12\xc9\xce\xcaW\xb6l,\xd9\xdd\
p\xb6\xa8\xfa\xb9\x22hF(ozn\x1b\x80\xbc\xe1\
\x1c\x13Jt\x9d\x16\x8au5\xb9\x14)H\xeei\xcc\
\x7f6\xad\x16\xfb\x19Lz5\x00\x0fu\x94A\xf1\x09\
Oj)z\x01\xf3\xaa .\xed\xeb\x9c(l\xa4\xcd\
:\xd5\x94y\xba\xc6\xd7n\x8c\x95\x16\xcfH\xd5\xf9\xf2\
\x0e\xb5m\xac\xdc\xf4Z\xbf\xd9\x1f\x9b\x93\xaasf\xbb\
\x82\x8e\x1dN\x96\x0c\x97\xa2\xb6m\xbbR\x1e&P\xf4\
\x81\xd2\x82\xb6\xff\x83\xba:\xdb\xef$\xa9\x92^\x0d@\
\xc2\xfe[@r=\xa9%\xf2\xafXX\xbc\xdd\x93Z\
\x1eR\x91G\xfd\xce@\xd9)Q\x98\xfftw\xcd\xd8\
sSr2\x85\x96\xbf\xbd\xeb\xd9\xf2\xed\xbbf\x8b\xcd\
\xbb\xfeT2\xad\xd8\xb0\xee\xfe\xdf\x13\x8e\xb5'S\x9d\
%8\xf4\x81\xd2\x82\xf6\xab\xb7\xd6-\x0e\xfe\xaa\xaf\xc3\
\x90^o\x01\xa8\x5c\xebQ\xa5\xad8X\x12\x84\xdd\x05\
S\xcf6\xd6\xc1\xb0l\xa4[\xf3GiM\x0d\xe3\x9d\
\x83\xd3\x8fO\xc9]\xba\xa8\xf6\x8d~\xf5\x8d\x8d\xe1\xfe\
\xfe\x01g\xa8\x93sv(\xa7\xdf\xb0\xa2\xc3>\xce\x8a\
\xe4g\xe6w\x8a\xe0\xe1\xbchb\xf1\xd6\x95\x99u\xf1\
\x07\xd2\xe9\x22pw\xe7T\x00\xb3=\xa9\xa5X\x82/\
I\xc2\x93Z\x1ek\xbaun\xab\x02\x9b\xfc\xceAY\
%zp\xfa\x09\x92\x8a\xd7\xfd\x8c\x84\xd5Q\xf9\xd2\xe6\
=\xbc\xf8\xbb\xa7\xaf\xa8f\xf8W\x7f\x00}\xc5\x93G\
\xa5:\x8b\xef\x04\x7f*\xcdo\xbb\xe2\x9d\x9f]\x1a\xf3\
;\x8a\x1b\xd2\xa7\x010t\xa1'uD\x1f\xc5\xa2\xb2\
\x0d\x9e\xd4\xf2\x89(\x1e\xf0;\x03e\x8f\xbe1\x15/\
$\x0a\xf3F\xbcS\x9e\x19O\xb6Tnz\xad\xd5\xb0\
,\xae\xe2\xe7\xa2\xb6\xaa\xf3\x8e\x030\xac\x1b \x15s\
w\xb4\xb0\xe6\x04\x97\x22\xf9\xe5\xa1\xbch|Q\xa6\x0d\
\xfb\x1f)}\x1a\x00x4\xf9O\xd2oG\xa7\xe1\xb2\
\x14\xf7\xf8\x9d\x81\xb2\x83\x1a\xc6[\xed\x93'\x8c\xf8\xb9\
\xbf\x19\x8b\x1f\x1a\xbb\xe9\xb5\xa8\xd8v\xb6\xae:\xe7\x99\
xn\xc5\xb8\xde\xa2\x09\xc3ze\xf8\xc0\x84\x05\xcd\x80\
\xa4\xe7\xca\xb2G\xa5\xff\xd9X`^\x99\xa9w\xfe\xef\
I\x8f\x06`\xf5\x81J@\x87\xf3^\xaaC\xf2\x08\xae\
(y\xc1\xfd:\xfej\xbeu\xfe\x1b\x00\xb6\xf9\x9d\x83\
2^\xb2\xf5\xc4i6D\xc2#9\x89\x91\xb4\xda*\
_\xdd\xd2)\xaa\x13S\x94\x8b\x8e\xa1\xe9\xf8O\x9fm\
\x85\xf2\x87\xf4\xa8\xb0\xb7t\xf2\x93\x9d\xa3g\x9f\xe5v\
&\x8f\xd8*\xba\xbcq\xe5\x82\x7fB\xdd\xdc\x0c\x9e\xd4\
xXz4\x00\xa1\xf0\xc7\xe0IV\xeb'\xee\xd7\x08\
\x0a\xe1(\x00\xb9*^\x5c\xf8\x5c\xbc\xb8`D\xc3\xf5\
\xa2\x1a\xab|\xe5\xf5}\xb0ur\xaar\xd1\xb1\xa9\x18\
\x91\x1d\xb3\x96\xcc\xec)\x9e\xfc$\x14G\x1d\x02W\xa0\
\xfdP\xd5\xb9O7N\xfd\xd4G\xbc\xce\xe7\x92\xa8@\
\x177\xadX\xb0\xd2\xef ^I\x97\xb7\x00.\xf2\xa0\
\xc6\xdbx\xad<\x8b\xde\x91\xb7\xee\x01\x8c\xef\xf8\x9d\x82\
2\x93\x02]\x87\xa6\x1e7\xb2\xf7\xfd\x15:f\xf3\xd6\
\xcd\x92\xb4\xbc[\xf9\x93\xfeJ\xccp\xd3\xf1\x9f\xfaH\
(\xd6\xd5T\xbe\xff\xb9\xb7\xf3{\xf7\x85\xc4\x8a\x85m\
#?\xdeS1\x0d\xed\xa3O\x9be\x87r3e2\
\xe6\x01\x88~\xa2a\xc5\x82?\xfb\x1d\xc4K\xe9\xf1\xcc\
fM{#\x80jWk(n\xc0\xa2\xb2[]\xad\
\x1105\xcb\xea_\x030\xd3\xef\x1c\x94yz\xc7T\
<\xd9q\xdc\xc4\x11\xdd\x19\x96\xee\xdc\xb3\xa1\xa0\xa5u\
n\xaa2\x11\x0d\xe0u\xd3\xc4\x15{o\x9e\xbf\xd3\xef\
 ^\x0b\xfe#\x80\xbb[O\x80\xdb\x17\x7f\xc0\x86e\
\xdd\xe9r\x8d\xe0Q\xfc\x97\xdf\x11(\x03\x19\xd2\xd89\
i\xc2\x88\x9e\x09\xe7\xb4wm)hi\xcd\x94\xbbK\
\x0a\xae\xff\xd2\x82\xe8Y\xd9x\xf1\x07\xd2\xe1\x11\x80\x19\
\xba\x00\xaa\xee\xd6\x10<\x8e\xc5\xa3\x1a\xdd-\x12<\x89\
\x08~\x1fN\xe0f\x00#\x9a\xa4Et\xa4\x9e\xaa1\
;\xd4\x90\x1a\xa7\xc7\x1b\xc9d{\xc5[\xef\x8cF:\
|?Q\xba\x8a*\xf4\xabM+\x17\xfc?\xbf\x83\xf8\
)\xf8#\x00j\xbb\xbf\xcf\xb4jVN\x88;\xf0\x83\
\xf9-\x80>\xecw\x0e\xca$r\xb0\xab\xb6\xe6\xf4\x91\
\x9ca\xd4\x96\xb7\xde\xe0\xa6>\xe4\xa2\xb7a\x18gg\
\xfb\xc5\x1fH\x87\x06@\xc4\x83\x06@\xb2\xf6\x22\xa8b\
\xfe\xc6\xef\x0c\x949zG\x97\xbf\xa1\x868ZK\x1e\
\x00\xf2\x0f\xb6m\x0eG\xfbS\xb3_\x00\xd1\x07\x89\xac\
\x8e\xf6\xc7Ok\xbc\xe5\xa2\xcd~G\x09\x82`\x0f\xb1\
\xad\xd5\x1c\xf4wLw\xb9\xca\x16,*\xdb\xe3r\x8d\
\xc0j\xda\xd5\xfa\xa7\xda\x89\xe5\xbb\x14\x98\xe4w\x16J\
s\x8a\xde\xce\x89\xe3\x1c/\xd7-\xb6\xdd_\xb6c\xf7\
\xe8TF\x22zW\xa7B\xbf\xd1\xb4b~\xd6\xdf\xf5\
\x1f)\xd8#\x00\xd1\xce\xe9\x00\x22\xae\xd6\x10y\xca\xd5\
\xf3\x07\xdd]\x8b-\x15\xfc\xc2\xef\x18\x94\xfe\xe2E\x85\
\x9b4d\x169=\xbet\xc7\x9e\x17\xa1\xea\xf6\x84_\
\xca>\xeb\xd4\xd0\x939\xe4\xffa\xc1n\x00\xc4v\x7f\
\xcdo[\xb3\xea\xbd\xcf\xa3\x09\xc7\xcd\xdf@\xd1\xe3w\
\x0eJo]\xe3\xab+\x9c\x1ek$\xe2\x87\xf2\x0f\xb5\
\x9f\x9a\xca<\x94\xf5\xfaD\xe4\xa6\xc6\x82g>\xdat\
\xcb\x82\xbd~\x87\x09\xa2`7\x00*\xeeo.\x112\
_t\xbdF\xc0\xed\xbemn\x07D\xff\xc7\xef\x1c\x94\
\xbe\xd44\xdf\x8c\x95\x14\x9d\xe4\xf4\xf8\x8a\xed\xbb\xb6A\
\xd5\xf1\xe8\x01\xd1\xfb\xc9\x93\xa6\x89\x99\x0d+\xe6\xdd\x82\
\xba:\xdb\xef4A\x15\xec\x06@\xe0v\x03\xd0\x81W\
\x8a\xdev\xb9FZ\x10\xe8\x8f\x00X~\xe7\xa0\xf4\xd4\
7\xba\xbc\xc5\xe9\xb1F\x22\xde\x16\xe9\xea\x99\x93\xca<\
\x94\xb5:\x14\xf8jc\xc1\xd3\x17e\xeb\xbb\xfd\xc3\x11\
\xec\x06\x00p{\xe7\xaf\x97P'\xec\x0e\x014\xac\xbc\
\xf8m\x81\xae\xf6;\x07\xa5\xa7\xee\xca1\x8e\xd7\xea/\
\xdb\xb5\xef5\x00\x8e\xdf\x1c z\xd7C\x10sf\xd3\
\xca\xf9\xbf\xe0]\xff\xd0\x04\xfb-\x00\xa0\xd6\xdd\xd3\xcb\
Fw\xcf\x9f^D\xed\x1f\xa8\x98\x9fB\xba,\x11M\
\x81`\x1b\xe66+/\xd7\xd1|\x1d\xb1\xadX\xee\xa1\
\x8e\x93S\x9d\x89\xb2\xca6Q\xfdr\xc3\xaa\x05O\xf8\
\x1d$\xdd\x04w\x04`\xf5\xbe<\x00\xa3\x5c\xae\xc2!\
\xa2#\xec[u\xc9\x16\x05\xee\xf3;\x07\xa5\x97\xfeQ\
\xa5\x8e\x87\xff\x0b\x9b[7\x02(Oa\x1c\xca\x1e}\
\x02\xfdfiA\xdb,^\xfc\x9d\x09\xee\x08@Nq\
\x0d,\x97Gq\x04Y\xfb\xfe\xff\xc0\xe4\xdf\x00\xbd\x02\
\x1c\x05\xa0!\xea\x1d3\xaa\xd2\xe9\xb1\x85M-\xb9\xa9\
\xccBYA\x15\xf8\x03\x0c\xfdV\xe3-\x0b\xf66\xf8\
\x9d&\x8d\x05w\x04\xc0J\xba\xbf \x88\x1a\xbb]\xaf\
\x91f\x9aV\xce\xdb\x04\xc1\xff\xfa\x9d\x83\xd2\x84H{\
\xbc\xa8`\x9a\x93C\xcd\xfe\xf8~#\x91\x98\x95\xeaH\
\x94\xd1\x9eWC\xcekZ9\xff\xef\xf8j\xdf\xc8\x05\
w\x04\xc0\x0e\x15\xc3pu\x04@\x91\xec\xdc\xe7f\x81\
te\xa8|\xc7\x86.\x027\x09\xa2cHF\xc2\xdb\
\x019\xd3\xc9\xb1EM\xfbw\x00\xa8Jq$\xcaL\
\xdbT\xe5\xc6\xa6U\xf3\x1e\xf4;H&\x09\xee\x08\x80\
\xa9%.W8\x80\xc5\xe3\xa2.\xd7HK\xfbV\xce\
\xdb!\xc0\xed~\xe7\xa0\xe0\x8b\x95\x95\xc4\x9c\x1e\x9b\xd7\
\xd6Q\x98\xca,\x94y\x14h\x86\xc8?5\x16\x98'\
\xf3\xe2\x9fz\xc1\x1d\x01P\xb8\xdc\x00H\x9b\xbb\xe7O\
o\xf10\xbe\x1fN\xe0\xef\x01pq\x16\x1aP\xb4\xbc\
\xd4\xd1\xea\x7f\x92\xb4z\x8cD\xd2\xed}>(}\xb5\
@\xb1\x02\x85\xd1\xffl\xac\xbb\xac\xcf\xef0\x99*\xb8\
#\x00\xaa\xc5.\x17\xe8v\xf7\xfc\xe9\xed\xc0\x0f\xe6\xb7\
\xa8\xe8\xf7\xfd\xceA\x81f\xc7\x0b\x0b&:90\xbf\
\xad\xfdM\xf0\x11\x13}\xd8\x01\x08n\xd0\x82\xe8\xe4\xc6\
U\xf3\x7f\xd4\xc4\x8b\xbf\xab\x82;\x02 p\xb9\x01\xe0\
\xda\xf7\xc7\xd2\x94\x1f\xfaqM\xaf\xf5\x19\x003\xfd\xce\
B\xc1\xa3b\xecQ\xd3t\xb4\x8bd^k;?\x7f\
t\xa4V\x11\xfdE_4\xf1\xa3\xb6\x9f]\xda\xe5w\
\x98l\x11\xdc\x11\x006\x00\xfe\xab\x9b\x9b\x84\xd8\xd7\xfb\
\x1d\x83\x82\xc9\xca\x894;=6\xd2\xdb[\x96\xca,\
\x94\xb6v\xaa\xc8\x92\xa4Z\x13\x1bV,\xa8\xe3\xc5\xdf\
[\xc1m\x00l\x97G'D\xd8\x00\x0cA\xe3\x8a\x8b\
\xd7C\x84K\x04\xd3\x87$\xf3r\xe2\x8e\x0eTUI\
ZSS\x1c\x87\xd2\xcbKP\xfdd\xe3\xee\xb6iM\
+\xe6\xfd\xbce\xd5%\xbd~\x07\xcaFA~\x04\xc0\
\x8di\x02\x22\x14O\x5c\x97\x0c\x87\x16\x00\xe0]\x1b\xfd\
E\x22/\xcf\xd1\x0dD\xb8\xaf\x7f\x1f\x80\xf1)\x8eC\
\xc1g\x03X+\xb0W5\xac\xbc\xf8I\xbf\xc3P\x90\
\x1b\x80\xc3\xbf,n\x9e\xdet\xf7\xfc\x99c\xcfm\x1f\
\xdd_\xb3\xbc\xfez(\xfe\xcb\xef,\x14\x1c\xc9\xc2<\
G\x1b\xf8\x84\xfb\xa2-`\x03\x10(\x22\xd8\x08\x1b\x8f\
\x03h\xb0\x0d\xcd\x11\x95\x19\x00.Ej\x96c?$\
\xd0;\x04\xc6\x7f\xee[9oG\x0a\xceG)\x12\xe0\
\x06@-WW\xa3\xb5%\xc0\xff\xee\xc1\xd3\xb8b\xfe\
ok\x96\xad[\x0c\xc8\xa5~g\xa1`H\xe4\xe59\
Z\xc3?\xd4\x1b\xedOu\x16rl\x13\x14_mX\
9\xff\xf9\x0f\xfe\x83\xda\xeb\x9f\xcb\xb3\xc3\xbd_\x15\x95\
\x7f\x85\xa3\xdd\x1a\xf5\x05\x88\xfcG8\xdf\xfc\xdf\xddu\
s\xf9w\x1e@A\xbe\x08\xba\xfb\x08@\x02\xfd\xef\x1e\
L\x12\xfa\x12\xd4\xda\x02\xb8\xbdF\x03\xa5\x03;\x1cv\
\xb4\x90O$\xda\xa7\xa9\xceB\x0e\x08\xfe$\x89\xfc\xab\
\x1b~|\xceQ\x17D{\xf7\xcfWV\xdf\xb8\xfeY\
\xc3\xd6\x87\x15C\x9a\x98\xdd*\xaaw\xdab\xdc\xd1\xb4\
r\xfe\xa6\xd4\x06\xa6T\x0b\xee$@\x18n\xcf\x01\xe0\
*d\xc3\xd4\xb8bn\x03D\x96\xf8\x9d\x83\x82\xc16\
MG\x8bD\x19\xf1x\x80\xbfw\xb2\x85\xbc\x19\xcf7\
?5\xd0\xc5\xffHM\xb7\xcc{N\x05\x9f\x1f\xe4G\
\xe2\x0a\xdc\xab\xaaW\x94\x16\xb4\xd54\xacZ\xb0\xa4i\
\xe5<^\xfc\xd3@p?\x88j\xbb=+\x94\x13\xda\
\x1ch\x5c1\xefw\x00\xfe\xc7\xef\x1c\xe4\xbb\x84\x1a\xe2\
h\x0e\x80X6\x17\x00\xf2\x99\xaa}\xd3\xc1\xba\xb9C\
~\x13\xaaq\xc5\xfc\xbb\x019r\xe2^B\xa0\x8fA\
\xf1\x8f\x92LV5\xad\x9c\xbf\xb0i\xd5\x82\xfb\xb7\xd6\
-v\xf6f\x08\xf9\x22\xb8\xc3\xe0\x02w\x97\xeaU6\
\x00N\xc5$\xf7\xcb9\xda\x7f6\x80\xe3\xfc\xceB>\
9\xfc\x1a\xad\xa3\xcf\x90a\xdb9)NC\xc3\x22\x07\
\x9b\xf6\xb4=4\xec\xc3\xd4\xfe\xa5\x88\xb4\xab\xc8\x1a\xd3\
\x88<\xb4\xf7\xe6\xf3\xdb]\x08G\x1e\x0an\x03\xa0F\
;\xc4\xc5G\x85\x82j\xd4\xa9\x81:q\xf9m\x83\xcc\
\xd3\xba\xe2\xbc\xeeqK\xeb?m\x1bx\x16\x5c\xce5\
;\xa9\xed\xfc\xc3\xa9\x1a\xdc\xef\x9d\xac\xa0/\xe0\xae\xc5\
\xc3~\xc4\xda\xb8j\xc1j\x00\x5c\x13$\x83\x04\xf7\x11\
\x80\xdb#\x00@\x0eNm\xadt\xb9F\xc6\xdaw\xeb\
\xfc\x97\x04\xba\xd4\xef\x1c\xe4\x17\xe7o\xe8\x08\xd8t\xfb\
IE\xf6\xfb\x9d\x81\x82!\xb8\x0d\x80m\xb7\xb8^\xc3\
2'\xbb^#\x835\xac\x5c\xf03\xa8\xde\xe1w\x0e\
\xf2\x81\x88\xe3\x0e@]_\xe3\x83\x06#\xaa\x5cn\x97\
\x00\x04\xb9\x01\xc8\xd7\xdd\x1eT\x99\xe1A\x8d\x8c&V\
\xc1W\x00p\xc6o\xd6Q\xe7\xdf\x1d\xc2\x11\x00?\x09\
\xc0ew\x09@\x90\x1b\x80K+\xba\x00\xb8;\xc9D\
\x8d\x93]=\x7f\x16h\xf8\xf19Q\xdb\x96\x85\x00Z\
\xfd\xceB\x1eR\x14\x02\xea\xe8Bn\x9bf,\xd5q\
h\xe8lQ\xee\x83B\x00\x82\xdc\x00\x00\x80`\xb7\xbb\
\xe7\xd79\xae\x9e?K\xec\xbfu\xde\x1e\x85}\x05\x00\
\xae\xf6\x95=L#i;\x1aJ\xb6\xc3!6\x00~\
\xb2\xc5\xed\xf9U\x94&\x82\xdd\x00\xa8\xbe\xedr\x85S\
\xb1\xfa\x00\x17\x04J\x81\xa6\x95\x17?\x0b\xc8\xdf\x83\xcf\
w\xb3\x86\x19O8j\x00\x92\x91H\xaa\xa3\xd0p\x18\
\xd8\xebw\x04\x0a\x86`7\x00\xc0k.\x9f?\x8cP\
\xe4l\x97kd\x8d\xc6\x95\xf3\xeeR\xd1\x9b\xfc\xceA\
\xde0\x92\x89n'\xc7%\xf3\xf3\xd8\x01\xf8\xca`\x03\
@\x00\x82\xde\x00\x18\xae7\x00\x80(7\xb7I\xa1\xa6\
\x15\x0bV\x0a\xf0\x0b\xbfs\x90\xfb\xc2\xbd\xfd\x8eF\x00\
\xe2E\x05\x1cu\xf3\x8f\x1a\x89\x5c6\x00\x04 \xe8\x0d\
@\x1c\x9b]\xaf\xa1\xb8\x0a\xaa.n;\x98}\x1aV\
\xce[\x22\x82\xdf\xf8\x9d\x83\xdc\x15\xee\xebu\xb4\xeck\
\xbc \xbf\x16\x007\x04\xf2\xc7;CY\xff\x9f\xb2C\
\xb0\x1b\x80\xc5\xe5{\x01\xb8\xbdhE-\xee\xef:\xc3\
\xe5\x1aYF\xb4aW\xdb\x97\xa0\xb8\xdb\xef$\xe4\x9e\
P_\xcc\xd1\xf7\x87\x86\xccr\x08\x9aS\x9d\x87\x86@\
\xe4\x15\xbf#Pp\x04\xbb\x01\x00\x00\xc5s\xae\xd7\xb0\
\xadE\xae\xd7\xc86w-\xb6J\x0b\xdb\xfe\x16\xd0\xb5\
~G!w\x84\xe2\xfd\x8e\x87\xf2\x93\xb99\xbbR\x99\
\x85\x86F\xb8f\x07\x1d!\xf8\x0d\x80\x81\xa7\xdd/\x22\
\x8b\xf8\x18 \xf5\xb6\xd6-\x8e\x87\x0bB\x8b \xf8\x93\
\xdfY(\xf5\x8c\x845\x11\xeal(?VZ\xccW\
F\xfd`\xdb/\xf8\x1d\x81\x82#\xf8\x0d\x80\x85\xa7<\
\xa82\x19k:\xe7yP'\xeb\xec\xae\x9b\xdb_\x9a\
\xdf\xb6\x10\xc0=~g\xa1\x14S-3\xfb\xfb\x1b\x9c\
\x1c\xdaWQ^\x93\xea8tL\xbd\xb9\xb1\xc4\xf3~\
\x87\xa0\xe0\x08~\x03\xb0\xa5t3\x00\xf7\xf7\x05\x10\xfd\
\xba\xeb5\xb2\xd4\xd6\xba\xc5\xf1\xc6\xddm\x9f\x84\xe2\xb7\
~g\xa1\xd4\xca\xeb\xe8v\xd4\x00\xc4\x8b\x0a\xa6)p\
 \xd5yh\x10\x82'\xde\xf9\xd9\xa5\x5c\x84\x89\xfe\x22\
\xf8\x0d\xc0\xe1\xedz\x1f\xf1\xa0\xd2\xc7qw\xeb\x09\x1e\
\xd4\xc9Nw-\xb6\x1a\xf7\xb4}\x1e\xc0\xaf\xfc\x8eB\
\xa9\x93\xdb\xd1\xe1\xe8M\x00@\xc4*\xc8\xdf\x96\xda4\
4\x18\xb1\xf1\x98\xdf\x19(X\x82\xdf\x00\x00\x80\x88\x17\
\x13\xc9\x04b~\xc5\x83:\xd9\xeb\xae\xc5V\xe3\xca\xf9\
\xff(\xc0u\xe0\x8a\x81\x19!\xd2\xdd;\xc6\xe9\xb1\xdd\
Uc\xf2S\x99\x85\x06e\xc3\x12>\x86\xa3\xf7I\x8f\
\x06 a?\x0a\xc0\xfd\xa1+\xc1g\xb1\xa6\xab\xc2\xf5\
:Y\xaea\xe5\xfc\x9f@\xe4\xb3\x00\x1c\xde=RP\
\x88e\x1do$\xadCN\x8e\x8d\x8e*\x9f\x05\xa0#\
\xc5\x91\xe8\xa8dC\xc3\x8f\xe75\xfa\x9d\x82\x82%=\
\x1a\x80\xc5\xe5\x9d\xf0\xe61@!\x90\xe4R\xb6\x1eh\
\x5c1\xefw\x10\xfbR\xb8\xbd\xe3#\xb9\xcd\xc8?\xd8\
\xb6\xdd\xc9\x81*\x12\x8e\x17\x15\xbc\x9a\xea@\xf4a\x0a\
\xfb\x0f~g\xa0\xe0I\x8f\x06\x00\x00T\xfe\xe8Q\xa5\
\xafbu\xdbx\x8fje\xb5\xc6\x15\x17\xaf\x17\xd3<\
\x03\x90-~g!\xe7\xf2\x0f\x1e\xb4\x9c\x1e\xdb9q\
\x5cU*\xb3\xd0Qu$\x0aB\xab\xfd\x0eA\xc1\x93\
>\x0d@\xa4\xefA\x00\x1e\xecc-\xb9\x08\xc9w\xdd\
\xafC\x00\xd0p\xf3\xdcw\xe2\x05\xc6\xd9PY\xe3w\
\x16r&\xdc\xd7?]T\x9d-\x0b\x5cXp\xbcm\
\x1a[S\x9d\x89\xde\xe77\x07\xeb\xe6z\xf0\xddI\xe9\
&}\x1a\x80\xcb\xaa\xfb\xa0\xf8_\x8f\xaa]\x83\xfb\x0e\
\x9d\xe4Q\xad\xacw\xb0nnO\xe3\xaa\x8b\xae\x82\xca\
w\x008\xbe\x9b$\x9f\xa8\x96\xe5\x1d\xeap\xbcoG\
\xe7\x84q\x9d\xa9\x8cC\xefcY\xa6\xf9s\xbfCP\
0\xa5O\x03\x00\x00\x86q\xbbG\x95L\xd8\xf2c\x8f\
j\x11\x00@\xb4q\xd5\xbc\x7f7l\xb9\x08\x80\xa3w\
\xcb\xc9?\x85MM\x8e't\xf6\x8d\x19u\xb6\x1a\xc6\
;\xa9\xccC\x87)pg\xf3\xcdsw\xfb\x9d\x83\x82\
)\xbd\x1a\x80+K^\x84\xc0\xa3\xcd,\xe4b\xac\xe9\
\xb8\xda\x9bZ\xf4\x9e}\xb7\xce{\x0a!\xcc\x12\xe0~\
\xbf\xb3\xd0\xd0\x85\xfbb'\x8be\xf5::X ]\
\xe3\xaa\xdd_\xec+\xfb$L\xf0q&\x0d,\xbd\x1a\
\x00\x00\xb0\xe5\x97\xde\x15\xd3\xdb\xb0\xf6P\xb1w\xf5\x08\
\x00\x1a\x7f8\xffP\xc3\xcayW*\xf0U\x00}~\
\xe7\xa1!P-*jjv\xba\xd1\xccC=\x95\xe5\
\xd7\x02x)\x95\x91H~\xbdo\xe5\xbc\x1d~\xa7\xa0\
\xe0J\xbf\x06 \xaf\xe4w\x80x\xb5\x95h5\xfa\x8d\
\xefyT\x8b\xdeG\xb4i\xe5\xfc_\x18\x90\x93U<\
\xd9\x0f\x82F\xa8\xb0\xe9\xc0p\x17\x05z\x11\x86^\x80\
\x85e\x97\xe1\xaa1o\xab!\xd7\x01\xce6\x17\xa2\x0f\
\xe9\x0c\x83\xdf]4\xb8\xf4k\x00.\x95\x18D\x7f\xe1\
a\xc5\xaf\xe2\x9e\xce\xd3=\xacGG\xd8\xb7r\xde\x8e\
\xa6\xfcg\xe6\x8a\xe2\xeb\x00\x9c\x0d1\x93'\xc4\xb6\x8f\
\xcf\xe9\xec~}\x08?\xba\x13\x90\xc5\xb8\xb2\xf4,\x5c\
Q\xfe\x97\xdd>\x9bn\x99\xf7\x9c@\xeft1b\xd6\
P\xe0\xdb\xbbW\xce\xf5\xeaF\x89\xd2T\xfa5\x00\x00\
\xa0\xe6\x7f\x00\xe8\xf2\xa8\x9a\x09\xd1\xdfb\xf5\xbe<\x8f\
\xea\xd1\x07\xd5\xd5\xd9\x0d\xab\xe6\xff\xd44q2\xb7\x16\
\x0e\xb6\xb2\x1d{\x06{d\xd3\x01\xc8M\xe8\xec\x98\x8e\
\x85\xa5wA\xe4Cw\xfb\x09\xb5\xaf\x03\xe4\xa0\x8b\x11\
\xb3\xc1\x8bM\x05\xcf\xfc\x87\xdf!(\xf8\xc4\xef\x00\x8e\
\xdd\xd3^\x07\x81w\x13\x5c\x04\xb7\xe1\xca\xb2\xeb=\xab\
G\x03\xaa\xbea\xdd'D\xe46\x00\x13\xfd\xceB\x1f\
\xa2\x07g\x9e\xb8=^\x98\x7f\xfc\x11\x7f\x96\x80\xea\x1d\
\x90\xf0?ca\xd11w\x00\xac]\xb6n\x91B\xee\
v1c&\xeb\x17C\xcfh\xb8e\xc1PFb(\
\xcb\xa5\xe7\x08\x00\x00\x84\x92\xb7\x02\xf0\xeeNA\xf15\
\xdc\xd3>\xd7\xb3z4\xa0\xa6U\x0b\xee\x97d\xfeI\
\x10|\x1f@\xd4\xef<\xf4>R\xb6}\xe7_\x97w\
\x16\xd4\xc3\xb6O\xc5\xa2\xf2/\x0d\xe5\xe2\x0f\x00\x0d+\
\x17\xdc\xa3\xc0\xef]K\x98\xc1T\xb0\x94\x17\x7f\x1a\xaa\
\xf4\x1d\x01\x00\x805\x1d7\x02z\xb3\x87\x15\x1b\x10\x91\
\x93\xf17\xa5\x5c\xbf> j\x96o\xa8\x15Xu\xaa\
\xf8,\x00\xd3\xef<\x04\x00\xb0\x0f\xce8\xf1\xa1xa\
\xfe\xadXT\xe6h\x02\xe7\xa8\xe5\xcf\x14\xe5j\xff\x9f\
\x15\xe0\x82\x5cC\xa4\xc0\xbdM+\xe7/\xf4;\x07\xa5\
\x8f\xf4\x1d\x01\x00\x80d\xf7O\x01x\xb9\xc3U-\xe2\
z\xab\x87\xf5\xe8\x18\x1aW\xccmhX1\xff\x0b\xa6\
a\x9c\x02\xe0A\xbf\xf3d=\xc1+\xaa\xba0~M\
\xf5\x15N/\xfe\x00\xd0\xba\xe2\xbcn[\x8c\x85\x00\xb8\
J\xe0\xd0l\x8b$\xcc\xcf\xf9\x1d\x82\xd2Kz\x8f\x00\
\x00\xc0=\xedK \xf8\xa9\xa75E\xae\xc2\x95\xa5\xdc\
[;\x80jox\xfcL\x15\xfb\xdb\x00\xfe\x06\x99\xf0\
\xfb\x9d>^U\xd5\xba\xa6U\xf3\x1f\x00><\xb9\xcf\
\xa9\xea\x1b\xd6_&\xa2\xf7\x82\xa3;\x83i5M\x9c\
\xb9\xf7\xe6\xf9;\xfd\x0eB\xe9%\xfd\xbf \xd7j\x0e\
\xa2\x1d[ \x98\xe2a\xd5\x16$C3\xb1\xb8\x88\xb3\
\x95\x03\xaa\xe6\xc6\xc7O\x81m\x7f\x1b\xc0\x22\xa4\xfbH\
W\x90\x09^Q\xe0{M+\xe6\xdd\x9f\xca\x0b\xff\x91\
j\x97\xad\xff\x82BoG&|_\xa5^\xbf\x1a\xba\
\xa0\xe9\x96\x05\xcf\xf8\x1d\x84\xd2Of|\xa0\xeem\xfb\
\x18T\xd6z\x5cu\x0d\x16\x96-\xf2\xb8&\x0dS\xcd\
7\xea\xa7\x89\xa1KT\xe4\x1a\x00E~\xe7\xc9\x10I\
(\xee\x13\xb1\x7f\xde\xb0\xf2\xe2'\xbd(X\xbb|\xfd\
\x8d\xaa\x9e\xce\xf7I\x071\xb1\xe5\xca\x86[\xe7=\xec\
w\x10JO\x99\xd1\x00\x00\xc0\x9a\xf65\x00\xae\xf4\xb8\
\xea5XX\xf6\xdf\x1e\xd7$\x07\xca\x97\xac-\xce\xcf\
\x8d\x5c\xab\xc0W\x00L\xf5;O\x9ajU\xc8\xafa\
%\x7f\xd9\xf4\xa3K\xf6y]\xbcv\xf9\xba:U\xae\
m\xff\xae\xb8\xaa\x5c\xd5\xb4j\x1e\xe7\xbd\x90c\x99\xd3\
\x00\xdcwh\x1c,c\x1b\x04\x05\x1eV\xed\x84\xe2\x14\
,*\xdb\xe3aM\x1a\x89\xba:\xa3\xa6\xef\x9c\xb9\xb0\
\xe5\x1a\x88,\x04<\xfd}IG6\x80'\x00\xf9]\
\xb8\xc0\xb8sw\xdd\xdc~?\xc3\xd4\xdc\xb0\xfe:\x88\
\xfe\x08\x99\xf4\xdd5|\xbdP\xfdd\xe3\xaa\x05\x5c\x14\
\x8bF$\xb3>Dk\xda\xbe\x0d\xc8\xbfy\x5c\xf5\x19\
$K/\xc4b\xe1>\xf6if\xd4\xf2g\x8a\x22\x88\
]%\x8ak\x00=\x1f\x9c+p\xa4MP\xfc\xde0\
\xec;\xf7\xad\xb8\xb8\xc9\xef0G\xaaY^\x7f\x0d\x14\
\xff\x17@\xd8\xef,>8 \x22\x975\xac\x98\xf7\xa2\
\xdfA(\xfdeV\x03\xb0Vs\xd0\xdf\xbe\x19\x90\xe3\
\x8f\xfd\xc3\xa9$\xcb\xb0\xb0t\x95\xb75)\x95\xc6|\
\xab~l8\x8e+Dt\xa1B\xe6\x22\xfb..\x0a\
`3\x04\x0f\xaae\xfd\xa1\xe9\xd6K\xde\xf4;\xd0`\
\xaa\x96\xd5\x9fo\x00w\x01\x18\xebw\x16\x0fm\x13\xd3\
\xbc\xbc\xe1\xe6\xb9\xef\xf8\x1d\x842Cf5\x00\x00p\
_\xdb\xf9\xb0\xe5\x09x{7\x17\x83\xa1\xa7\xe3\x8ar\
\xae\xc0\x95\x01\xc6\xdf\xf4t\x99\x9d\xec\xff\x98B.\x86\
`>\x80\x1a\xbf3\xb9A\x80.\x05\xd6\xa9\xe2a\xd3\
\xb0\x1f\x0e\xda\x9d\xfe\xb1\xd4,\xdfP\x0b\xb5\xd6\x00\xc8\
\xf8\xcd\xba\x14\xf8}\xa2\xc0\xfc\xc7\x83us{\xfc\xce\
B\x99#\xf3\x1a\x00\x00X\xd3\xfe\x13\x00_\xf3\xb8\xea\
f\x1c,=\x1d_\x92\x84\xc7u\xc9e\x95K\xebO\
\x0a\x19X\x00\xe0B\x15\x9c\x09E\x95\xdf\x99\x1c\xeaP\
\xc5\x0b\x86\xa1\x7fV\xc8\x93\x95\x1d\xa5\xcfl\xbc\xfd\xb4\
\xb4\xfe}\x9d\xb2dmN_nN\x9d@\x97!3\
\xd7\x0a\xe8\x13\xc1\xf5\x0d+\xe6\xdf\xeew\x10\xca<\x99\
\xd9\x00<\xd8\x94\x8fx\xdef\x8f\xd7\x06\x00\xa0\xdf\xc4\
\xc2r\xbe\xaa\x94\xe1\xaa\x96\xae\x9f \xa2g\x8b\xa1g\
Be\x16\x80\x99\x00*\xfc\xce\xf5\x01Q\x08\xdeT\xc8\
\xcb\x00\x9e\xb7-}\xa1\xf9\xd6y\xdb\xdczW\xdfo\
\xd57\xae?G,\xfb\xb7\x10\xf1\xf83\xef\xaa\xc7M\
\x13\xff\xc0\x05~\xc8-\x99\xd9\x00\x00\xc0=m\xe7B\
\xe4)x\xfe(\xc0\x9e\x8d+*\xde\xf0\xb0&\x05\xc0\
\x98o\xd5\x8f\x0d'\xed\x19b\x1b\xd3m\x03\xc7\x89\xea\
D\xa8L\x80`\x02\x80R\x97\xca\xf6\x02h\x02\xd0\x00\
\xe8[\x02yS\x0c}3!\xa1\xb7\x9ao\xbepO\
\xa6^\xec\x07R]\xf7`\xbe\xd1\x97\xbb\x5cU\x96\x03\
H\xe7\xed\xbb[\x05\xf2\xcd\x86\x95\x17\xfd&\xdb\xfe\x0e\
\xc9[\x99\xdb\x00\x00\xc0=\xed?\x83\xe0\xab\xde\x16\x95\
?#Yr\x1e\xdf\x0a\xa0\xf7\x94/Y[\x9c\x17\x8e\
T\xc2@\x05\xa0\xe50\x8crQ-\x87H\xae\xad(\
\x85\xaa\x88 \x84\xf7\x16*\x12\xf4\xa8\x8d\x04\x04}\x86\
HLm\xc4\xc4\xd0>@[m\xd5\x16\xc3\x0c\xb7$\
\x92\xf1\xfd-\xab.\xe9\xf5\xf7\xdf,\x98\xaa\x96\xae\x9f\
`\x98X\x01\xd5\xab\x91^\xdfqQ(n\xcb1\xf5\
\x96\x9d\xb7,\xe0\x1e\x08\xe4\xbat\xfap\x0c\xdf\x83M\
\xf9H\xe4n\xf2\xfe\xad\x00|\x1d\x0b\xcb\xbc\xdd\x9f\x80\
\x88\xde\xa7\xf6\xc6u3\xd5\x96o\x03\xb8\x1a\xc1~\xc5\
\xb3WT\xefP#tK\xe3\x8a\xb9\x0d~\x87\xa1\xec\
\x91\xd9\x0d\x00\x00\xdc\xd7y&l\xfb\x19\x00!\x0f\xab\
\xf6\xc0L\x1e\x8fO\x8cN\xabY\xd5D\x99\xa8z\xe9\
\xa3'\x18b|EE>\x03\xa0\xc4\xef<Gh\x81\
\xe2\x17\x08\xe3\x97\x8d?\x9c\x7f\xc8\xef0\x94}2\xbf\
\x01\x00\x80{\xdb\xbf\x0bE\x9d\xa75\x15\xff\x85Ee\
\xd7zZ\x93\x88\x06T]\xf7`>\xfa\xf2?)\xaa\
\x9f\x01p\x01\xfcyk \x0a\xe0\x01\xa8\xfe\xae\xb10\
\xf4(\xea\xe6&}\xc8@\x04 [\x1a\x80\x0d\x1aB\
{\xe7\xd3\x80\x9e\xe5aU\x1bb\x9c\x8d+K\xb8b\
\x17Q\xc0T/\xdd0\x0aF\xf2r\x03r\xb9\x02\xe7\
\x03(w\xb1\x5c\xa3\x08\x1eQ\xe0\x91h4\xfeX\xdb\
\xcf.\xedr\xb1\x16\xd1\x90eG\x03\x00\x00wwN\
\x85\xd8\xafx\xbcW\xc0\xb3\xb8\xb2\xf4|\x08g\xf2\x12\
\x05V]\x9dQ\x1b=w\xba\xad\xc6G\x0c\xe8,U\
L\x07p\x22\x9c=.h\x11`\xbb\x8an\x14[6\
\xdaj\xbd\x1c\xf4U\x15){eO\x03\x00\x00\xf7\xb4\
}\x19\x22\xbf\xf0\xb4\xa6\xca\xa7\xb0\xa8\xf4\x7f=\xadI\
D#6\xe6[\xf5c#\x96\x8e\xb1m\xa3J\x04c\
\x05\x9a\x07\x00jK>\x00(\xb4[D\xbaT\xb4#\
$FS2\xafwWS\xdde}\xfe\xa6&\x1a\xba\
\xecj\x00T\x05\xf7u<\x06\xc5|\x0f\xab\xeeAg\
\xc7\x09\xb8v\x92\xaf\xbb\xa8\x11\x11\x11\x1d)\xc8\xaf\xc6\
\xa4\x9e\x88\x22a}\x16@\xbb\x87U'\xa0\xb8\xe4s\
\x1e\xd6#\x22\x22:\xa6\xecj\x00\x00`\xf1\xa8F\x00\
K=\xad)r\x13Vk\xc4\xd3\x9aDDD\x83\xc8\
\xbe\x06\x00\x00\x16\x96\xdd\x01\xc5\x83\x1eV\x1c\x87p\xe7\
g<\xacGDD4\xa8\xecl\x00\x00\xc0\x0a}\x1e\
\xc0\x01\xcf\xea\xa9^\x0f\xd5\xec\x9asADD\x81\x95\
\xbd\x0d\xc0\xe2\xa2\x83\x80~\xdd\xc3\x8a\xd3qo\xe7\x5c\
\x0f\xeb\x11\x11\x11\x0d({\x1b\x00\x00XX~'\xa0\
\xab\xbd+\xa8_\xf1\xae\x16\x11\x11\xd1\xc0\xb2\xbb\x01\x00\
\x80p\xe8+\x00\xbcZ\x87\xfb\xe3X\xdd\xe9\xe6\x8ac\
DDDC\xc2\x06\xe0\xb2\xe2V@\xbf\xe3Q\xb5\x1c\
\x98z\xb5G\xb5\x88\x88\x88\x06\xc4\x06\x00\x00^+\xbb\
\x1d\xc0FOj\x89~\xda\x93:DDD\x83\xe0\xac\
\xf4\xf7\xdc\xd3y:\xc4\xfe3\xdco\x8a,$j\xc9\
_\xf8\x00\x00\x07WIDAT\x8d1X\x5c\xd2\xe6\
r\x1d\x22\x22\xa2\x01q\x04\xe0=\x8bJ^\x02\xb0\xc6\
\x83J&L]\xe0A\x1d\x22\x22\xa2\x01\xb1\x018\x92\
\xad\xdf\x07\xe0\xc1\xce}\xfaQ\xf7k\x10\x11\x11\x0d\x8c\
\x0d\xc0\x91\xae*\x7f\x0d\x8a\xfb]\xaf#8\xc7\xf5\x1a\
DDD\x83`\x03\xf0!\xc6\x0f<(2\x15\x0fu\
\x94yP\x87\x88\x88\xe8\xa8\xd8\x00|\xd0\xe1\xb9\x00o\
\xb8\x5cE\x90\xc0\xe9.\xd7 \x22\x22\x1a\x10\x1b\x80\xa3\
\xd2?xP\xe3D\xf7k\x10\x11\x11\x1d\x1d\x1b\x80\xa3\
\x09\x19\x7f\x80\xfb\x93\x01\x8fs\xf9\xfcDDD\x03b\
\x03p4\x97\x97\xee\x02\xb0\xc7\xd5\x1a\x8aI\xae\x9e\x9f\
\x88\x88h\x10l\x00\x06\xf6\x8a\xcb\xe7\xafu\xf9\xfcD\
DD\x03b\x030\x10u\xbd\x01(v\xf9\xfcDD\
D\x03b\x030\x10C\xder\xb9B\x91\xcb\xe7'\x22\
\x22\x1a\x10\x1b\x80\x81X\xd2\xe9r\x85B\x97\xcfOD\
D4 6\x00\x031\xd5\xed\xb7\x00,\x97\xcfOD\
D4 6\x00\x03\xd2|\x97\x0b\xc4\x5c>?\x11\x11\
\xd1\x80\xd8\x00\x0cDe\x8a\xcb\x15\xfa]>?\x11\x11\
\xd1\x80\xd8\x00\x0cH\x8fw\xf7\xfc\xd2\xed\xee\xf9\x89\x88\
\x88\x06\xc6\x06``'\xb8{z\xdd\xe7\xee\xf9\x89\x88\
\x88\x06\xc6\x06\xe0h~\xa5a\x00'\xbb\x5c\xa5\xc1\xe5\
\xf3\x13\x11\x11\x0d\x88\x0d\xc0\xd1\x8cn?\x13n/\xd4\
\xa3\xd8\xeb\xea\xf9\x89\x88\x88\x06\xc1\x06\xe0hD.\xf6\
\xa0\xc86\xf7k\x10\x11\x11\x1d\x1d\x1b\x80\xa3Q\x5c\xea\
~\x0d\xd9\xe4z\x0d\x22\x22\xa2\x01\x88\xdf\x01\x02\xe7\xde\
\xf6\x89P\xec\x84\xbb\xffm\xbapei)D\xdc^\
l\x88\x88\x88\xe8\xa88\x02\xf0A6\x16\xc1\xfd\xc6h\
\x13/\xfeDD\xe4'6\x00\x1fd\xe0o]\xaf\xa1\
x\xd2\xf5\x1aDDD\x83`\x03p\xa4{:fC\
q\xaa\xfb\x85t\x9d\xfb5\x88\x88\x88\x06\xc6\x06\xe0H\
\xa2\x9f\xf3\xa0J\x17Z\xcb^\xf4\xa0\x0e\x11\x11\xd1\x80\
\xd8\x00\xbcg\xed\xa1b\x00\x7f\xe7A\xa5'\xf0%I\
xP\x87\x88\x88h@l\x00\xde\x135\xfe\x01@\x89\
\xebuT\x1et\xbd\x06\x11\x11\xd11\xb0\x01\x00\x80\xd5\
\x1a\x81`\x89\x07\x95,X\xe6\xfd\x1e\xd4!\x22\x22\x1a\
\x14\x1b\x00\x000;\xbe\x04`\x82\x07\x95\x9e\xc2\xe2\xa2\
\x83\x1e\xd4!\x22\x22\x1a\x14\x1b\x80\xd5\x07\x0a!\xf2-\
o\x8a\xe9=\xde\xd4!\x22\x22\x1a\x1c\x1b\x80P\xf8\x1b\
\x80VzP)\x89d\x92\x0d\x00\x11\x11\x05Bv/\
\x05\xfc`\xd7($\xac\x1dp{\xe7\xbf\xc3\xee\xc5\xc2\
\xb2\x85\x1e\xd4!\x22\x22:\xa6\xec\x1e\x01HX\xff\x0c\
o.\xfe\x80\xa1wxR\x87\x88\x88h\x08\xb2w\x04\
\xe0\xbe\xce3a\xdb\xcf\x020=\xa8\xb6\x1fe\xa5\xe3\
1W\x92\x1e\xd4\x22\x22\x22:\xa6\xec\x1c\x01X\xad\x11\
\xd8\xf6o\xe0\xcd\xc5\x1f\x10\xfc\x8a\x17\x7f\x22\x22\x0a\x92\
\xecl\x00B\x1d\xdf\x060\xdd\xa3j1$\x12\xbf\xf2\
\xa8\x16\x11\x11\xd1\x90d_\x03p_\xdbL\x007y\
X\xf1N,\x1e\xd3\xeca=\x22\x22\xa2c\xca\xae\x06\
\xe0\xd1\xe6\x02\xd8\xf2\x07\x00\x11\x8f**\x80\x1f{T\
\x8b\x88\x88h\xc8\xb2\xab\x01\xe8\xcd\xf9%\x80\x19\x1eV\
|\x00\x0b\xcb6{X\x8f\x88\x88hH\xb2\xa7\x01\xb8\
\xa7\xed\xcb\x00\xfe\xde\xd3\x9aj\xfc\xbb\xa7\xf5\x88\x88\x88\
\x86(;^\x03\xbc\xa7\xf3t\x88\xfd4\x80\x1c\xcfj\
*\x1e\xc4\xa2\xb2\xcb=\xabGDD4\x0c\xff\xbf\xbd\
\xfb\x87\xad\xb2\x0a\xc3\x00\xfe|mQ@I{[M\
\x14\x07\xe3\xac\x02nh\x8cqq\x14\xdaBtvp\
 F0\xc6\xc9\xc4\x08.\x86DbtP\x11\x13t\
!\xd2 \x90@0\xa2\xc6\xcd0\xb8\x08n\x900\x10\
\x85\x18\xfe\x14\x83\xc5`\xdb\xe3\xa2\x09\xa3\xb7\xb4\xf7\xf0\
]~\xbf\xb99\xcf\xbb\xbdO\xce\xcd\xe9\xd7\xff7\x00\
_]y8\xcd\xfc\xe1\xf4r\xf9'\xf3i\xf2V\x0f\
\xf3\x00\xa0+\xfd]\x00\xa6.\x0f\xa7\xc9\x91$\xab{\
\x9c\xfc\xb9\xdf\xfe\x01\xb8\x9d\xf5o\x01\xd8{vy\x86\
\x9a\xa3I\x1e\xefq\xf2\xf5\x0c\xcco\xefq&\x00t\
\xa5?\x0b\xc0\x0fe(\xc3#\xfb\x92<\xdd\xf3\xec&\
;3>v\xae\xe7\xb9\x00\xd0\x85\xa1\xda\x03,\xba\xa9\
2\x98\xe9\xab_$\x99\xe8yv\xc9\x99\x5c\x9d\xde\xd9\
\xf3\x5c\x00\xe8R\x7f\x15\x80\xddeY\x86\xa6\xf7\xa7T\
X\xfeIR\xca\xb6\xbc\xf4\xc8_U\xb2\x01\xa0\x0b\xfd\
S\x00\xf6\x9e]\x9e\xe1\xe9\xfdI*=\xbdk\xbe\xcc\
\xe6\xce\xb1:\xd9\x00\xd0\x9d\xfe(\x00G\xa7;\xb9Q\
\x0e'y\xa6\xd2\x04\x17\x93\xc1m\x95\xb2\x01\xa0k\xed\
/\x00S\x17\x1f\xca\x8dr,\xc9\x9aj3\x94fK\
6\xad\xfa\xbdZ>\x00t\xa9\xdd\x05\xe0\xc0\xa5G3\
0\xf0m\x92\x07\xab\xcd\xd04\xfb29r\xa0Z>\
\x00,@{\x0b\xc0\xa1+\xebRr<\xc9\xfd\x15\xa7\
8\x9d\xbb\xe7\xb6T\xcc\x07\x80\x05i\xe7\xb7\x00\x0e\xfe\
1\x96\xcc\xff\x92\x94\x07*N1\x93\x81\xb2>\xe3\xa3\
\xa7*\xce\x00\x00\x0b\xd2\xd2\x7f\x044\xfbQ\xe5\xe5\x9f\
4y\xc5\xf2\x07\xa0\xad\xdaw\x03p\xf0\xd2\x93\xc9\xc0\
\x8f\x95\xa7\xf8,\x93\x9d\x97+\xcf\x00\x00\x0b\xd6\xc2\x1b\
\x80\xc1W+\x0fp2\xb3\xd7\xb6V\x9e\x01\x00nI\
\xbbn\x00\xa6\xce\xad\xc8\xd0\xbd\xd3I\xee\xaa3@s\
!Cy*\x1bF\xce\xd6\xc9\x07\x80\xc5\xd1\xae\x1b\x80\
\xc1\x95kSm\xf9g&en\xc2\xf2\x07\xa0\x1f\xb4\
\xab\x00dpm\xa5\xe0\xd94es6\x8d\x9d\xa8\x94\
\x0f\x00\x8b\xaa]\x05\xa0)\xf7T\xca\xdd\x9a\x89\xd1\xaf\
\xabd\x03\xc0\x12hW\x01\xa8\xa1dG&F?\xae\
=\x06\x00,\xa6v\x15\x80R.\xf48\xf1\x83L\x8e\
\xec\xe8q&\x00,\xb9v\x15\x80f\xe8\xa7\x1e\xa6\xbd\
\x9f\xc9\xceki\x9a\xd2\xc3L\x00\xe8\x89v\x15\x80\x93\
\xab\xce$9\xbf\xe49Mve\xb2\xf3\xfa\x92\xe7\x00\
@%\xed*\x00\xdb\x9b\xf9${\x964\xa3\xc9\xaeL\
t\xdeX\xd2\x0c\x00\xa8\xac]\x05 If\xe7>M\
r}\x89N\x7f\xc7\xf2\x07\xe0N\xd0\xbe\x02\xf0\xc2}\
\xbf\xa6\xe4\xcdE>u.)[2\xd9y{\x91\xcf\
\x05\x80\xdbR\xfb\x0a@\x92\x9c\x1a\xf90)\xc7\x17\xe5\
\xac\x92?S\xca\xc6L\x8e~\xb2(\xe7\x01@\x0b\xb4\
\xeb[\x007;\xf2\xdb\xca\xfc\xbd\xe2p\x92\xe7n\xe1\
\x94K\x19\x98\xdf\x90\xf1\xb1\xda_\x17\x04\x80\x9ej\xe7\
\x0d@\x92<\xbfz&\xb3\xd76&ew\x92\xee\x9f\
\xea5\xf9.e~\x9d\xe5\x0f\xc0\x9d\xa8\xbd7\x007\
;t\xe5\xd9\x94\xe6\xdd\xa4\xac\xff\x1f\x7f}:M\xf3\
^\xc6\x87\xf7x\xe3\x0f\xc0\x9d\xaa?\x0a\xc0\x7f\x0e\x5c\
^\x93\x81\x81\x17\x93<\x91\x94\xc7\x92fYRf\x92\
\x9cO\x93\x13I\xf9>?w\xbe\xf9\xf79!\x00\x00\
\x00\x00\x00\x00\x00\x00\x00\x00\x00\x00\x00\x00\x00\x00\x00\x00\
\x00\x00\x00\x00\x00\x00\x00\x00\x00\x00\x00\x00\x00\x00\x00\x00\
\x00\x00\x00\x00\x00\x00\x00\x00\x00\x00\x00\x00\x00\x00\x00\x00\
\x00\x00\x00\x00\x00\x00\x00\x00\x00\x00\x00\x00\x00\x00\x00\x00\
\x00\x00\x00\x00\x00\x00\x00\x00\x00\x00\x00\x00\x00\x00\x00\x00\
\x00\x00\x00\x00\x00\x00\x00\x00\x00\x00\x00\x00\x00\x00\x00\x00\
\x00\x00\x00\x00\x00\x00\x00\x00\x00\x00\x00\x00\x00\x00\x00\x00\
\x00\x00\x00\x00\x00\x00\x00\x00\x00\x00\x00\x00\x00\x00\x00\x00\
\x00\x00\x00\x00\x00\x00\x00\x00\x00\x00\x00\x00\x00\x00\x00\x00\
\x00\x00\x00\x00\x00\x00\x00\x00\x00\x00\x00\x00\x00\x00\x00\x00\
\x00\x00\x00\x00\x00\x00\x00\x00\x00\x00\x00\x00\x00\x00\x00\x00\
\x00\x00\x00\x00\x00\x00\x00\x00\x00\x00\xd5\xfd\x03\xe7-n\
^b+Er\x00\x00\x00\x00IEND\xaeB`\
\x82\
\x00\x00t\x8a\
\x89\
PNG\x0d\x0a\x1a\x0a\x00\x00\x00\x0dIHDR\x00\
\x00\x02\x00\x00\x00\x02\x00\x08\x06\x00\x00\x00\xf4x\xd4\xfa\
\x00\x00\x00\x04sBIT\x08\x08\x08\x08|\x08d\x88\
\x00\x00\x00\x09pHYs\x00\x00\x0e\xc4\x00\x00\x0e\xc4\
\x01\x95+\x0e\x1b\x00\x00\x00\x19tEXtSof\
tware\x00www.inksca\
pe.org\x9b\xee<\x1a\x00\x00 \x00ID\
ATx\x9c\xec\xddw\x9c\x1d\xd7u\xe0\xf9\xdf\xadz\
\x9ds\x02\xba\x11\x1b9g\x90 \x00\x82\x04\xc1\x9c\xcc\
 \x91\xa2r\xb2hY\x96\xe9\x19y<\xfe\xec\xec\xcc\
,w\xbd\xbb^e[cY\x16\xad`\xc9J&i\
\x89\x92LR\xa4$&\x10\x00A\xe4\x1c\x1b\xb1\x81n\
4\xd0\x19\x9d\xbb\xea\xee\x1f\x8f\x10A\xa0\x01t\xbf:\
\xf5\xe2\xf9~>\xf8\xc8\x06\xd1\xf5\xaa\xdf{U\xf7\xd4\
=\xf7\x9e\x03J)\xa5\x94RJ)\xa5\x94RJ)\
\xa5\x94RJ)\xa5\x94RJ)\xa5\x94RJ)\xa5\
\x94RJ)\xa5\x94RJ)\xa5\x94RJ)\xa5\x94\
RJ)\xa5\x94RJ)\xa5\x94RJ)\xa5\x94R\
J)\xa5\x94RJ)\xa5\x94RJ)\xa5\x94RJ\
)\xa5\x94RJ)\xa5\x94\xc2$\xfa\x04$\xac\xfe\xa6\
-t\xfa\x98ma\xaa\xb1L\x02j\x81Q@\x05\x96\
J\x0cY@\x01\x90\x9d\xc8\xf3TJ)\x95\xf4\xfa\x81\
\xaew\xfe\xb7\xf9\x9d?g\x8c\xe5\x98\xefp\xcc\xc0\xe1\
\x88\xc7\x9e\x97\xff\xcat%\xf4,\x05\xa4d\x00p\xeb\
W\xedtkXc-\xab\x0d,\x01&\x03N\xa2\xcf\
K)\xa5TF\xf0\x81#X6\x1b\xc3k\xc0\xab\xbf\
\xffKs0\xc1\xe74b)\x11\x00\xdc\xf1e;j\
\xd0\xe1\x1e\x0ck\xb0\xac\x01\xc6&\xfa\x9c\x94RJ\xa9\
?0\xd4\x1b\xcb+\x18^\xe9\x8f\xf0\xc2\xda'\xcc\xd9\
D\x9f\xd2\xb5$m\x00p\xf77lN\xdf w`\
\xf9(\xf0 \x90\x95\xe8sRJ)\xa5\x86\xc1\xb3\x96\
W1\xfcka!\xcf\xfe\xfaOLw\xa2Oh(\
I\x17\x00\xac\xf9\x9a\xbd\x1e\x9fOb\xf8\x00P\x96\xe8\
\xf3QJ)\xa5\x02h\x05~f,\xdf\xff\xfd\x7f1\
\x9b\x12}2\x17K\x9a\x00\xe0\xb6\xaf\xd8\x1b}\xc3_\
\x03\xf7%\xfa\x5c\x94RJ\xa9\x10\xac\xc3\xf0\xc5W\xbe\
`~\x9d\xe8\x13\x81$\x08\x00n\xfb\xba\xbd\xcd\xfa\xfc\
\x8d\x85\x1b\x12}.J)\xa5T\x1cl\x03\xfe\xf6\x95\
/\xf0,\xc6\xd8D\x9dD\xc2\x02\x80[\xbefov\
|\xfe\xce\x1a\x16&\xea\x1c\x94RJ\xa9\x04\xdaf\x0c\
\x7f\xf1\xfb/\x98\xb5\x89x\xf1\xb8\x07\x00w~\xcd\x96\
\x0f\xc2\xdfZ\xcbg\x12\xf1\xfaJ)\xa5T\x12\xb1\x18\
~\x14\xf1\xf8//\xff\x95i\x8a\xe7\x0b\xc7m\x00~\
\xf2I\xeb\xbc^\xc4G\x8c\xe5k\x18*\xe2\xf5\xbaJ\
)\xa5T\x0ah3\x96'\xcb'\xf0\x0f\xcf<j\xbc\
x\xbc`\x5c\x02\x805_\xb2Sp\xf9\x09p}<\
^O)\xa5\x94JE\x06\xder}>\xf4\xf2_\x99\
\xa3a\xbfV\xe8\xd5\xf3\xd6|\xcd>\x84\xcb&t\xf0\
WJ)\xa5\xae\xca\xc2\x0d\x83\x0e\xdbo\xfd\xaa\xfd@\
\xd8\xaf\x15\xda\x0c\xc0\xdd\xdf\xb09\xfd\x03|\xc9\xc2\x13\
a\xbd\x86RJ)\x95\xae\x8c\xe1\xa9\xec\x08O\xbc\xf8\
\x84\xe9\x0b\xe5\xf8a\x1c\xf4\xb6\xaf\xdb\xc9\xbe\xcf\xb3\xc0\
\xa20\x8e\xaf\x94RJe\x02\x03\x9b=\x87G^\xfb\
\xcf\xe6X\x08\xc7\x96\xb5\xfa\xcbv\xae\xe3\xf0\x120F\
\xfa\xd8J)\xa5T\x06j\xf4\x1d\xee~\xed?\x9b\xed\
\x92\x07\x15]\x03p\xdb\x97\xedj\xc7\xe1Mt\xf0W\
J)\xa5\xa4T;>ko\xfd\x8a\xbd]\xf2\xa0b\
\x01\xc0-_\xb3\x0f\xf8\x0e/\x02%R\xc7TJ)\
\xa5\x14\x00\x85\xd6\xf0\xeb5_\xb5\x8fH\x1dP$\x05\
p\xeb\xd7\xec\xa7\xad\xe5\xdb\x80+q\xbcX\x15\xe4\xc0\
\xb82\x18_\x06\x13\xcaat\x09\xf4\xf6Z:{|\
\xb2\x5c\xc8\x8b\x80\xd1\xd2CJ)\xa5\x86`-\xf4\x0c\
B\x9f\x07\xad\xe7\x0d-=\x86\xf3\xbd\xd0\xd6\x03\xed}\
\x86\xf6\x1e\x18\x88\xcb\x0e\xfd\xab\xf20|\xe6\x95/\x98\
\xef\x07=P\xe0\xe1\xf0\xd6\xaf\xd8\x07\xad\xe1Y\x120\
\xf8\xe7g\xc3\xccjX2\x11\x16O\x80i\xa3\xdf\xfd\
\x85\x06<8\xd4\xe0\xd1\xde\x95\xb02\xcbJ)\xa5R\
X\xef\x80\xe1L\x87\xc1\xf3\xdf\xfd\xbb\xce>8\xd5n\
h\xe8\x80\xd3\x1d\x86\xbe\xc1\x84\x9c\x9a\x0f<\xf6\xca_\
\x9ag\x82\x1c$P\x00\xb0\xe6\xcbv\x0d\x0e/\x009\
A\x8e3\x12\xf9\xd9p\xd34\xb8c6\xcc\x1f7\xf4\
\x13}{\xb7\xe5P\x83\xc7@b>\x18\xa5\x94Ri\
\xc2\xf7\xa1\xa9\xd3\xa1\xbb\x7f\x88\xffh\xa1\xa1\xd3p\xf8\
\x1c\x1ck5\xf1\x9e\x1d\xe8u|\xee\xfe\xdd_\x99\xd7\
b=@\xcc\x01\xc0\x9a\xaf\xdb\xc5\xf8\xbc\x0a\x14\xc7z\
\x8c\x91\x98Q\x0d\xef[\x047N\x83\x9c\xc8\x95\xff\xdd\
\xa9f\x9f\x13\xe7\xfc+\xff\x03\xa5\x94Rj\x04,\xd0\
\xd2eh\xef\xbe\xf2\x90\xe9\xf9\xd1 `O\xa3\xe1\x5c\
W\xdcN\xad\xdd\xc2\xcd\xaf\xfe\xa5\xd9\x11\xcb\x0f\xc7\x14\
\x00\xac\xfe\x9a\x9d\xeaX\xd6\x01\xa3b\xf9\xf9\x91\x98?\
\x0e>t=\x5cW{\xed\x7f{\xfc\xac\xcf\xe9\x16\x1d\
\xfc\x95RJ\xc9k\xef1\xb4\x9c7\x5c+\xb1|\xaa\
\xdd\xb0\xfd\xb4\xe1Lg\xf8\xe7d\xa0\xc1\xf5Y\x19K\
\xe9\xe0\x11\x07\x00\xcb\xbff\xf3\xf2\xe0-,\xf3G\xfa\
\xb3#1\xb9\x0a>\x7f\x0b,\x18w\xed\x7fk-\x1c\
n\xf48\xd7\xa1\xf9~\xa5\x94R\xe19\xdf\x07g;\
\x9ck\x06\x01\x00\x0d\x1d\x86\xb7N\x18Z\xbbC?\xad\
m~'+^{\xd2\xf4\x8e\xe4\x87F\xbc\x0d0\xcf\
\xf2\xf7a\x0e\xfe\xb9Y\xf0\xb1\xe5\xf0\xad\x0f\x0do\xf0\
\xf7-\xec?\xa5\x83\xbfRJ\xa9\xf0\x15\xe6@u\x89\
?\xac\x1de5\xc5\x96\x07\xe6\xf8\xdc0\xc1\x92\x15\xee\
2\xf9E\xa6\x88\xaf\x8c\xf4\x87F4\x03\xb0\xe6+\xf6\
\x83\x18~2\xd2\x17\x19\xaee\x93\xe0\x0b\xb7Ce\xe1\
\xf0\xfe\xbd\x05\x0e\x9d\xf6h\xee\xd4\xc1_)\xa5T\xfc\
t\xf7Cc\xfb\xf0\x9f\xa1\xbb\xfa\xe1\xcd\xa3\x86S\xed\
\xa1\xeeE\x7ft$;\x03\x86}&\xef\xe4\xfd\xb7\x10\
\xc2\xa2?\xd7\x81\x0f/\x83\x8f\xdd0\xb2}\xfau\x8d\
>M\xed\x9a\xf3WJ)\x15\x7f\x9d\xbdp\xb6s\xf8\
A\x80\x05\xf65\x1a\xde>i\xf0\xc3yn=o]\
\x96\xbe\xfa\x9f\xcc\x81\xe1\xfc\xe3a\x0d\xb7\xab\x9f\xb4\x11\
\xa7\x88\xb7\x09\xa1\xb9OU\x11\xfc\x8f{a\xce\x08\x8b\
\x07\x9f8\xebsJ\x17\xfc)\xa5\x94J\xa0\xb6nC\
K\xd7\xc8\x9e\xea\xcft\xc2ku\x0e]Cm-\x0c\
nS\xc5x\x96?\xf3\xa8\xb9\xe6\xa6\xc4a\x85.n\
\x11O\x10\xc2\xe0_[\x01\xff\xeb\xb1\x91\x0f\xfeM\xed\
:\xf8+\xa5\x94J\xbc\xd2|KQ\xee\xc8\x1e\xe7G\
\x17\xc1\xfds|\xca\xf3C9\xa5\xeb\x9a\xeb\xf9\xd3\xe1\
\xfc\xc3k\x86-\xab\xbfd\xab\x1d\x97\xfd\x08\xd7\xf8\x9f\
]\x03\xff\xcfCP\x9c;\xb2\x9f\xeb\xee\xb3\xec:\xe1\
\xe1\xeb\xf8\xaf\x94R*\x09X\x0b\xa7\xda\x0c\xfd\x83#\
\x9b\x09\xe8\xf7\xe0\xb7\x07\x9d0\xb6\x0bv\xb8\x83\xcc\xfa\
\xed_\x9b\xd3W\xfbG\xd7\x9c\x010.\x7f\x87\xf0\xe0\
\x7f\xc3d\xf8\xca##\x1f\xfc}\x1f\x0e\x9e\xf6u\xf0\
WJ)\x954\x8c\x81\xd1\xc5#\xdfV\x97\xed\xc2\x9d\
3|\xc6\x97\x8a/\x08(\x1e\x8c\xf0\xa5k\xfd\xa3\xab\
\x9e\xefm_\xb7\xb7\x19\xf8\x80\xdc9E\x9f\xfc\xff\xe7\
}W\xaf\xe6w%G\x9a<z\xfau\xc5\xbfRJ\
\xa9\xe4\x92\xe5Z*\x8aF>>E\x1c\xb8e\xaa\xa5\
\xbaH\xf6|\x0c|x\xcd\x97\xed\x9a\xab\xfd\x9b+\x06\
\x00O>i\x1d\xdf\xe7\x1b\x92'4\xa5\x0a\xfe\xf6\xe1\
\xd8\x06\xff\xe6N\xcb\xd9v\x1d\xfc\x95RJ%\xa7\xa2\
\x5cKA\x0c\x9dq\x22\x0e\xdc6\xdd\xa7,O\xf8\x84\
\x1c\xfe\xee\xc9'\xed\x15\xc7\xf9+\xfe\x87\xd7\x8by?\
0K\xea<F\x17G\x07\xff\xc2\x18\xde\x1c\xcf\x87c\
M\x89\xef\xc1\xa8\x94RJ]ME\xc1\xf0\x8a\x04]\
\xeaB:\xa0 [\xf4t\xe6\xbd^\xc8\x83W\xfa\x8f\
W\x0c\x00\x8c\xe5\xaf\xa5\xce \xe2\xc0\x7f\xbf\x17*\x0a\
b\xfb\xf9\xfaf\x9f~\xed\xec\xa7\x94R*\xc9E\x5c\
(\xcb\x8fm\xb6:?\x1b\xd6L\xf3qF\x5c\xa3\xf7\
\xca\x8c\xe1\xbfc\xed\x90!\xc9\x90/\xb3\xe6k\xf6~\
`\xb1\xd4\x09|fU4\xf7\x1f\x8b\xee>KC\xab\
\xae\xfaSJ)\x95\x1aJ\xf2-\xd9\x91\xd8\x82\x80\xaa\
\x02X2N4\xdd\xbdh\xcdW\xb9k\xa8\xff0d\
\x00`,\xffM\xea\x95WL\x81\xf7-\x89\xfd\xe7\x8f\
5\xf9XM\xfd+\xa5\x94J\x11\x06\xa8(\x8c}\xe0\
\x9a[mew\x06\x18\xfe\xf7\xa1\xfe\xfa\xb2\x00\xe0\xb6\
/\xdb\xd5\x16n\x90x\xcd\xc2\x9chm\xffX+\x1f\
w\xf6X\xda\xbbu\xf4WJ)\x95Z\xf2\xb2 7\
+\xb6\xf1\xcb\x00+'Y\xb2\xe5\x1a\x08\xad\x5c\xf3\x15\
{\xd3\xa5\x7fyY\x00\xe0\xbb|J\xea\x15?u#\
\x94\x05\xa8tT\xdf\xacS\xffJ)\xa5RSi\x8c\
k\x01\x00\xf2\xb3`\xf1X\xd1Y\x80O^\xfaW\xef\
\x09\x00\xee\xf8\xb2-\xc0\xf2\x90\xc4kM\x1f\x0d\xf7\x07\
h\x1a\xdc\xd5gi\xeb\xd2\xa7\x7f\xa5\x94R\xa9)?\
\x1brb\x5c\x0b\x000\xab\xdaR!W.\xf8\x91\xd5\
\xdf\xb4\xef\xe9\xb5\xfb\x9e\x00\xc0sy?0\xccf\xbc\
W\xf7\xe7k\xc0\x09\xd0\xf5\xf0\x94>\xfd+\xa5\x94J\
q%\x01f\x01\x0cpC\xad\xd8XX\xe0\xf6\xbew\
K\xe0{\x02\x00\x0b\x1f\x93x\x95\xebjc_\xf5\x0f\
00\x08-\xe7\xf5\xe9_)\xa5Tj+\xcc\x89n\
\x85\x8f\xd5\xe8B\xa8)\x16\x1b\x0f?r\xf1\xff\xf3\x87\
\xd3Z\xfdE;\x0e\xcb\xcd\x12\xaf\xf0\xe1e\xc1~\xfe\
l\x87\xae\xfcWJ)\x95\x1e\x0ar\x82\x0dh\x0bG\
\xd81\xf7J,\xdc\xbe\xfa\x8bv\xdc\x85\xff\xff\x0fE\
y\x1d\x97\x87\x80\xc0k\x0e\xe7\x8d\x8d\xfe\x09\xe2\x5c\x87\
\x8e\xfe*\xf5\xf5\x0dB\xcf\x00\xf4\x0e\x18\xbcw\xbe\xd2\
\xfd\x83\xe0\xbf\xf3\x7fg\xb9\xe0\xbe\x13\x82\xe7D /\
b\xc9\xcdz\xf7\xef\x94R\xe9\xa10\x17\xda{b\xff\
\xf9\x9ab\xcb\xa8BC\xd3\xf9\xc0\xa7\xe28Y\xdc\x07\
\xfc\x13\x5c\x14\x00`\xb8j\xd3\x80\xe1z\x7f\x80=\xff\
\x10-\xfc\xd3\xd5\xa7\x01\x80Jn\x1d\xbdp\xee\xbc\xe1\
\x5c\xb7\xa1\xa3\x07\xda{\x0d\x1d\xbd\xd1\xbf\xef\xea3\xf4\
\x0c\x12\xf3,V\xb6\x0b\xb9YP\x92k)\xca\x8d\xfe\
oq.\x94\x17D\x17\x04U\x14X\xb2\xe4\xb6\x07)\
\xa5B\x96\x13\x89n\xe9\xeb\xf7b_\x187\xb7\xda\xf2\
\xca\xe1\x00\x0b\xeb.\xb0\xac\xe1\x9d\x00\xc0@\xb4\xf1\xcf\
\x1bE\x9c\x03\xca\x82\x1c\xb7(\x17\x9e\xf9\x13\x02\xdd\x9c\
\x8e\x9f\xf59\xdd\xa2\x0b\x00Ur\x18\xf0\xa1\xb1\xc3p\
\xba\xcdp\xba#\xfa\x7f\x9f\xeb2\xf4%\xb04\xb5!\
\xdaJ\xbb\xba\xc4RSd\xa9)\xb6\xd4\x14G\x03\x04\
\xa5Trj\xeb1\xb4\x9c\x8f}\x00\xf7}\xf8\xe9v\
'\xf8\xbd\xc7\xd2|\xd3yF=\xf9\xa4\xf1#\x00\xaf\
\x17\xb2\xc8\x04\x1c\xfc\x01n\x9d\x19l\xf0\x07h\xd7\xad\
\x7f*\x81\xce\xf7\xc3\xb1f\xc3\xf1\x16\xc3\xd1\x16\xc3\x99\
N\x93t\xebQ,\xd0\xde\x1b\x9du8p\xe6\xdd\x1b\
JA6L(\xb3L,\xb7L(\xb3\x8c-\xb5\xb8\
\x02\x0f\x0cJ\xa9\xe0\xf2\xb2\x82\xfd\xbc\xe3@m\xb9\xe5\
@S\xc0\x8b\xdaP\xb1\xb6\x80\xb9\xc0\xceh\x0a\xc0a\
\x0d\x027\xb9;f\x07\xfb\xf9A\x0f\x9d\xfeWq\xe5\
\xf9p\xac\xc5p\xf0\xac\xe1`\x93\xe1l\x80\x08=\xd1\
\xba\xfaa\xdf\x19\xc3\xbew\x82\x82\x9c\x08L\xae\xb0L\
\xad\xb4L\xad\xb2T\xe8\x0c\x81R\x09\x93\xe3Z\x1cc\
\xfe\xb0\x06(\x16S+\x05\x02\x00\xc07\xdc\xca\x85\x00\
\xc0XV\x07=`U\x11\xcc\xa8\x0ev\x0c-\xfb\xab\
\xe2\xa1o\x10\xf6\x9f1\xecnt\xa8;k\xe8O\xd3\
N\xd3}\x83\xef\x0d\x08\xaa\x0a-\xb3G[f\xd7X\
\xc6\x94\xd8\x98Kt+\xa5b` /\x1b\xba\xfab\
?\xc4\xa8\xc2h\x85\xc0\xee\x81\xc0\xa7r\x0b\xf0\xf5\x0b\
\x8b\x00\x97\x06;\x1c,\x9e\x10\xf4\x08\xd0\xa1\x01\x80\x0a\
\xc9\x80\x0f{\x1b\x0d\xbbO;\x1c:g\x18L\xd3A\
\xffj\xce\x9e7\xbc~\xde\xf0z\x1d\x94\xe4\xc2\xfc\xb1\
>\x0b\xc7ZF\x17\xe9u\xa7T<\xe4eY\xba\xfa\
b\x0f\xbd\x0d\xd1\x1d\x01u\xcd\xc1\xc2wc\xa2c~\
d\xd5\xd7m\x0d>\xa3\x02\x1d\x0dX8>\xe8\x11\xa0\
\xa3GoDJ\xd6\xc96\xc3\xd6\x93\x86]\x0d\x0e\xbd\
\x01\xa3\xe6t\xd2\xde\x0bk\xeb\x1c\xd6\xd6Eo(\x0b\
\xc7Z\x16\x8d\xf7\xc9\x0f\x98\xa7TJ]Y\xae\xc0\xf5\
US\x0cu\xcd\xc1\x8ea\xa1f\xd57lU$\xdb\
c\xae\x15\x98\x0b\x5c\x140\x00\xb0@o\xbf\x06\x00*\
\xb8~\x0f\xb6\xd5;l<nh\xea\xd4\x89\xeeki\
\xe804t\x18~{\xd0an\x8de\xd9D_\xb6\
\x15\xa9R\x0a\x80,\xd7\x821\x04Ys7\xa6\xd8\x12\
{\x8f\xddwe\x0f07b\x0dS\x83\x1e\xa8\xaa(\
\xfa'\x88\xbe~\x1bhq\x84R\xad\xdd\x86\xb7\x8e\x1b\
\xb6\x9c\xd4\xa7\xfdX\x0cz\xb0\xbd\xde\xb0\xbd\xde\xa5\xa6\
\xc4r\xe3$\x9f\xb9ct'\x81RR\x8c\x81,\xc7\
2\x10\xa0\x1e@a\x8e\xcc:\x00\x0bS#\xc62)\
\xe8\x0c\xc0\xf8\xc0\x1b\x08\xa3\x15\xd3\x94\x8a\xc5\x99N\xc3\
\xeb\x87\x1dv5$\xdf\x96\xbdT\xd5\xd0nxf\xbb\
\xcb\xcb\xfba\xc5$\x9f\xa5\x13|r\x22\xd7\xfe9\xa5\
\xd4\xd5e\xb9\x86\x81\x80k\x90\x8a\xf3,\xdd\x03\xc1\x06\
nk\xa8\x8dX\x98\x18\xecT`|y\xd0#\xe8\xf4\
\xbf\x1a\xb9Sm\x86\xd7\x0e;\xec?c$v\xb1\xaa\
!\xb4\xf7\xc2\x8b\xfb\x1c\xde\xa8s\xb8q\xb2\xcf\xb2Z\
\x9fl\xadB\xa8T\xcc\xb2\xdc\xe0S\xf8\xa5\xb9\xd0\xd8\
\x11\xec<\x8ceR\x04C\xc0\xcd{B3\x00\xfd\xc1\
\x8f\xa12\xc3\xb9.\xc3o\xf7;\xecm\xd4\x81?^\
\xba\xfa\xe1\xa5\xfd\x0eo\x1eu\xb8i\x8a\xcf\xb2\x09>\
\x11\x0d\x04\x94\x1a1\x892\xde\xc5\xb9\xc1\x8f\x81at\
\x04\xa8\x08z\x9c1\xa5\xc1\xcfe\xd0\xd3[\xb9\xba\xba\
\xce^\xf8\xfd!\x87\xad'\x1d]/\x92 ]}\xf0\
\xe2^\x87\xf5G\x1c\xee\x98\xe91\x7f\xac\xd6\x13Pj\
$\x1c'\xf8\x0c\x80H\x00\x00\x95\x22\x01@AN\xf0\
3\xf1\xb5\xfc\xbf\xba\x02\xcf\x87\xf5G\x1d^=\xe4\xa4\
m\xd1\x9eT\xd3\xde\x0b\xcflwY\x7f\xd4r\xf7,\
\x9f\xda\x0a\x8d\xc8\x94\x1a\x0eG b\xce\x11H#`\
\xa9\x88\x00\xf9AOFb\xef\xb0\xa7\x01\x80\x1a\xc2\x81\
3\x86\x17\xf694w\xe9sf2:\xd5n\xf8\xee\
[.\x0b\xc7Y\xee\x9a\xe9\x89<\x0c(\x95\xce\x8c\xc0\
\xadL(\xfd\x96\x1f\x01\x02_\xb2\xf9\xd9\xc1\xcfD3\
\x00\xeab\x9d}\xf0\x1f\xbb]\xf64\xea\xc0\x9f\xec,\
\xb0\xad\xde\xb0\xffL\x84\xdbf\xf8\x5c?\xc1\x17\xb9\xc9\
)\x95\x8e\x1c\x81\x8b#\xcb\x118\x11\xc8\x8d\x00\x81\x9f\
\xdfs%\x02\x00\x9d\x01P\x5c\x18L\x1c^\xdc\xeb\xa4\
\xd5\xd6\xd0\x88\x0b9.dG,\xbe\xff\xde\xfe\x03\xbe\
%\xa1\xed\x85\xa5\xf4\x0c\xc0\xafw;\xec<mxx\
\x81OE\xbeF\xf5J]J\x228\xce\x92\xd9\x92\x9b\
\x13\x01\x02\xc7\x12\x22\x85B\xf4^\x91\xf1:{\xe1\xdf\
w\xb8\x1c>\x97:\x8f\x8f\xd9.\x8c.\xb6\x94\xe6A\
I\xae\xa5$\x0fJ\xf3,\xc5\xb9\xd1\xd4Xn\x96%\
;r\xedk\xc4\xb7\xd1\x9d0\xdd\x03\x86\x9e\x81h\x91\
\x8f\xf6nCK\x0f\xb4t\x19Z\xba\xa3\xff;\x90\x02\
\x81\xf2\xf1\x16\xc3?\xbc\xeer\xc7L\x9f\x1bju6\
@\xa9\x8bI<\xbc\xcbL\x00\xe0hi\x0f\x95\x14\xf6\
4\x1a~\xb9\xd3\x0d\x5c\xdd*LE90\xa1,\xda\
<\xa7\xba\xd8R]\x04e\x052\xab\xe0\x1d\x13]L\
[\x90sq$|yT\xdc\xda\x03\xa7\xdb\x0d\xa7\xdb\
\x0c\xa7\xda\xa3\x7f\x92q\xa6d\xc0\x87\xe7\xf7:\xec=\
cxd\xa1'\xb5jY)%H\x03\x00\x95P\xfd\
\x1e<\xbf\xc7a\xcbI\xa1\x98VPI.L\xaa\xb4\
\xd4\x96Yj+,\x95\x05\x89\x9f\xa6*\xcb\x83\xb2<\
\xcb\x9c\xeaw\xcf\xa5\xb9\xcbP\xd7l\xa8;k8\xd2\
\x9c\x5c\x01\xc1\xd1f\xc37\xd7Fxp\xbe\xc7\xac\xd1\
\x89\x7f\xff\x94R\xef\xd2\x00@%\xcc\xd9\xf3\x86\x9fn\
qh:\x9f\x1cs\xc4\x06\x18Sj\x99=\xda2\xab\
\xda2\xaa05\x06\xac\x8a\x02KE\x81\xe5\xfa\x09`\
mte\xfe\xe1s\x86=\x0d\xd1&?\x89\xd6\xd5\x0f\
?\xd9\xecrC\xad\xcf]\xb3|\xdc\xe4\x8b\xf5\x94\xca\
H\x1a\x00\xa8\x84\xd8\xd3`\xf8\xf9N7\xe1\x8b\xdf\x0c\
0\xa1\xdc\xb2`\xace\xd6(\x9f\xa2\x14\x9f\xaa6\x06\
\xc6\x95Z\xc6\x95ZVO\x8d\xce\x0e\xecj0\xecn\
04&0\x18\xb0\xc0\x86c\x0e\xa7\xda\x0d\x1f\x5c\xec\
\xa5\xfc\xfb\xacT:\xd0\x00@\xc5\x95\xb5\xf0\xf2~\x87\
7\x8f8\x09]\xf7Y\x9c\x0b\x8b\xc6\xfa,\x1a\x9f\x1c\
S\xfba\xa9(\xb0\xac\x9e\x1a\x0d\x06\xce\x9e7l9\
i\xd8z\xd2I\xd8Z\x8b\x13\xad\x86\x7f|3\xc2\x07\
\x16yZ<H\xa9\x04\xd3\x00@\xc5M\xdf <\xbd\
\xcd\xe5@Sb\x9eD\x0d0\xb5\xca\xb2\xbc\xd6gZ\
\x95\xcd\xb8\xd5\xe9U\x85\x96\xbbfYn\x9b\xee\xb3\xa7\
\xd1\xb0\xf1\xb8\xc3\x89\xd6\xf8\xbf\x09\x9d}\xf0\xfd\x8d.\
\xf7\xcf\x8dv\x19TJ%\x86\x06\x00*.Z{\xe0\
G\x9b\x5c\xcet\xc6\x7f\xc0q\x1dX0\xc6g\xe5\xe4\
\xe8\x0a\xfeL\x17qa\xc1X\xcb\x82\xb1\x1e\x8d\x1d\x86\
\xb5u\x0e;\xe3\xdcJ\xd9\xb3\xf0\xdc.\x87\xe6n\xb8\
c\x86n\x15T*\x114\x00P\xa1kh7\xfc\xe0\
m\x97\xf3q\xee\xf8\x98\xed\xc2\xb2Z\x9f\x15\x93|\x8a\
\xb4D\xed\x90\xaa\x8b-\x8f,\xf2X3\xc3\xf0\xc6a\
\xc3\xf6SN\x5c\x8br\xad\xadsh\xe92\xbc\x7f\xa1\
'\xd2%M)5|\x1a\x00\xa8P\x1dm6\xfch\
s|\x17\xfb\xb9\x0e\x5c7\xdeg\xf5t\x9fB\x81*\
\x95\x99\xa0\x22\xdf\xf2\xd0|\xcb\x9a\xe9>o\x1cv\xd8\
|\xc2\x89[y\xee=\x8d\x86\xee\xb7]>\xbc\xd4#\
W\xa0\xaf\x88Rjx4\x00P\xa1\xd9\xd3hxz\
\x9b\x1b\xb7'Jc\xa2S\xdb\xb7N\xf3)\xd32\xb4\
1)\xc9\x85\xfb\xe7\xfa\xdcPk\xf9\xcd~\x87\x03g\
\xe237\x7f\xb4\xc5\xf0\xdd\x8d.\x1f\xbf\xde\xd3\xa0M\
\xa98\xd1\x1d\xb9*\x14;N\x1b~\xb65~\x83\xff\
\xf82\xcb\xe7Vz\xbc\x7f\x81\xa7\x83\xbf\x80\xaaB\xcb\
G\x97z|b\x99\x17\xb7u\x13\x0d\xed\x86\x7f^\xef\
\xd2\xde\x13\x97\x97S*\xe3i\x00\xa0\xc4\xed8ex\
v\xbb\x1b\x97EeyY\xf0G\xf3|\x1e_\xeeQ\
S\xa2\x03\xbf\xb4\xa9\x95\x96\xcf\xaf\xf2\xb8w\x8eOv\
\x1cr\xf4\xcd]\x86\xef\xbd\xa5A\x80R\xf1\xa0\x01\x80\
\x12\xb5\xad\xde\xf0\xec\x8e\xf8\x0c\xfe\x0b\xc7Y\xfe\xd3\xcd\
\x83\xda~6d\xc6\xc0\xf2Z\x9f'n\x1edZU\
\xf8\x1fls\xb7\x06\x01J\xc5\x83\x06\x00J\xcc\xeew\
\xaa\xfb\x85=\xf8\x17\xe4\xc0G\xae\x8bN\xf7\x17\xe8\xea\
\xfe\xb8)\xcd\x83\x8f_\xef\xf1\xbe\x85\x1ey!/\xd6\
\xbb\x10\x04t\xf6\x85\xfb:Je2\x0d\x00\x94\x88\xc3\
\xe7\x0c\xcf\xc4a\xda\x7f\xc6(\xcb\x9f\xdf4\xc8\xccQ\
:\xdd\x9f(\x8b\xc6Z\x9e\xb8y\x90\xc9\x95\xe1~\x06\
\xcd\xdd\xd1\xed\xa3\xbdI\xd4\xdcH\xa9t\xa2\x01\x80\x0a\
\xac\xbe\xcd\xf0\x93\xcd\xe1.\xf8\xcbr\xe1\xde\xd9>\x1f\
\xb9NW\x89'\x83\xa2\x1c\xf8\xe42\x8f{g\xfb\xb8\
!\xa6_\x1a;\xa2A@\xbf\x17\xdek(\x95\xa94\
\x00P\x814w\x19~\x18\xf2\x0d\xba\xbc\xc0\xf2\xd9\x95\
\x1e\xcb'\xf9h\xaa?y\x18`\xf9$\x9fO\xdc\x10\
ns\x9f\x93m\x86\xa7\xb7\xc6g]\x89R\x99D\x03\
\x00\x15\xb3\xee\x01\xf8\xe1\xa6p\x1b\xcbL\xad\xb4\xfc\xe9\
\xca\xf8mES#7\xa9\xdc\xf2\xf9U\x83\xa16\xf7\
\xd9\xdfdxa\x9f\xde\xae\x94\x92\xa4W\x94\x8a\x89g\
\xe1g[]\x9a\xbb\xc2{&\xbfn\x82\xcf\xc7\xae\x0f\
\x7f\xc1\x99\x0a\xae \x1b>y\xbd\xc7\xe2q\xe1\xe5\x81\
6\x1cu\xd8xLoYJI\xd1\xabI\xc5\xe4\x97\
;\x1d\x8e\x9c\x0bg\xf0w\x1dxd\xa1\xc7\x03\xf3|\
\x1c\x9d\xf3O\x19\xae\x03\x0f/\xf0\xb9sfx\xdb2\
\x9f\xdf\xebp8\xa4\xef\x9dR\x99F\x03\x005bo\
\x9fp\xd8Z\x1f\xceW'\xdb\x85\x8f,\xf5X0V\
\xa7\xfcS\xd5\xaa)>\x1f\x5c\x1cNs\x1f\xdf\xc2\xd3\
[]\xda\xb4F\x80R\x81i\x00\xa0F\xe4d\xab\xe1\
\xf9=\xe1|m\xf2\xb2\xe0\x13\xcb\xbc\xb8\x14\x9bQ\xe1\
\x9a]m\xf9\xf8u\x1e9!t\x1b\xe9\x1e\x80\x1fo\
v\x19\xd0\x9d\x01J\x05\xa2\x01\x80\x1a\xb6\xae~\xf8Y\
H\xcd}J\xf3\xe0\xf1\x15\x1e\x13\xcat\xf0O\x17\xb5\
\x15\x96O,\x0b\xa7\xc3_C\x87\xe1?B\x0aD\x95\
\xca\x14z\x05\xa9a\xb1\xc0\xcfw\x84S\x9e\xb54\x0f\
>\xb3b\x90\xaaB\x1d\xfc\xd3\xcd\xf8R\xcb\xa7\x97y\
\x14\x84P\xbba\xcbI\x87\x9d\xa7u=\x80R\xb1\xd2\
v\xc0jX6\x1ew8\xd0$\x7f\xb3-\xce\x85O\
-\xf3(\x09q\x1fy\x22\xf4\x0c@[\x8f\xa1\xbd\x17\
z\xfb\xa1g\xd0\xd0;\xc0e\xf5\x12\xf2\xb3 ;\x02\
\xb9\x11K~v\xb4\x1doY\x81%+\x8dB\xf3\x9a\
\x12\xcb\xa7\x97{|w\x83KW\xbf\xec\xb1\x7f\xb5\xdb\
e|\xa9v\x80T*\x16\x1a\x00\xa8kj:ox\
)\x84=\xd8\x05\xd9\xf0\x89\xeb=\xca\x0bR\xf7\xe6=\
\xe0\xc1\xe9v\xc3\xe9\x0eCcG\xb4\xa5ms\xb7\xa1\
o0\xd8q\xf3\xb3`t\x91eT\xb1\xa5\xba\x08\xc6\
\x96Zj\x8al\xca6=\x1aUh\xf9\xd8u\x1e\xdf\
\xdb\xe8\x06~o.\xd6;\x00?\xdb\xe6\xf0\xf8\x0a/\
\xd4\x8a\x84J\xa5#\x0d\x00\xd4Uy\x16\x9e\xde\xe6\x88\
/\xb8\xca\xcf\x82O\xdd\xe01*\xc5\x0a\xfcX\x0b\xc7\
Z\x0dug\x0dG[\x0c\xf5m&\x945\x11\xdd\x03\
p\xb4%\xfa\x1a\x17\xe4D`b\xb9eR\xb9eZ\
\x95\xa5\xba8\xb5\xde\xbb\xb1\xa5\x96\x0f/\xf1\xf8\xc1&\
\xd9u$\xa7\xda\x0co\x1cv\xb8eZ\x88\xb5\xa8\x95\
JC\x1a\x00\xa8\xabz\xe3\xb0Cc\x87\xec\xa3\x95\xeb\
\xc0\x07\x97\xa4Nu?\xcf\x87\x83g\x0d\xfb\x1a\x0d\x07\
\x9a\x1c\xf1i\xec\xe1\xea\x1b\x84\x83M\x86\x83M\x86\x97\
\xf6CY\xbee\xe6h\xcb\xdcj\xcb\x84r\x9b\x12e\
\x92'WZ\x1e[\xec\xf1\xd3-.\xbe\xe0\xc7\xff\xda\
a\x87\xd9\xd56e\xbeSJ%\x03\x0d\x00\xd4\x155\
\x9d7\xbcvXv\xea\xdf\x00\x0f/\xf0\x98\x14b\xd9\
X)\x8d\x1d\x86-\xf5\x86\x9d\xa7\x127\xe8_Mk\
\xb7a\xc3Q\xc3\x86\xa3P\x91oY4\xde\xb2h\xac\
OI^\xa2\xcf\xec\xeaf\x8d\xb6\xdc;\xc7\xe7\xd7\xbb\
\xe5\xbe[\x9e\x0f?\xdf\xe1\xf0'+=-\x1e\xa5\xd4\
0i\x00\xa0\x86d-\xfcb\xa7#>\xbd}\xcbt\
\x9f\x05c\x92w\xf0\xb7\x16\x0e\x9c5l8\xeaP\x97\
B\x15\xe7\x9a\xbb\x0d\xbf;`\xf8\xfdA\x87\xe9U\x96\
\x15\x93|\xa6\x84\xdc\xae7\x88e\x13}\x1a;`\xd3\
\x09\xb9 \xe0T\xbba\xdd\x11\x87US4\x15\xa0\xd4\
ph\x00\xa0\x86\xf4\xf6\x09\x87\x93\xad\xb2\x03\xe0\xbc\x1a\
\x9b\xb4yZ\xdf\xc2\xb6z\x877\xeaL\xa8\xfd\x0d\xc2\
f-\x1ch2\x1chr\x19_\x1a}\xbf\xa7\x8fJ\
\xce@\xe0\xbe\xb9>\xe7\xba\x0cG\x9b\xe5\xde\xefW\x0e\
:\xcc\xad\xb1\xba+@\xa9aH\xa3\xcdFJJ\xf7\
\x00\xfc\xfe\x80\xecWct\x91\xe5\xe1\x05^\xd2\xe5\xa9\
-\xb0\xbb\xc1\xf0\x8d\xd7]~\xb1\xd3I\xe9\xc1\xffR\
'\xdb\x0c?\xdc\xe4\xf2\xedu\xae\xe8 +\xc55\xd1\
\xb5 \x92\x83\xf5\x80\x8fv\x0dTj\x98\xf4JQ\x97\
yi\x9fl\x8b\xdfl\x17>\xb8\xc4\x0f\xa56|\x10\
'[\x0d\xff\xf4\xa6\xcb\xcf\xb6\xba\x9cK\xa3\x81\xffR\
'\xdb\x0c\xdf}\xcb\xe5\xc7[\x5cZ\x93\xac\x86~~\
V\xf4\xbb\xe1\x0a\xde\x89\xf65\x1a\x0e\x9cI\xdf\xcfS\
))\x1a\x00\xa8\xf78\xd5f\xc4\x1b\xfd<0\xcf\xa3\
2\x89\xf6\xfaw\xf5\xc3s\xbb\x1c\x9e\xda\xe0r\xaa=\
s\x06\x8a}\x8d\x86o\xbc\x16\xe1\xb5\xc3\xf2k;\x82\
\x18Sl\xb9c\x86\xec\x09\xbd\xb8\xcf\xc1K\x9e\xaf\x9c\
RII\x03\x00\xf5\x1e/\x1dp\xb0\x827\xce%\xe3\
\xfd\xa4\xea\xecw\xb0\xc9\xf0\x0foD\xd8|B\xf6\xf7\
L\x15\x03>\xfc\xee\x80\xc37\xdfL\xae\xe0g\xc5d\
\x9f\x19\xa3\xe5>\x90s]\x86\xcd\xc7\xf5\xf6\xa6\xd4\xd5\
\xe8\x15\xa2\xfe\xe0`\x93\xe1\x88\xe0\xca\xf7\x8a\x02\xcb}\
s\x93\xe3Q\xb3o0\xbaM\xec\x87\x9b\x5c:\xfb\x12\
}6\x89\xd7\xd4ixj\x9d\xcbk\x87\x1d\xd1\xfd\xf8\
\xb12\xc0\x83\xf3d{\x06\xbcr\xc8\x11\xad:\xa8T\
\xba\xd1\x00@\x01\xd1\xd5\xe3/\x0b.\xfc3\x06\x1e\x9e\
\xef'EM\xfb\xc6\x0e\xc37\xdft\xc5S\x1b\xa9\xce\
\xb3\xd1\xd9\x80\xefmL\x8e\xa0\xa8(\x07\x1eZ W\
r\xb2\xab\x1f\xd6\xd6\xe9g\xae\xd4\x95\xe8\xd5\xa1\x00\xd8\
y\xda\x88V\xfc\xbb~\xa2\xcf\xc4\xf2\xc4?Z\xee8\
mxj\xbdKK\x1a/\xf2\x0b\xeaX\xb3\xe1\x1f\xd6\
FDg\x7fb5s\x94e\x9e`\x9d\x88\xf5G\x93\
\xb3\x88\x93R\xc9@\x03\x00\x85\xb5\xf0\xba`\xc5\xbf\xd2\
<\xc4\x17u\x8d\x94\xb5\xd1\x85`\xcfls/\xeb\xc0\
\xa7.\xd7\xd5\x07?x;9fI\xee\x9d\xe3\x91\x97\
%s\xac~\x0f\xd6\x1dM\xfc\xef\xa4T2\xd2+C\
\xb1\xbb\xd1\xd0t^\xee\xe9\xef\xc1\xf9\x1e9\x09,1\
\xe5\xf9\xf0\xf4v\x97uG\xf4\xeb=\x12\x9e\x8d\xae\x93\
x~\x8fC\x22\xe7n\x0a\xb3\xe1\x8e\x99r\x01\xe4[\
:\x0b\xa0\xd4\x90\xf4\x0e\x99\xe1,\xb2O\xffs\xaa-\
S\x13X\x82\xb6w\x00\xbe\xb7\xd1e\xd7\xe9\xc4Og\
\xa7\xaa\x0d\xc7\x1c\x9e\xdb\x99\xd8]\x12K\xc7\xfbL,\
\x939\x81~\x0f\xd6k0\xa8\xd4e\xb4\x14p\x86;\
xF.\xf7\xef:p\xa7\xe0\x93\xdbH\xf5\x0e\xc0\xf7\
7&\xcf\xf6\xb6l7\xda\xb1\xaf4\x0f\x8ar-9\
.\xb8.\xe4E\xa2O\xdb}\x830\xe8C\xef\x80\xa1\
\xad\x07\xdaz\xa0\xa37\x9c\xf6\xc2#\xb5\xe5\xa4\xc3\xa0\
ox\xff\x02\x0f\x93\x80\xb7\xd3\x98h\xa9\xe0\x7f|\xd3\
\x15\x09D\xde>\xe1p\xf34\x9f\xec$+F\xa5T\
\x22i\x00\x90\xe1\xd6\x1f\x93{2ZQ\xebS\x9e\xa0\
\x82?\xbd\x03\xf0\xfd\xb7\x137\xf8g\xb90\xb1\xcc2\
\xae\xd42\xb6\xd42\xae\xc4R\x94;\xf2\xe3\xf86\xba\
E\xeft\x87\xe1t\x1b\x1ci14u&\xe6w\xda\
q\xca\x80uy\xff\xc2\xc4\x04\x015\xc5\x96\x05c-\
\xdb\xeb\x83\xbfx\xcf@4\xa8Y^\x9b\x04\xd1\x95R\
IB\x03\x80\x0c\xd6t^n\xdf\x7fA6\xdc<5\
17\xd7\x01\x1f~\xb0\xc9\xe5T[|G\xa9\x82l\
\x98U\xed3c\x94ej\x95\x15\xd9\xf2\xe8\x18\xa8.\
\xb6T\x17[\x16\x8f\x8b\xfe]{/\x1clr\xd8\xd3\
`\xa8k6q\x9d\x9a\xdfq\xda\x90\x15qx`\x9e\
\x9f\x90>\x0e\xb7M\xf7\xd8\xdd\x10aP`!\xe7\xfa\
\xa3\x86e\x13\xd1v\xc1J\xbdC\x03\x80\x0c\xb6\xe1\xa8\
\x11[\xec\xb5z\x9aO\xae\xd0\xca\xed\x91\xf0-\xfcl\
\x8b+\xde\xb9\xf0J\x8c\x81\xa9\x95\x96%\xe3}f\x8d\
\xb6\xa25\xec\xaf\xa4$\x17\xae\x9b\xe0s\xdd\x04\xe8\xec\
\x85\x1d\xa7\x1d6\x1d74w\xc7\xe7w\xde|\xc2\xa1\
(\x07n\x9d\x1e\xff\x00\xaf4\x0f\x96M\xf0EV\xf2\
\xb7vG{\x04\xcc\xaaN\xfc\xf6T\xa5\x92\x81\x06\x00\
\x19\xaaw\x00\xb6\x0bm\xf9*\xca\x85\xeb\xc6'\xe6\xe9\
\xff\xd7\xbb\x1d\x0e4\x85?\x10\xba\x06\x16\x8c\xf5\xb9y\
\x9a\xa5\x22\x81\xadf\x8br\xe1\xc6\xc9>+'\xc1\xbe\
3\x867\x8f8\x9c\x88C\xf0\xf3\xea!\x87\xe2w\x02\
\x91x[=\xcdgK\xbdC\xaf@\x83\xaaM'\x1d\
fU\xeb\xbeP\xa5@\x03\x80\x8c\xb5\xe3\xb4\xc3\x80\xd0\
\xbd|\xd5d\x9fH\x02\x16Wm8\xe6\xb0\xe9D\xb8\
\x8f\xe0\xc6\xc0\xe2q>\xab\xa7\xf9\x94\xe5\x85\xfaR#\
b\x0c\xcc\xae\xb6\xcc\xae\xf68t\xd6\xf0\xd2~G\xb4\
\x90\xd3P\xfec\xb7\xc3\xa8B\x1b\xf7\x02OyYp\
\xc3D\x9f\xd7\x04v\xab\x1c:kh\xed!\xa9>K\
\xa5\x12E\xf7\xc6d\xa8\xad'\xe5r\xffK\x13\xf0T\
x\xbc\xd5\xf0\x9b\xbd\xe1~}\xc7\x97Z>\xbb\xd2\xe3\
\xa1\xf9\xc95\xf8_jZ\x95\xe5\xcfn\xf4xx\x81\
/ZK\xffR\x9e\x85\x9fmu\xe9\xe8\x0d\xef5\xae\
dy\xadL;ikaK\xc8A\xa3R\xa9B\xaf\
\x84\x0c\xd4\xd8a\xc4V\xcb\xdf89\xfe[\xab\xce\xf7\
G\x07\xa2\xb0\xda\xbdf\xbb\xf0\xc0<\x9f\xc7Wz\x8c\
-I\x8d|\xf1\x85\x99\x8a'n\x1ed\xbe`)\xdd\
Ku\xf6E\xdf\xfbx7\x10*\xc8\x89\xfe~\x12\xb6\
\xd6gf'H\xa5.\xa5\x01@\x06\xdavJf\xf0\
\xcf\x89Dk\xfe\xc7\x93\x05~\xbe\xc3\xa53\xa4\xa7\xd0\
\xb1\xa5\x96\xcf\xad\xf2\xb8nBbV\xbd\x07U\x90\x0d\
\x8f.\xf2\xf8\xd0\x12/\xb4E\x99'Z\x8d\xc8t\xfc\
H\xdd8\xd9\x8alG\xec\xe8\x85\xa3\xcd\xa9\xf8\xe9*\
%K\x03\x80\x0cc\x81\xdd\x0d2\x1f\xfb\xc2\xb1~\xdc\
K\xfen>\xe1p0\xa4E\x7f\xcb'\xf9<\xbe\xc2\
\xa32A\xb5\x0c$\xcd\xae\x8e\xa6\x05\xc6\x14\x87\xf3\xbb\
\xbcv\xc8\xe1d\x9c\xb7]\x96\xe5[\xe6\xd6\xc8\xfc>\
;\xb4R\xa4R\x1a\x00d\x9a\x13\xad\x86\xf6\x1e\x99c\
]?1\xbe\x03eK\x97\xe1\xc5\x10\xf2\xfe\xae\x03\x0f\
\xce\xf3\xb9w\xb6\x8f\x9bF\xe3BY\xbe\xe5\xf1\x15^\
()\x01\xdf\xc2\xb3\xdb\x1d\x91\xfd\xf9#q\xbd\xd0z\
\x93\xdd\x0d\x0e\x03\xba\x19@e8\x0d\x002\xcc\xee\x06\
\x99\x11nb\xb9etQ|\x03\x80_\xefq\xc4;\
\xfb\xe5D\xe0\x13\xcb\xbc\x84,d\x8c\x87\x88\x0b\x8f,\
\xf2X9Y\xfe\xf7k\xee2\xbc^\x17\xdf[Hm\
\x85\xa5B`\x86\xa6o\x10\x0e'A\xfbc\xa5\x12I\
\x03\x80\x0cb\x81\xbd\x8d2\x1fy\xbcs\xff{\x1a\x0d\
\x87\xce\xca\xde\xb0s\xb3\xe0\x93\xcb<&\xc5y[[\
\xbc\x19\xe0\xeeY~(}\x1a\xde\xa8s8\xd7\x15\xbf\
\x81\xd4\x00K\xc6\xc9|^\xfb\xcfh\x00\xa02\x9b\x06\
\x00\x19\xa4\xb1]f\xfa?'\x02\xb3G\xc7o\xd0\xec\
\xf7\xe0\x85\xbd\xb2[\x0d\xf2\xde\x19\xfc\xc7\x95\xa6\xf7\xe0\
\x7f\xb1US|\xf1j~\x9e\x0f\xcf\xef\x89\xefmd\
\xd1x\x99T\xcd\xfe&\xdd\x0d\xa02\x9b\x06\x00\x19\xe4\
\xa0\xd0\x13\xf4\xecj+\xb2'{\xb8\xd6\x1fu\xc4\xd6\
-@tZ\xfc#KSg\x8b\x9f\xa4[\xa6\xf9\xdc\
$\xdc\xb3\xe1\xd0YC]\x1c\xa7\xd3\x8br`\xfa\xa8\
\xe0\x9f]W\x1fq\xa9\xa2\xa8T\xb2\xd2\x00 \x83H\
\xad\x9e\x9fW\x13\xbf\xe9\xff\xde\x01X'\xd8\xcb\xdd\x00\
\x0f\xcd\xf3\xe2^\xcd.\x99\xdc>\xc3\x17_\x18\xf8\xe2\
\xbe\xf8>M\xcf\x15\xfa\x0e\xea:\x00\x95\xc94\x00\xc8\
\x10=\x03\x88l\xdb*\xc8\x86)U\xf1\xbb\xd3\xbf^\
\xe7\xd0#P\x03\xfe\x82\xdbf\xf8,\x18\x9b\xb9\x83?\
\xbc\x13\x04-\x90\x9d\x01i\xec0\xeci\x8c\xdf`:\
c\x94L#\xa6D\xb5\x8fV*\x19h\x00\x90!\x8e\
5\x1b\x91\xeams\xaa\xe3\xb7U\xaew\x006\x1e\x93\
\xfb\x8aN\xab\xb2\xdc4%=W\xfb\x8fT\x96\x03\x1f\
Z\xe2\x91'X,\xe8\x8d8\x16\x07\xca\xcd\x82\xc9\x15\
\xc1\xbf\xd0\x92\xc1\xa5R\xa9F\x03\x80\x0cqL(\xd7\
93\x8e\x8b\xff\xde>.\xb7\xed\xaf \x07\x1e^\xe0\
\x89T\x92\x93\xd2\xd5\x17mQ\xdb\xd0nh\xe80\xb4\
v\x1b\x91\x8ew\xc3U\x92\x07\x0f\xce\x97\xdbWy\xba\
#\xbek\x01f\x0b\xb4\xf5\xd5\x1b\xa0\xcad\xda\x0d0\
C\x1ck\x09~cv\x1d\x98T\x19\x9f\x00\xc0\xf3\xe1\
\xad\xe3r\xb7\xe7\x87\xe7y\x14\xe5\x88\x1dn\xc4Z\xbb\
\x0d\x07\xcf\x1a\xea[\x0d\xa7;\xa0\xa5\xdb\x5c\xb1\x10M\
^\x16T\x16Z\xc6\x95X\xc6\x97Y\xa6VY\xf2C\
*\xeb;\xa7\xda\xb2h\x9ce[\xbd\xcc\xc0\xbd\xb6\xce\
aJe|*\xec\xcc\xaa\xf6\xf9\xd5\xee`k\x0fF\
\xc5\xb9\x96\x85R\xc9D\x03\x80\x0c\xd07\x08\x0d\x02\xb9\
\xce\xdarKV\x9c\x1e\x99\xf66\x1a\xb1\xaessj\
,3\xe28sq\xc1\x80\x0f[O8\xbc}\xc2p\
\xa6s\xf8\xef\x7f\xcf\x00\x9cl5\x9cl5l8\x16\
m\xf4S[\x1e\x1d\xa8\xe7\x8d\xf1\xc5?\x83{f{\
\x1cl\x8a\xd0\xd5\x1f\xfcXu\xe7\x0c\xcd]F\xa4X\
\xcf\xb5\x14f\xc3\x94\x0a\x1bh!\xdf\x948\x05\xb4J\
%#\x0d\x002@}\x9bL\xfe\x7fj\x1c\x17\xffm\
>)3\xca\xe5D\xe0\xde\xd9\xf1\xad\xf9\xda\xefE\x9f\
\x847\x1es\xe8\x16\x98\xd2\xb76\xda\xbc\xe6h\xb3\xe1\
\x85\xbd\x0e\xcbk}VL\xf2\xc5\xf2\xf7yY\xd1\x9d\
\x01\xcf\xed\x0a\xfe\x9e[\xa2\xad\xa6o\x9f\x19\x9f\xef\xca\
u\x13|\x0e\x9f\x8bmOjQ.\xcc\x12H#(\
\x95\xaa4\x05\x96\x01N\x0b\xadt\x9e\x16\xa7\xa7\xa5\xd6\
\x1e8\x22\xd4\xadm\xf5T\x9f\xe2\x5c\x91C\x0d\xcb\xbe\
3\x86\xbf\x7f-\xc2\xab\x87d\x06\xffK\xf5\x0e\xc0\xab\
\x87\x1c\xbe\xfaj\x84\x0d\xc7\x1c\xb1\xb6\xbcK\xc6\xfb\x8c\
\x15*\x8a\xb4\xb5^\xee\xbc\xaeeN\x8d\x8d\xf9)\xfe\
\xbe9^Z\xf5~Pj\xa44\x00\xc8\x00\xa7;\x82\
\xdf\xe5\x84\xe1\xe3\x95\x00\x00 \x00IDAT\xf2\xb2\
`tH\x9d\xe5.\xb5]\xa8_{a6,\xab\x8d\
\xcf\xaa\xff~\x0f\xfem\x9b\xcb\x8f7\xbb\xb4\x87\xd4\xaa\
\xf8b\xbd\x03\xd1\x0a|\xff\xf4\xa6\xcb\xd9\xf3\xc1?_\
c\xa2\xb3\x00\x12:\xfb\xe2\xdbn\xf7\xd1\x85#\xef\xe0\
x\xd3T\x9f9\xfa\xf4\xaf2\x9c\x06\x00\x19\xe0t[\
\xf0c\x8c-\xb1\xc4\xeb\x96.\xb5\x9f|\xd5\x14\x9f\xec\
8T,l\xed6<\xb5\xdeeW\x02Z\xcc\x9e\xee\
0|\xebM\x97\xed\x02\x8b\xf8\xa6VZ\xc6\x0b\xcd\x02\
\xc43\x00(\xc8\x81O/\xf7\x98:\x8c\x99\x80\x88\x0b\
w\xcf\xf6\xb9C(\xd8Q*\x95i\x00\x90\xe6z\x07\
\xa2+\xce\x83\x8aW\xcd\xfc\x96.C\xa3\xc0\x8cEA\
v|\x1a\x165t\x18\xfei\x9d+r\xce\xb1\xea\xf7\
\xe0\xd9\x1d.\xbf;\xe0\x10\xf4S\xbae\x9a\xcc{\xd6\
\xde\x1b\xdf\xf7\xa3(\x07>\xbe\xcc\xe3\x83\x8b\xa3U\x1e\
\x9dK^>7+\xdaJ\xf8\xf3\xab<VN\xd2\xc1\
_)\xd0E\x80i\xef\xecy\x13xP\x00\x18W\x16\
\x9f\x00`\x9fP\xb9\xe2E\xe3\xfc\xd0\xfb\x154w\x19\
~\xf8\xb6+\xb2z^\xc2k\x87\x1d\xce\xf7\xc3\x03\xf3\
\xfc\x98gk\xa6\x8d\xb2T\xe4[\x9a\x03\x06\x8d^\x02\
\xc6XCtM\xc0\x9c\x1a\x8f~\x0f\x9a\xcf\x1b| \
/\x02e\xf96\xa9j@(\x95\x0ct\x06 \xcd\x9d\
\xeb\x929N\xbcf\x00\x0e\x09\x04\x00\x06X:!\xdc\
\xf3m\xef\x81\xefmt\xe9\xec\x0b\xf5eFl\xf3\x09\
\x87\xdf\xec\x8b\xfd\xb2\x96z\xef\xca\xf2\x12\x9b_\xcfv\
\xa1\xa6\xc42\xb6\xc4R^\xa0\x83\xbfRC\xd1\x00 \
\xcd5\x0b\xf4j/\xca\x89.\xa8\x0b\x9b\xe7\xcbtg\
\x9b\x5ciG\xbc(l$|\x0bOosE;\x14\
JZw\xc4ac\x80\x22J\x8b\xc7\xf9\x81\xeb\xec\x8f\
\xcf\xe0fKJ\xa5\x0a\x0d\x00\xd2\xdc9\x81\x00 \xcc\
\xc1\xf4b\xf5\xedF\xa4\xf4\xef\xdc\x9ap\xcf\xf7\xf7\x07\
\x1c\x8e'y\x1b\xd9\x17\xf6\xc4~\x8e\x059\xb0`L\
\xecs\xf8\x05\xd9\xf1\xdb2\xaa\x94\x8a\x9d\x06\x00i\xae\
\xb5;\xf81*\x0a\xe3s3?.\xb0r\xdc\x18\x98\
9:\xbc\x04t}\x9b\xe1\x0d\xc1\xf6\xc4a\xf1,<\
\xbb=\xf6^\x0a7O\x8d\xbd\xea\xe3\xed3\x82\xcf \
(\xa5\xc2\xa7\x97i\x9ak\xef\x09>\xa8V\xe4\x0b\x9c\
\xc804\x08\xac\xa4\x1fWbC\xad\xf9\x1f\xef\xbe\xf7\
A\xb4v\x1b^\xdc\x1b\xdb%^Q`\xb9o\xee\xc8\
\x03\xa99\xd5\x96%\xe3u\x95\xbdR\xa9@\x03\x804\
\xe6Y\xe8\x12\xa8F\x17\x8f\xba\xee\x00\x0d\x1d\xc1\x8f\x11\
f\xb9\xe2=\x8d\x86\xe3\x02M\x95\xe2i\xf3\x09\x87C\
gc;\xe7%\xe3}\xee\x9f\xeb\x0f{\x01\xdd\x9c\x1a\
\xcb#\x0b\x93\xab\xe3\xa2R\xea\xca4\x00Hc\x9d\xbd\
\x88<\xad\x96\xc7a\x06\xa0\xdf#\xf0\xd63\x80\x09!\
nW\x8cg\xbf{)\x16\xf8\xc5N7\xe66\xc3\xcb\
&\xfa|n\xa5\xc7\xa4\xab,\xea+/\xb0\xbcoa\
t\x0f~$\x0e\x85\x97\x94R2\xb4\x0e@\x1a\xeb\xec\
\x93y\x14+\xcc\x0d\x7f\x06\xa0\xa5\xcb\x04\x0eV\x8cA\
\xac\x92\xdd\xa5N\xb5\x1bN\x09\xf5T\x88\xb7\x8e^\xf8\
\xcd~\x87\x07\xe7\xc565_Sb\xf9\xf4r\x8f\xe6\
.C]\xb3\xa1\xb9\x0b\xb0\xd1\xc5~\x13\xcb-\x13\xca\
t\x9b\x9dR\xa9H\x03\x804\xd6-\xb0G\xdd\x18(\
\x08\xa9\x17\xfd\xc5$\x16+V\x15ZrC:\xd7M\
'\xc2\x19\xe1\xb2](\xcd\x87A/\xfa\x1e\x84\x15j\
m9\xe10\xb7\xc6\x0e\xab\x5c\xee\x95T\x14\xd8\xb8\xa5\
\x83\x94R\xe1\xd3\x00 \x8d\xf5\x0e\x06?F~\x16q\
y\xba\x93(W\x5cY p\x22C\xb0\x16\xf66\xc8\
M\xff\x1b\x037N\xb6\xdc7\xd72\xb6\xf4\xdd\xb2\xb5\
\xfd\x1e\x1cl2\xac?bX{\xc4\xe0\x09v1\xb6\
\xc0/v\xb8<q\xf3 9z\xd5+\xa5\xd0\x00 \
\xad\xf5\x0c\x06\x1fT\xf3\xb3\xe3\xf3\xc4\xd7!0[Q\
\x9e\x1f\xce\xb96v\x1a\xb1\xd6\xbe\xc5\xb9\xf0W\xb7\xf9\
C\xb6\xb0\xcdv\xa35\x0c\xe6\xd6X\x1eZ\x00O\xad\
s\xd8\xd3 \x17}\xb5\xf7Fw1\xc4\x9a\x0aPJ\
\xa5\x97\xd4[\xd5\xa4\x86\xadO`\xd0*\x08qK\xdd\
\xc5\xba\xfb\x83\x0ft\xe5!\xcd\x00\x1c9'3\x08\x17\
\xe7\xc2\xff\xbc\xdb\x1bV\xff\xfa\xaaB\xf8ow\xf8\xdc\
>S6\xa8\xd9r\xc2\xe1\xb0\xd0\xef\xa3\x94Jm\x1a\
\x00\xa4\xb1\x01\x81)\xe4X\x8b\xc1\x8cT\xac\xab\xd4/\
V\x94\x13\xce\x0c\xc0\x896\x99\x01\xf3\xe3\xcb|\xc6\x94\
\x0c\xff\xdf\x1b\x03\x9f\xb8\xc1g\xf9$\xb9\xdf\xebB*\
\xa0O =\xa4\x94Jm\x1a\x00\xa41\x89\x8eln\
\x9c\x1e\x16%\xa6\xd8sCJh\x9d\xed\x0c~\x8c\x19\
\xa3mL\x03\xb9\x01>\xb5\xdc\x17\x9d\xdd\xb8\x90\x0aP\
Je6\xbd\x0b\xa41O\xe0\xc11^%]\x07\x05\
f+rB\xd8\x01`\xadL}\x82\x15\x01\x9e\xe2\x0b\
\xb2\xe13+bo\xf1;\x14M\x05(\xa54\x00H\
c\x123\x00N\x9c\xbe!\x12\x05\x8b\xb2C(B\xd3\
;(\xf3>.\x1c\x17\xec\x17\x5c0\xd6\xb2z\xba\xa6\
\x02\x94Rr4\x00Hc\x12\x83\xaa\x13\xa7\x87D\x89\
\xa1-\x8c\x1a\xfd\xbd\x03\xc1\xdf\x00\xd7\x95\xd9\xa2\xf8\x91\
\xeb|*4\x15\xa0\x94\x12\xa2W\x7f\x1a\xcb\xb4\x8el\
\x12i\x84KI\xa4Q\xf2\x222\xb5\x14\xf2\xb2\xe03\
+\xe5S\x01\xb1\xf6\x0aPJ\xa5\xb6\x0c\x1b\x222\x8b\
\xc4\xd3{\x18\x83\xeaP$\xa6\xef\x07C\x98\x01\xc8r\
\x83\x1f\xb4\xab\x1f\x06\x85\xb6\xde\xcf\x1fc\xb9E:\x15\
\xb0\xd3\xa5G\xa8\xce\x81R*uh\x00\x90\xc6\x22\x02\
\x9fn\xac\xfd\xe4GJb\x01\x9f\xc4V\xc2KI\x04\
&\xd6B\xbd\xd0VB\x80\x0f\x0b\xa7\x02:z\xe17\
\x9a\x0aP*\xe3h%\xc04&\x91\x02\xe8\x8f\xd3\x22\
1\x89\xf2\xb4\xed=\x06\xe9j\xfa\xb9Y\xd1  h\
 \xb4\xf9\xb8\xa1\xf6*\x1d\xf5F\x22/\x0b\x1e_\xe9\
\xf3\xff\xbd\xec\x88\xfd\xb6[OF{\x05L\x0b\xb1\x9d\
\xb2\x8aM\xdf \x9ch5\x9ch5\x9c;\x1fm\xc6\
t\xbe\xdf0\xe0Eg\xe8\x22.\xe4fY\x8as\xa1\
\xb2\xc02\xba(\xda\xa4iL\xb16iRW\xa7\x01\
@\x1a\x93\x18T\xfb\xe3T56?\xcbB\xc0\xecv\
{\xaf\xcc\xb9\x5c\xcc\x10m\x82\xd3\xd0\x11\xec\xdc^\xde\
o\xb8{NtK\x9f\x84yc,kfX~\x7f\
@\xe6\x0eo\x81\xe7v\xb9\xfc\xf9\xaa\xc1\xd0\x1a*\xa9\
\xe1\xeb\x1b\x84=\x8d\x0e;OE;0^m\x81\xeb\
\x80\x0f=\x03\x86\xd6n8\xde\xf2\xee\xf7!7\x0bf\
\x8f\xf6\x99?\xd62\xa5B\x83\x01u9\x0d\x00\xd2X\
\x9e\xc0`\xd3\x1f\xa7\xdcpIn\xf0c\xb4\xf7\x04?\
\xc6PF\x15ACG\xb0c\x9c\xef\x83\x7f\xdf\xee\xf0\
\xb1\xeb\xe5\x22\xaa\x0f-\xf5\xd9q\xca\xe5\xdcy\x99\xe3\
\xb5\xf7Dw\x05<4_{\x05$Jg/\xac?\
\xe6\xb0\xe9\x84\x138\xa5\xd5;\x00[\xeb\x1d\xb6\xd6C\
E\xbe\xe5\xc6)\x96\xc5\xe3\xfc\x8c[\x1c\xac\xaeL\xbf\
\x0ai,/\x12|:\xb7\xb3/>\x8f\x0d%\x02\x8d\
|\x1a\x03>\xa5_\x89\xd4\xd4\xfdK\xfb\x0c\xfb\x1b\xe5\
\xce1/\x0b\xfeDzW\xc0I\x87\x83M\xfa\xa8\x18\
o\x9e\x85\x0dG\x1d\xbe\xfeZ\x84\xb5u\xc1\x07\xffK\
5w\x1b~\xb9\xcb\xe1k\xafE\xd8V\xaf\x9f\xaf\x8a\
\xd2\x00 \x8d\xe5J\xcc\x00x\xe1,\xae\xbbT\xa9\xc0\
\x0c\xc0\x99\xf3F\xa4h\xcf\xa5&U\xc8\x04\x00\xd6\xc2\
S\xeb\x1d\xd1\x85\x95sj\xa2\xa9\x00I\xbf\xdc\xed\xc6\
\xe53Ov\x9e\x0f\xad\xdd\x86S\xed\xef\xfe9{\xde\
\x88\xef\x8c9\xd9f\xf8\xc6k.\xcf\xef\x95\xfdn\x0c\
\xa5\xbd\x07\xfe}\x87\xcb\x0f7\xb9\x9c\xef\x0f\xf7\xb5T\
\xf2\xd3\x14@\x1a+\x14\xca7\xb7\xf7\x1ar\xb3\xc2]\
\x1cVY\x18\xfc\xf8\x9e\x1f\x0d\x02\xc6\x14\xcb\x9ekt\
a\x95\xe5Lg\xf0'\xa7\xc6\x0e\xf8\xb7-\x0e\x1f\xd5\
T@R\xf1,\xd4\xb7\x1a\x8e\xb5D\xff4\xb4\x9b+\
\x0e\x90\x06(\xc9\x8b\xae\x0d\xa9-\xb7L\xad\xb2\x8c+\
\x19y\x8e\xdd\x02k\x0f;\xfc\xee\xa0\x83\x1f\xe7\xb5\x97\
\x07\x9b\x0c\xdf|#\xc2\xfb\x17\x0e\xaf;\xa5JO\x1a\
\x00\xa4\xb1\x92<\x99\x0b\xbb\xa3\x17F\x17\x89\x1c\xea\x8a\
\x0a\xb2\xa1(\x07:\xfb\x82\x1d\xe7x\xb3|\x00\x00\xb0\
`\x8c\xe5e\xa1\x05w\xbf\xd9g\xb8~\xa2a\xc6h\
\xd9]\x01\x7f\xfb\x92\xee\x0a\x18\xa93\x9d\x86\xad\xf5\x86\
\xed\xf5\x0e]\xc3|\x22\xb6@[\x0f\xb4\xf5\x18\xea\xce\
\x19~\x7f0\xfa\x19,\x18\xe3\xb3\xac\xd6R5\x8c`\
\xd6\xb3\xf0\xdc\x0e\x97m\xa7\x127\x1d\xdf\xd9\x07?|\
\xdb\xe5\xc1\x05\x1e\x8b\xc6\xa6\xf7\xe7\xac\x86\xa6)\x804\
\x96\xed\x22\xb2\xa2;\xba\xbd.|\xa3\x8b\x82\xdf\x84\x0e\
\x85\xd4\xe0f\x91\xe0\xe2)k\xe1\xdb\xebd\xa7{\xe7\
\x0a\xa7\x02.\xec\x0aH\xd7T@}\x9b\xe1{\x1b]\
\xfe\xd7\x1b.\xeb\x8e\x0c\x7f\xf0\xbf\x92\x9e\x01x\xeb\xb8\
\xc37^w\xf9\xfeF\x97\x93W\xa9\xfb\xe0Y\xf8\xc9\
\xe6\xc4\x0e\xfe\x17\x9f\xcb\xcf\xb7\xbb\xac?\xaaCA&\
\xd2O=\xcd\x15\xe7\x04\x1f\x14ZBZ]\x7f\xa9\x1a\
\x81'\xf7\xa3\xcd\xd1\xfd\xd1\xd2\x8ar\xa3A\x80\x94\xc6\
\x0e\xf8\xd9\x16\xd9\xcb\xefCK}\xaa\x0a\xe5\x8ew!\
\x15\x90N\xda{\xe0\xa7[]\xbe\xbd\xce\xe5H\x08\xc1\
\xa2\x05\xea\xce\x19\x9eZ\xe7\xf2\xccv\x97\x8eK\xb6\xa6\
Z\x0b\xcfnw9\x90D\x0b--\xf0\xe2^')\
\x02\x12\x15_\xe9uu\xab\xcb\x94\xe6\x07?\xc6\x99\x90\
V\xd7_j\x82\xc0j\xfb\x01\x0f\xea\x9a\xc39\xdfU\
S\xac\xe8\x16\xaa\x97\xf6\x19\xf6\x9f\x91\xdd\x15 \xde+\
 \x8dv\x05\xecj0\xfc\xc3\xda\x08{\x1a\x8cp\xb9\
\xa8\xcbY`\xc7)\xc3\xdf\xbf\x1e}\xbd\x0b~{\xd0\
a\xd7\xe9\xe4{?/t\x87\x0c#(R\xc9K\x03\
\x804WQ\x10\xfcV\xd7$\xb4\xb8\xecZj\xcbe\
\x8a\x95l\xaf\x0f\xe7k]\x91oY9Yn\x16\xc0\
Zx\xeaM\xf9T\xc0\xad\xba+\xe0=<\x1f~\xb1\
\xd3\xe1\xdf\xb6\xc6\xbf\xe7A\xdf`t\xc6\xe1\xf9\xbd\x0e\
{\x1b\x0dk\x0f'\xef-\xd7\xb7\xf0\xccv\xdd\x1d\x90\
I\x92\xf7\xdb\xa8DH\xb4\xa1m\xeb6q\xe9\x1b\x9f\
\x97\x05\xa3\x04v\x03\xec;cB\xbb\xd1\xaf\x9e\xea\x8b\
\x14-\xba\xa0\xb1S>\x15\xf0AM\x05\xfc\xc1\x80\x0f\
?\xde\xe2\xb2\xe5db\xcf\x7f\xc3Q\x87\x9flqC\
\x9fy\x08\xaa\xb3\x0f\x9e\xdd\x96\xfc\xe7\xa9d\xa4\xe6U\
\xad\x86\xadR`\x06\xc0\x02g\xcf\xc7gjPb\xd5\
\xb9\xe7\xc3\xceS\xe1|\xb5\xb3]xp\xbe':\xcd\
\x1eF*\xe0qM\x05\xd07\x08\xff\xf2\x96\x9br\xe7\
\x9dh\x87\xcf\x196\x9f\xd0\xa1!\x13\xe8\xa7\x9c\xe6$\
\x02\x00 p-\xfc\xe1\x9a%\xb45\xee\xcd\xa3W\xaf\
\x9f\x1e\xc4\xb4*\xcb\x92\x09\xb2\xa9\x80o\xbd\xe9\xd0+\
8\xcb2\xa7\xc6r\xdbL\xd97\xe0\x17\xbbR\xa7m\
\xb0\xb5\xf0\xcc6\x97\xe3\xad:\xf8\xc7\xe2\xc5\xbd\x0e\xad\
\xdd\xfa\xde\xa5;\x0d\x00\xd2\x5cI\x9eL\x03\x9ax\xdd\
H'\x94Y\x91\xf3m\xed6\xec\x11,\xbb{\xa9\xbb\
g\xc9\xa6\x02\xcev\xc2\xd3!\xec\x0a\x18],w\xbc\
\xce\xde\xe8\xc0\x90\x0a^\xd8\xe7\xb0_\x9f\xfcc\xd6\xef\
\xc1/v\xc9\xd5\x95P\xc9)5\xaef\x15\x88\xc4\xf6\
\xba\xe3-\x02'2\x0c\xc6\xc0\xcc\xd12O\xd7k\xeb\
\xc2\xbb\x81\xe5D\xe0\xa1\x05\xc2\xa9\x80\xfd\xb2\xbd\x02r\
\x22\xf0\xc7\xcbeS\x01[\xeb\x93?\x15\xb0\xbb\xc1\xb0\
A\xf7\xb5\x07vDS\x01iO?\xdd\x0c0\xa64\
\xf80\xd8\xdamB\xeb\xb6w\xa9\x85\xe3d\x86\xedS\
\xed&\xd4-WS+CH\x05\xac\xd3T@\x10=\
\x03\xf0\x1f\xbb\xddD\x9fF\xda\xf8\xcd>'\x946\xdb\
*9h\x00\x90\x01\xa4J\xe3\xc6+\x0dP[n)\
\x17Z\xbb\xf0\xd2~\x97\x81\x10K\xda\x87\x91\x0a\xf8\xb7\
0v\x05\x08\x96rN\xe6T\xc0\x8b{\x9d\xb4\xde\xc6\
\x96\x13\x81\x15\xb5\x96O-\xf3\xf9\xeb5\x1e\xff\xc7\x9d\
\x1e\x7f\xb9\xda\xe3\x83\x8b}\xe6\xd7\xc8l\xa3\xbdX\xdf\
`\xb4>\x80\xa6\x02\xd2Sr^\xc5J\xd4x\x81\x19\
\x00\x80c!\x15\xd8\xb9\x94\x01\x16\x8e\x919\xe7\xf6\x1e\
x\xb3.\xbc\xafy\x18\xa9\x80\x97\x85S\x01\xb9\x11\xf9\
\xb6\xc1\xc9\x98\x0ah:o\xd8\x16\xd2\xee\x8fd\xb0x\
\x9c\xe5\xbf\xae\xf1\xf8\xa3\xb9>\xd3\xab,e\xf9\xd1\x1d\
\x1fU\x85\xd1^\x15\x1fZ\xe2\xf3\x85\x9b=j\xcbd\
\x87\xeb\xc3\xe7\x0c[4\x15\x90\x96\xf4S\xcd\x00%y\
P&\xd0\x18\xe8\xc0\xd9\xf8-\x0aZ6\xd1'\x224\
\x93\xfb\xdaaG\xa4\x93\xdf\x95\x84\x91\x0a\xf8\xf6zG\
\xb4\xf6\xc2\xecj\xf9T@\xb2\xf5\x0ax\xfd\xb0\x13\xda\
\xce\x8fD2Dg\x9a\x1e]\xe8_s\x81lU!\
|f\xb9\xcf\x02\xa1\x00\xfa\x82\x175\x15\x90\x964\x00\
\xc8\x10\x13+\x82\x1f\xa3\xbd\x07\x1a\xdb\xe3\xf3\xd4W\x90\
\x03\xf3\xaaenb\x9e\x0f\xcfnw\xf0R(\x15p\
&\x84^\x01\xd2\xa9\x80\x8e^x!IR\x01\xad\xdd\
\xe1\xae\xf7H\xa4\x1b&Zn\x9e2\xfck\xc1u\xe0\
\x91\x85>\x13\x04g\x024\x15\x90\x9e\x92\xe3\xeaU\xa1\
\x93\x9a\x16\xdc'X\xb0\xe6ZV\x08\x96\xddm\xe80\
\xbcz(\xf5R\x01\xfb4\x150,;N\x1b\xfc\x10\
F'\xc7@Y>\x8c/\xb3\x94\xe6!\xfa\xde\x0dG\
E\x01\xdc3{\xe4\xd7A\xc4\x81\x0f.\xf2\xc9\x11\x5c\
\x0f\xa9\xa9\x80\xf4\xa3\x9ff\x86\x98R)sw\x8cg\
\x17\xb3\x9ab\xcb\x0c\xa1\xc2@\x10\x9d\x22\xbe\xb81\x8b\
\xb4\xa9\x95\x96\xa5\xc2\xa9\x80\xa74\x150,\xbb\x85?\
\xd7\x9a\xe2h5\xc5o}\xc0\xe3\x9b\x8fz|\xf1\x01\
\x9f\x7f\xfc\x80\xc7?>\xe6\xf1\xc7+|\xaa\x05\xeb+\
\x5c\xcd\xad\xd3}\x0arb\xfb\xd9\xb2|\xb8+\x86\xe0\
\xe1j4\x15\x90^4\x00\xc8\x10e\xf9\x96*\x81:\
\xfb\xa7\xdb\xe3\xb7\x1d\x10\xa27@\xa9[\xbb\x05\xfe}\
\x87KS\x88e\x8d\xef\x0a!\x15\xf0\xd3\xcd\xf2\x05\x82\
F\xa5X*\xa0\xb3\x0f\xea\xdb\x0c\x07\x9b\x0c\xbb\x1b\xa2\
\x7f\x0e4\x19\x1a:\x0c'[\x0d\x8dB\x95*\x0d\xf0\
\xf0\x02\xcb\x17\x1f\xf4X=\xcdRt\xc9gY\x92\x0b\
k\xa6[\xbe\xf4\xa0\xc7\xfb\x16\xda\xd0g\x04VN\xb6\
T\x14\xc5>\xf3p\xc3D\xcb\xe4\x0aM\x05\xa8\xa1E\
\x12}\x02*~\xa6U\xd9\xc05\xfd-\xb0\xf3\xb4\xc3\
\xaa)!&\xd4/2\xa6\xd82\xbb\xda\x8aU\xf5\xeb\
\xf7\xe0G\x9b\x1d>\xb3\xdc\xa3(\xc6'\xab\xab\xb9\x90\
\x0a\xf8\xc1F\xb9\x9b\xe4o\x0f\x18\x96\xd5\x1af\x09\xad\
\x89\xc8y'\x15\xf0\x7f\xbf$\xb7hnk\xbd\xc3\x9c\
j\x99\x19\x1b\x0b\xd4\xb7\x1a\xea\x9a\x0dG\x9a\x0d\x0d\xed\
\xe15w\xba\x981\xf0\xb9\x1b}V\x0e#\xdf\x1eq\
\xe0}\x0b}*\x0a\x0cO\xad\x0b'\xf8\x89\xb8P\xf9\
\xce\xe0_\x9c\x0f\xed\xdd#?\x86\x01\x1eY\xe0\xf3w\
\xaf\xbb\xf4\x09u\x9d\xbc\x90\x0a\x90\x9c\xedR\x89\xa13\
\x00\x19D\xa2\xd1\x0e\xc0\x96\x93\xe1\xf7S\xbf\xd8\xed3\
}\x5c\xc1ojK\x97\xe1_6\xbat\x874\xa8\x84\
\x91\x0a\xf8\xf6:\xd9T\xc0\xacj\xcb\xedI\xd66\xb8\
\xb3\x0f^9\xe8\xf0\xb5W]\xbe\xbd\xde\xe5w\x07\x1c\
\x8e\x9c\x8b\xcf\xe0\x0fp\xef\x1c;\xac\xc1\xffb\xab\xa7\
Y\xee\x9c\x15\xce\xd5p\xf1\x9a\x83\xe2<\xc8\x8e\xf1q\
\xad,?:3%\xe9\xc5}N\x5cg\x02U84\
\x00\xc8 \x93+,\xb9Y\xc1\x8fs\xae\xcbP\xdf\x16\
\xbf\xb5\x00\x95\x05\x96\x15\x93do`g:\x0d?\xd8\
\x18^\xee\xfa\xaeY>\xa5yr\xc7k\xea\x94O\x05\
|0\x84T\xc0\xf3{F\xbe\xea\xac\xa3\x17~\xbd\xdb\
\xe1\xab\xafFx\xe5Pb\x9a\xd0T\x16\xc2\xa3\x8bb\
\xfb\x8e}h\xa9\xcf\x98\x12\xe1\x13\x82\xf7\xecZ1\x06\
\xca\x0b\x899\x17pC\xad|*\xe0\xb9]\x9a\x0aH\
u\x1a\x00d\x10\xd7\x81\x19\xa3d.\xd9m'\xe3{\
\x93\xbee\x9aO\xb1`n\x1d\xa2\xa5\x82\x9f\xda\xe0\x86\
\xf2$\x93\x13\x91o\x1b\xfc[\xe1]\x01\x17R\x01\x92\
\xd5\xe3\xb6\x9d2\x1c\x18\xe6N\x11\xdf\xc2\xba#\x0e\x7f\
\xffz\x84\x8d\xc7\x1d\x06\x85\xa6\xa8c\xb1zZ\xecu\
'\xb2\x5c\xf8\xec\x8d>\x8e\xf0%\xd1\xd6\x0d]\x17U\
5\xcc\x8eDkz\xc4\xc2\x00\xef_ \xbb+\xe0\xd0\
Y\xdd\x15\x90\xea\xf4\xd3\xcb0s\xaae\x9e\xa4w6\
8\xa1\x96\xd8\xbdT\xb6\x0b\xf7\xcd\x91\x1f!\x9a:\x0d\
Om\x88\x84\xb20P<\x15@4\x15 \xd9+`\
V\xb5\xe5\x0e\xe9]\x01\xbb\xaf\xdd+\xa0\xad\x07\xbe\xb3\
\xc1\xe5\xc5}\xb2\xa9\x8dX]7!\xd8\xcfO\xad\xb2\
\xdc;W\xf6}\xb4\xc0\x8e\xfa\xf7~/\x83\xa4\x02\xca\
CH\x05\xfcf\xbf\xa6\x02R\x99\x06\x00\x19fz\x95\
%G`\xe9g\xef\x00l\xab\x8f\xef\xd7gv\xb5e\
\xc1X\xf9I\xc7\xf6\x1exj\xbd\x1bJ\xfb\xe0TH\
\x05<\xb6D\xbem\xf0\x0bWI\x05\x1c9g\xf8\xe6\
\xda\x08'\xe2\xd4[b8F\x15\x05\xff^=\xb2\xd0\
g\x9cP\xd9\xed\x0b~\xb3\xef\xbd\xebm\x92-\x15\xd0\
;\xa0\xa9\x80T\xa6\x01@\x86\x89\xb80Sho\xfd\
\xfa#&\xee\xa5W\xef\x9f\xe3\xc5<\x0dz5\xbd\x03\
\xf0\xd3-.\xbf\xdc%[10'\x02\x0f\x09\xa7\x02\
~\xb7\xdf\xb0W8\x15\xf0\xf8\x8a\x10R\x01C\xd4\x8c\
\xd8q\xda\xf0\x83M\xc9\xd5M0'\x82HP\x1cq\
\xe1\xb3\xab\xac\xe8\x82\xd5\xc3g\x0do\x1d}\xef\xfb(\
\x91\x0a\xc8\x16N\x05l=\xa9CI*\xd2O-\x03\
-\x1e'3\xc2\x9d\xeb2\x1c8\x1b\xdf\xa7\xb8\xdc,\
xx\xbe'\xde\xf5\xec\x82M'\x1c\x9eZ\xef\xd2 \
\xb4\xaf\x1c\xa2E\x9822\x15pI\xdb\xe0]\xa7\x0d\
\xcfnwC-\xc9\x1c\x8b\x01\x0f\xb1s\x9a\x5ca\xb9\
_8\x15\xf0\xf4\xb6\xcb\x83\xd2\xe2\xbc\xe8\xda\x83X\x84\
\x91\x0a\xd0]\x01\xa9I\x03\x80\x0c4\xb9\xc2\x8a\x15\xab\
Y\x17b\xa7\xbd+\x99RiY3-\xbcQ\xe4T\
\xbb\xe1[o\xba<\xbf\xc7\xa1_h\xd9\x81t*\xe0\
l\xaa\xa4\x02\xf6FG\xa9\xbas\xd1\xc1?\x19\x9b\xf5\
\xf8\x16N\x0a\xeejy\xdf\x02\x9f\x09\xe5r\xbf\xe8\x99\
\x8e\xcb+p\x1aC\xb4@P\x8c\xa7\xbd\x5c\xb8@\x90\
\xa6\x02R\x93\x06\x00\x19\xc8\x18X$4\x0bp\xb4%\
\xbe[\x02/X=\xd5g\xba\xd0\x8e\x86\xa1\xf8\x166\
\x1cs\xf8\xe6\x1b.\xa7\x04~\xbfTI\x05\xfc\x89t\
*\xa0\xde\xb0\xe1\x98\xc3\xbfmu\xf1\x92xt\xd8|\
\x5c\xee\x97v]\xf8\xecJKD\xf0\xee:T\xa3\xa3\
\xecHt& \x16\xc6h*@i\x00\x90\xb1\x96L\
\x90\xbb\xd1\xff\xee@\xfc\xbfF\xc6\xc0#\x0b=\x91\xc5\
[W\xd3\xdc\x1d\xdd*(\xd1\xf0&\x94T\xc0\x9b\x8e\
h>}f\xb5\xe5N\xe1T\xc0\xf3{\x9c\xd0\x8a.\
I\xf9\xed\x01Cw\xff\xb5\xff\xddp\xd5VX\x1e\x98\
/\xf7>\xb6t\x0d\xfd\xf7%y\x90\x95D\xbb\x02^\
\xd8\xab\xbd\x02R\x89\x06\x00\x19\xaa,\x0ff\x0a=A\
\x1f>g8\xda\x1c\xffY\x80\xbc,\xf8\xe8u\x1e\x85\
\xd7\xe8\x91\x1e\x94\xe7G\x17\x086u\x06\xff\x1d\xc5S\
\x01\xe7\xe5\xdb\x06?\xb6\xd4\xa7Z\xb0@P*\xe8\xec\
\x85\xe7v\xc9\xbe\x8f\x0f\xcc\xf7\xa9\x15J\x05\x5cq\x98\
6PQ\x98<\xa9\x80\xbeAxn\xa7\xa6\x02R\x85\
\x06\x00\x19lY\xad\x5c\xf4\xff\xd2~'!\x17}Y\
^4\x08\x90\x9c\xca\x1c\xca\x80\x0f\xbf\xde\x13\xfcr\x09\
+\x15 \xd9\xe50\xdb\x85\xc7o\x94M\x05\xa4\x82\x97\
\xf7\x1a\xd1\xa7\xd7\x88\x03\x9f\xbd\xd1\xe2\x0a|7\xcb\xf2\
\xaf\xfc\xdf\xb2#\xc4\x5c$KS\x01\x99M?\xa5\x0c\
6\xb5\xd22Zh\x0a\xbd\xbem\xe8m_\xf10\xb6\
\xd4\xf2\xf1e\xe1\x07\x01G\x9be\xba\xceM\xa9\xb4\x5c\
'\x9c\x0axj\x9dp*`tx5\xee\x93U\xbf\
'\xbb\x16\x00`B\xb9\xe5\xa1\xf9\xc1?\xeb9\xd7h\
\x04U\x92\x1f0\x1503\x84T\x80\xee\x0aHz\x1a\
\x00d\xb8\xe5\xb5r7\xf9\x97\xf7;\x09[\xe85\xb1\
\xcc\xf2\xe1\xa5^\xcc[\xa3\x86k\xef0\xcb\xdc^\xcb\
\x9d\xb3|\xca\xf2\xe4\xde\xacPR\x01K2/\x15\x10\
F\x10\xfb\xc0<\xcb\xa4\x00\xd3\xec\xe5\xf9\xd7\x0e\x00\x02\
\xa7\x02B\xe8\x15\xf0\xcb\xdd!_\x8c*0\x0d\x002\
\xdc\xa2qr5\xf6\x9b:\x0d\xeb\x8f&\xee+5\xa5\
\xd2\xf2\x91\xa5\x9eHQ\x97+9#T\x1f \xda+\
\xc0\xd7T@\x92i\x8b\xa1\xe5\xee\xb5\xb8\xef\xa4\x02b\
\x0dN\x1f^8\xbc>\x05AS\x01\xef\x9b/\x9b\x0a\
8\xd8d\xd8\xa2\xa9\x80\xa4\xa6\x9fN\x86s\x1dX9\
Yn\xfa\xef\x95\x03\x0e\xad\x09\x9c\xfa\x9bRi\xf9\xd4\
\x0d\x1e\x059\xe1\x1c_\xb2n}\xaa\xa4\x02\xeeJ\xa2\
T@N\x04j\x8aalit\x11\xa8\xb4X\x1b\x02\
]\xcb\xf82\xcbgV\x8c<\xe0\xbb\xa1\xd6r\xcb\xf4\
\xe1\xbf\xff\xc5\xf9\xb1\x17\x08\xaa(\x90O\x05h\x81\xa0\
\xe4\xa6\x01\x80\xe2\xba\x09>\xf9B7\xd3\x01\x1f~\xb3\
7\xb1S\x7fcK,\x8f/\xf7\xa8\xc8\x97\x1f\xb8\xa4\
g\x17R!\x15\xf0\x81%>\xd5\x82\x05\x82F*\xe2\
\xc0\xad3,\xff\xe7\xbd>\xdf\xf9\x90\xc7W\x1f\xf6\xf8\
\xf2\x83\x1e\xdf\xf9\xb0\xc7\xff\xfbG>w\xcf\xb6bO\
\xaeU\x852\xc7\x19\xca\x8dS,\x9fZ\xee\x0f{Q\
\xe0\xca\xc9\x96?]5\xb2\xa0!p\x81\xa0\x10z\x05\
h* yi\x00\xa0\xc8v\xe1F\xc1Y\x80=\x8d\
Fd\xdf|\x10\x15\x05\x96\xcf\xad\xf2\x98%\xd4\xf7\xe0\
\x821%\xb2\xc7\x0b+\x15\xb0[8\x15 \xdd6x\
\xb8\xc6\x97Y\xfe\xf6\x8f<>\xbd\xdcgZ\xd5{\xeb\
\xec\x1b\xa0\xb6\xdc\xf2\xd1\xeb}\xbe\xfc\xa0'R\x18j\
^\x08\xcd\xa6.v\xeb\x0c\xcb\xdf\xdc\xe3_\xb5\xa9\xd5\
\xe8b\xf8\xb3\x9b|>w\x93\x1f\xd3\xd3|\xd0\x02A\
a\xa4\x02\xb6\xc6\xb9q\x98\x1a\x1ew\xd2\x9dO>\x19\
\xf4 \x8f]\x17\xfc\xc9\xa8\xb1\xd52\x98d5\xc23\
\xc9\x98\x12\xcb\xb6z\xb9\xd6\xacG[\x1c\x16\x8f\x8f\xed\
\x06&%\xe2\xc0\xbc\x1a\x8bg\xe1D\x8b\xcc\xe8u\xcf\
l\x9fB\xe1\xf4By~\xb4\xef\xfb\xa9v\xb9\x11v\
\xff\x19\xc3\xeai\xb1\xe7\x9d/UY\x08\xdd\xfd\x86\xc3\
q\xec\xfd0\xa9\xc2\xf2?\xef\xf6)/\xb8\xf6\xbf-\
\xc8\x89>1\xd7\x9d31\xd7k(/\x80O\x5c\xef\
\xe3\x84<V\x95\xe6Gg\x03n\x9ej\x19S\x02\xb5\
\xe50\xb9\x12\x96\xd5Z\x1eYlyl\xb1\xcf\x84\xf2\
\x98\x1b\xfe\x01\xd1\xfbq\xef@l=\x0e\xf2\xb3\xa3?\
/\xd9\xe7\xe3h\x8ba\xc1\x18\x9f\xdc\x10\xd26\xa9\xc6\
\xb7\x86\xf6\x9e`\xef\xad\xe7\xc3.\x81 _\xc32\x05\
D\xf3\x867O\x91\x8b\xc0:z\xa3\x05A\x12\xcd\x18\
\xb8c\x86\xcf\xc7\xae\xf7(\x0a8pO\xad\xb4T\x17\
\x87\xf3\x84x\xc7L\xf9T\x80t\xaf\x80x\xa6\x02\x0a\
\xb2\xe1/o\xf5G\x94\xe7\xcfr\xe1\x89\xd5\xb1\xf73\
xl\xf1\xf0\x16\xdbI\xa9,\x8c\xce\x08<\xb2\xd8\xe7\
#\xd7\xf9\xdc3\xc72\xa5\xd2\x8a\xcc\xb4\x04m\x1b\xbc\
\xbc6\xd8\xce\x85Ki* 9i\x00\xa0\xfe`\xe9\
\x04\x9f2\xc1\xbc\xf9\x9eF\xc3\xce!j\x98'\xc2\xb4\
*\xcb\xe7o\x1ad\xd6\xb5\xb6S]A\xb6\x0b\xf7\xcd\
\x0do\x8a*Z H6\x15\xf0\xfb\x03!\xa4\x02\xe2\
\xb4+\xe0\xa1\x05>\xe5W)~s%\x05\xd9\xf0\x85\
[F\x168\x00\xdc6\xc3r\xe3\x94\xe4Y\xec(!\
P\xdb`\x03\xef\xd7T@\xda\xd3OC\xfd\x81\xeb\xc0\
\xdd\xc2\xb5\xc1\x7f\xb5\xdbM\x9a\xda\xe0\x05\xd9\xf0\xe1%\
\x1e\x8f.\x1a\xd9l@\xb6\x0b\x1fZ\xeaQY\x10\xee\
\x001\xb9\xd2r\xfdD\xd9]\x01\xff,\xbc+`\xc6\
(\xcb\xdd\xb3\xc3}\x1f\xb2]X=-\xf6\xd7\x18_\
f\xf9\x1fw\xf9T\x0ecA\x9f!\xbaO\xff\x937\
\xa4g\xfe\xb18/\x1a\x08\xc4\xa2\xa2\x00\xee\x0c\xa1@\
PG\x92\xdc\x0f\x94\x06\x00\xea\x12\xb3\xab\xa3\xd3\x90R\
z\x07\xe0\xe9m\xc9\xd5\x09n\xfe\x18\xcb_\xdc<\xc8\
\xb2\x89\xd7~\x9a\xad.\xb6|z\xb9\xc7T\xc1\xf7\xe4\
j\xee\x9c%;\x0bs\xf6<\xfcD8\x15\xf0\xe8b\
\x9f\x9a\x10S\x01\xd3GY\xf2\x03\xf6w\xa8\xad\xb0|\
\xf1\x01\x8f\xf7/\xf2)\x1b\xe2)\xd8u`\xe18\xcb\
\xffu\x9f\xcf\x07\x96\xa4o\xad\x83\xa0\xa9\x80\x15!\xa4\
\x02\x9e\xdb\xa5\xa9\x80d\xa1\x8b\x00\xd5e\xc6\x96\xc0\xe6\
\x13r\xb5\xfd\xdb{\x0c}\x03\x84\xda\xbew\xa4\x22n\
\xf4iv\xd1\xd8h\xdbV\xcf\x87\xbeA\x83g\xa14\
\x0f&UZn\x9f\xe1s\xcfl\x9f\x12\xa1BI\xc3\
\xe1:P]\x04\xdbO\xc9\x0d\xda\xc7\x9a\x0d3F\xc3\
(\xa1\xaa~\xae\x03\xb5\x15\xf0\xc6\xe1pF\xcd\x05\xe3\
`\xd1\xb8\xe0\xdf\x95,\x17fU\xc3=s-K'\
\xc0\xfc\xb1\x96E\xe3,\xb7\xcf\x8c\xee\x1c\xb8e\x9a\x8d\
)\xcd\x90j.\xec\x9c\xe8\x8ba&\xc8\x98\xe8N\x8b\
M'\x1d|\xa1\xcb\xb7\xb9\xcbP\x9a\x0f5!\xad\xa7\
Iv\xc9\xb4\x080\xc4\x9ai*U\x8d*\xb2\x5c_\
\xeb\xb3A\xb0\xaa\xdf\x86c\x0ecK,\x0b\x05n\xec\
\x92\xca\xf2\x93\xaf\xe6\xfd\x85T\xc0\xc6\xe32\xef\xff\x85\
\x02A_|\xc0\x13+\x9es!\x15\xf0\xc2\x1e\xf9 \
@\xba\xd6\xc2\x85\xed\x82\xb5\xe5\xb2\xc7M%\xc5y\xd0\
\xd3\x0f\xfd1\xec\xf2\xa9|\xa7@\x90D3\xac\x0b^\
\xd8\xeb0\xb5R\xae\x0a\xa9\x8a\x8d\xa6\x00\xd4\x90n\x9f\
!;\x15\x0d\xf0\xdcnWt\xab[:\x93N\x05\x9c\
K\xa1T\x80\xe6\x88\xe5I\xa4\x02\xa4Z\x1b\x83\xee\x0a\
H\x16\x1a\x00\xa8!e\xbbp\xdfl\xd9\x9c\xcc\xa0\x07\
?\xdd\xe2\xd2\xa97\xf8k\xcav\xe1\xa1y\xb2\xbb\x02\
^I\x91]\x01u\xe74H\x0cC\xe0]\x01\x0bd\
\xebz\x1c8\xa3\xbb\x02\x12M\xdf}uE3F[\
\xe6\x8d\x91\x9d\x05h\xeb\x81\x1flr\xe9\x15\x5c\x99\x9e\
\xae\xc2\xd8\x15 \xdd+`\xfa(\xcb=\xc2\xbb\x02N\
\xb5\xc9\x15nR\xef\x15dW@e\x08\xbd\x02tW\
@bi\x00\xa0\xae\xea\xbe9\xc1\x0b\xe8\x5c\xaa\xb1\xc3\
\xf0\xe3\xcd.\x83\x9e\xecq\xd3Q*\xa4\x02\x1e\x09!\
\x15\xf0\xf3\x1d\x1a\x00\x84AS\x01\xeab\x1a\x00\xa8\xab\
*\xc8\x86\x87\x17x\xa2S\xd1\x10-\x0d\xfao\xdb\x5c\
lr\xad\xbfK:\xd9.<,\x5c \xe8\x95\x03\x86\
\x1d\xa7dS\x01\x9f]\xe5\xe3\x08\x9e\xe4\xdb\xc7\x0d{\
\x1b5\x08\x08C\xd0T\xc0\x07\x16\xfa\xe4\x08\xa7\x02\xb6\
\x09~\x1f\xd5\xf0i\x00\xa0\xaeiZ\x95e\xa9`\xdb\
\xda\x0b\xf6\x9d1\xfcr\xb7\xa3A\xc05L\xaa\x90O\
\x05|g\xbdl*`Z\x95|\x81\xa0\x7f\xdf\xae\x83\
BX\x82\xa4\x02\xca\xf2\xa3\xa5\xab%\xbd\xb0G\xd7\x06\
%\x82\x06\x00jX\xee\x9e\xed\x87R\x09o\xf3\x09\x87\
_\xec\xd4 \xe0Z\xee\x9c\xe5\x8b\xb67n\xee\x82\x1f\
o\x12\xee\x15\xb0\xd8gl\xa9\xdc\xf1\xf67\x1aZ\xba\
\xe5\x8e\xa7\xde\x95l\x05\x82z\x06\xa2\xbb\x84T|i\
\x00\xa0\x86%\xdb\x85\x0f.\xf1\xc9\x0a\xe1\x1b\xb3\xb5\xde\
\xe1\xe9\xed\xaeX\xa1\x91t\x94\xed\xca\xb7\x0d~\xf5\xa0\
a\x97`\xaf\x86\x88\x0b\x8f\xaf\x94K\x05X\xe0\x88\xee\
\x08\x08\x8dD\xaf\x00\xe9]\x01\x9a\x0a\x88/\x0d\x00\xd4\
\xb0\x8d.\xb2\xdc?/\x9cr\x8d\xbbN\x1b\xfe]\x83\
\x80\xab\x9aT\x11-\xd0$%\x8c]\x01\xd3\xaa,\xf7\
\xcc\x91\xfb\x10\xdbz\xc4\x0e\xa5\x86\x90t\xbd\x024\x15\
\x10W\x1a\x00\xa8\x11Y<\xceg\xc9\xf8p\x82\x80\x1d\
\xa7\x0d?\xda\xec\xd2\x17C\xb5\xb2LqW\x0a\xa4\x02\
\x1e]\xe43\xaeT\xe6\x1c\xa5\xab\x02\xaa\xf7\x0a\x9a\x0a\
X\xa9\xa9\x80\x94\xa6\x01\x80\x1a\xb1\xfb\xe7\xf8\x8c\x17\xba\
\xc1_\xea`\x93\xe1\xa9\xf5.\xed\xfa\xe47\xa4,'\
\x9cT\x80d\xdb\xe6\x88\x0b\x9fYiER\x01U\xc3\
\xe8\xe8\xa7\x82I\xcaT@\xbd\xa6\x02\xe2A\x03\x005\
b\x91w\xda\xe3\xc6z\xd3\xb8\x963\x9d\x86\x7fZ\x1f\
\xa1A\xcb\x06\x0f)\x94T\xc0\x9b\x0e]\xfdb\x87\x14\
I\x05\xe4g\xc3\xd4*\xcd\x09\xc5C\xb2\xa5\x02\x9e\xdf\
\xab\x0f\x01\xf1\xa0\x01\x80\x8aIQ\x0e|x\xa9\x17\xca\
\xa2@\x80\xce^\xf8\xce[.\xfb\x9b4\x08\x18\x8at\
*\xa0\xa5;\x84^\x01\x01S\x01k\xa6G;5\xaa\
\xf0%[*\xa0w\x00~\xb5GS\x01a\xd3\xcbK\
\xc5lL\xb1\xe5\xd1\xc5^h\xbd\xd4\xfb\x06\xe1\xc7\x9b\
\x5c^\xda/\xd7\x8a4]\xfc!\x15 \xf8\xde\xbfv\
P\xb6@PtW\x80\xc5\x8d\xe1>^\x9a\x07\xf7\xcf\
\xd5\xfe\xe0\xf1\xa4\xa9\x80\xcc\xa3\x01\x80\x0ad\xd6h\xcb\
\x03!\xde\xa8-\xb0\xb6\xce\xe1\xbbo\xe9\xea\xe0KM\
\xaa\xb0,\x13,\xd0d\x81\x7f^\xef\xd0-\x98\x0a\x98\
Ze\xf9\xd4\xb2\x91\xadY\xc8v\xe1/n\xf1)\xd2\
V\xb1q\x97l\xa9\x80\x17\xf6\xeau\x1f&\x0d\x00T\
`K'\xf8\xdc:=\xdc\xa7\xb5\xe3-\x86o\xae\x8d\
pX\xf7\x85\xbf\xc7\x1d\xc2\xbd\x02Z\xba\xe0\xc7\xc2\xa9\
\x80[\xa6[>\x7f\xb3?\xac\x15\xfde\xf9\xf0?\xee\
\xf6\x991J\xa7|\x12A\x22\x15P[&\xbb+\xe0\
\x97\xbb4\x15\x10\x16\x0d\x00\x94\x88[\xa6\xf9,\x17\x5c\
\x986\x94\xf3\xfd\xf0\x83\x8d.\xbf\xdc\xe5\xe8V\xc1w\
\xfc\xa1W@\x12\xa7\x02\x00\x96O\xb2|\xf5a\x8f\xdb\
gZ\x0a\x87h.UU\x08\xef_\xe4\xf3\xd5\x87=\
\xa6T\xea\xe0\x9fHAS\x01\x8f,\x94M\x05\xeco\
2l\xd7T@(t\x97\xad\x12s\xcf\x1c\x1f\xdf\xc2\
\xc6\xe3\xe1\xc5\x95\x16\xd8t\xc2\xe1\xd0Y\x87\x87\xe6\xeb\
`\x01\xef\xa6\x02\xde\x12z\xdf/\xa4\x02\xbe\xf4\x80G\
~\xb6\xc8!\x01(\xcf\x87O\xde\xe0\xf3\xf1ep\xaa\
\xcd\xd0\xd2\x05\xae\x0b\x15\x05V\xbc\x9b\xa0\x0a\xa68\x0f\
z\xfa\xa1?\x86@\xbb\xa2\x00\xee\x98\xe1\xf3\xfc^\xb9\
\xfb\xc0\xf3{]\xa6T\x0d\x8aw&\xcdt:\x03\xa0\
\xc4\x18\xe0\xbe\xb9\xe1\x15\x0a\xbaX[\x0f\xfc\xcbF\x97\
_\xed\x92\xadd\x97\xaa\xee\x9c-\xbc+\xa0\x0b~$\
\x5c \xe8\x02\xc7\xc0\xf82\xcb\x82q\x96\xb95:\xf8\
'\xa3\xa0\xa9\x80\x1b'\xc9\xb6\x0d\xee\x19\x80\xe7vj\
*@\x9a\x06\x00J\x94\x01\x1e\x9c\x17\x9f \xc0\x02o\
\x9fp\xf8\xbb\xd7\x22l:\x91\xd9\x0d\x85\xb2\x1cxx\
\xa1p*\xe0\x90a\x87N\xbdf\xac\xa0\xa9\x80G\x17\
\xfadK\xee\x0a\xd0T\x808\x0d\x00\x948c\xa2[\
\xd4n\x9c\x1c\x9fm\x5c]\xfd\xf0\xcb]\x0e\xdfx\xc3\
\xcd\xe8E\x82\x13\xcb,7\x08\xb6\x0d\x06xj\xbdC\
W\x9f\xe8!U\x0a\x09\xb2+\xa0<?\x9a\x0a\x90\xf4\
\x1fZ H\x94\x06\x00*\x14\x86h\xb1\x9a\xb0w\x07\
\x5c\xec\xecy\xc3\xbflt\xf9\xe9\x16\x973\x9d\x99\x19\
\x08\xdc!\x5c \xa8\xb5[~W\x80J\x1d\x81w\x05\
\x08\xa7\x02z\x07\xe0W\xda+@\x8c^\xd9*T\xb7\
L\xf3\xb9\x7f\xae\xec\xd4\xf4\xb5\xeci4\xfc\xc3Z\x97\
\x9fn\xcd\xbc@@S\x01JZ2\xa6\x02\xa4w\xa9\
d*\x0d\x00T\xe8\x96M\xf4\xf9\xe8RO\xf4&p\
-\xd6\xc2\x9e\x86h \xf0\xb3\xad.M\x19\x14\x08h\
*@IK\xb6T\xc0\xaf\xf7\xb8th\x81\xa0\xc04\
\x00Pq1}\x94\xe53+\xc2k t%\xd6\xc2\
\xeew\x02\x81\x17\xf79x\x19\xb2P\xf0\x8eY>\x15\
\x05\x9a\x0aP2\x921\x15\xa0\x05\x82\x82\xd3+Z\xc5\
MM\xb1\xe5\xb3+\x06Ck%|5\xbe\x85uG\
\x1c~\xf8\xb6\x8b\x97\x01%\xe6\xb3\x1cxh\x9e\xa6\x02\
\x94\x9c\xc0\xbd\x02\x16\x08\xf7\x0ah\x92mc\x9d\x894\
\x00PqU\x94\x0b\x7f\xbc\xdcc\x99\xf0\x14\xf5p\xd5\
\x9d3\xfczOf|\xedk+4\x15\xa0d\x05I\
\x05T\x16\xc0\x9d\xc2\xa9\x80\xe7\xf7\xb8\xa2m\xac3M\
f\xdc\x09URq\x9dh\xa7\xb7\x87\x85\x9f\x08\x86k\
\xcb\x09\x87\xe3\xad\x99\xf1\xe4\x10F* \xac\x02A*\
\xf9%[*\xa0\xab\x1f^\xde\xaf\xdf\xc7X\xe9;\xa7\
\x12f\xf18\x9f\xcf\xdd\xe8Q]\x1c\xdf\x94\x80\x056\
\x1c\xcd\x8c\xaf~\x18\xa9\x80\xd7\x0fkA\x96L\x164\
\x15\xf0>\xe1\xc0\x7f\xebI\x87\x13\x19\x12\xd0K\xcb\x8c\
\xbb\xa0JZU\x85\x96\xcf\xae\xf0X^;\xb2\x96\xb1\
A\x1d8c\xf03dA`\x18\xa9\x80\x7f\xd6T@\
F\x0b\x92\x0a\xa8*\x90\xdd\x15`\x81\x17\xf6:d\xc8\
\xe5,J\x03\x00\x95p\x11\x17\xee\x9d\xe3\xf3\xe1\xeb\xbc\
\xb85\xfb\x18\xf0\xa1\xb9+s\x9e\x1a\xc2H\x05\xfc\xab\
\xa6\x022\xd6\x85T@\xacW\x90t\xaf\x80\xfa6\xc3\
N\xad\x0d0bz\x05\xab\xa41s\x94\xe5\x89\x9b\x07\
Y4.>\xb1|,\x9d\xceRU\x18\xa9\x8074\
\x15\x90\xd1\xb2#P\x90\x1b\xdb\xcf\x86\x91\x0a\xf8\xdd\x81\
\xcc\xd9\xe6+E\x03\x00\x95T\xf2\xb2\xe0}\x0b<>\
v]\xf85\x03\xf2\xb2\xc2=~\xb2\xd1T\x80\x92V\
\x9a\x0fN\x8c\xa3\x88t*\xa0\xb5\xc7\xb0\xed\xa43F\
\x88\xee\x00\x00 \x00IDAT\x0ei#\xa1\xef\x96\
JJ\xd3GY\xfe\xe2\xe6AVM\xf1qC\xf8\x96\
\xe6D\xa0D\xb0f~\xaa\xd0T\x80\x92\xe48\xd1 \
 V\xd2\xa9\x80W\x0f9\x19Q\xe7C\x8a^\xb9*\
ie\xbbp\xe7L\x9f\xcf\xaf\xf2\x98Z);X\xcf\
\x1ceq3p\xf6:\xcb\x81\x87\xe7\xcb\xa7\x02\xb6\x9d\
\xcc\xc07S\x01P\x98\x1b\xfb\x82\xc0\x0b\xa9\x80\x88P\
*\xa0\xbd\x17v\x9c\xd6am\xb8\xf4\x9dRI\xaf\xaa\
\xd0\xf2\x89e\x1e\x1f^\xea1\xaa(x `\x80\x1b\
\xa7d\xeec\xc2\xc4r\xcb\x0d\xb5\xb2\xbf\xffw4\x15\
\x90\xd1J\x0bb\xff\xd9\xaa\x02X=E.\xc0_w\
\xc4\xe8\x8e\x80a\xd2\x00@\xa5\x8cY\xa3-\x7f\xbe\xca\
\xe3\xb1\xc5\x1eey\xb1_\xe2+'\xfb\xd4\xc4\xb9\xf6\
@\xb2\xb9c\xa6p*\xa0\x07~\xf8\xb6\xdeN2U\
nV4\xad\x16\xab\x9b\xa7\xf8\x94\x07H%\x5c\xecL\
\xa7\xe1\xe89\x9d\x91\x1a\x0e\xbdbUJ1\x06\xe6\xd6\
X\x9e\xb8\xd9\xe3\xeeY\xfe\x88\xb7\x0d\xce\xad\xb1\xdc>\
3s\x9f\xfe/\x08#\x15\xb0\xb6NS\x01\x99\xac(\
\xc0\x00\x9e\xe5\xc2\xfds\xe4\xae\xcb\x8d\xc7uh\x1b\x0e\
}\x97TJ\xcar\xa3O\xf2\x7fy\xcb \xf7\xcf\xf1\
)\xb9\xc6v$\xd7\x81\xdbf\xf8|`\x91\x97\x91\xb9\
\xff\xa1h*@I\xca\xcf\x86\xac\x00\xb3\x00\xb3F[\
f\x8e\x96\x99\x95\xda\x7f\xc6\xe8\xf7p\x184\x00P)\
-\xe2\xc2\xb2Z\x9f/\xdc2\xc8c\x8b=\xe6T[\
\xca\xf2-\xae\x03\xf9Y0\xbe\xd4\xb2f\xba\xcf\x7fY\
3\xc8\xea\xa9\xb2O\xbc\xe9\xe0\x8e\x99>\x15\x82\xbb!\
4\x15\x90\xd9\x8a\x02n\xdd\xbdg\xa6\xcc5\xeaY\xd8\
~J\xbf\x87\xd7\x12 ^S*y\xb8Ntz\x7f\
n\x8d\x97\xe8SI)Y\x0e<\xbc\xc0\xe7;o\xb9\
X\xa18`m\x9d\xe1\x86Z\xc3\xa2\xf1\x99\xbd\xce\x22\
\x13\x15dC\xbbC\xcc[\xf1F\x15\xc1\xec\xd1\x96=\
\x8d\xc1\xa3\x80m\xa7\x0c+'\x07>LZ\xd3\x10I\
\xa9\x0c7\xb1\xdc\xb2\x5cS\x01J\x801\x90\x1f\xb0\x9c\
\xf7-Se\x02\xc7\xc6\x0e\xc3\xd9\xf3:\xe5w5\x1a\
\x00(\xa5\xb8=\x84]\x01\xff\xaa\xa9\x80\x8cT\x100\
\x00\x18Wj\x99\x22T\xf7c\xaf\xc0LB:\xd3+\
T\xa9$\xd73\x00\xa7\xda\x0d{\x1a\x0c\x9bN8\x7f\
\xf8\xb3\xbb\xc1\xd0\xd0n\xe8\x17\xc8z\x84R Hw\
\x05d\xa4\xec\x08\x81k\xfcK\xd5\x05\xd0\x00\xe0\xeat\
\x0d\x80RI\xa6\xb3\x17\x0e\x9ds\xa8;k8\xdc<\
\xbc\xd5\xcc\xc5\xb9PSb\x19Sl\x19Sb\x19[\
b)\x1ea\xa3\x96\x0b\xa9\x80\xf5G\xe5\x9e\x0b\xbe\xb3\
\xc1\xe1K\xa3\xbc\xc0O\x85*\xb5\xe4\xe7B{W\xec\
??\xb5\xd2R\x92\x07\xed=\xc1\xce\xe3tG\xf4\xfa\
\xd1\xef\xdf\xd04\x00P*I\x1co1l8\xe6\xb0\
\xb7\xd1\xe0\x8f\xf0\x01\xa8\xa3\x17:z\x0d\x07\xce\xbc\xfb\
\xc4\x93\x9b\x05\xa3\x0b\xa3\x01\xc1\x98\x12\xcb\xd8R\x18U\
x\xf5\x03\xdf>\xd3\xe7`\x93\xe1\x9cP\xab\xe4\xd6\xee\
\xe8\xae\x80?]\xa5\xb5\x172IAv\xb0\x00\xc0\x18\
X0\xc6\xf2F]\xb0\xef\xa1\xb5p\xb8\xd9\xb0`\x8c\
.H\x1d\x8a\x06\x00J%\xd8\xe1s\x86\x17\xf684\
\x09/X\xea\x1d\x80\xe3\xad\x86\xe3\xad\xef\x1e\xb7('\
:S0\xf6\x9d\xa0`L\xb1}O\xd7\xc5,\x07\x1e\
\x9a/\xbf+`Y\xada\xb1\xee\x0a\xc8\x18\x117\x9a\
\x06\x18\x08\x90\x9eZ<.x\x00\x00p\xb8\xc9a\xc1\
\x18\xdd\x1d4\x14\x0d\x00\x94J\x90\xb6\x1exa\xaf\x1b\
\xd7<eg\x1ft6\x19\x0e6\xbd\xfb\x9a\x85\xd90\
\xa6\xf4\xbdA\x81t*\xe0\xbb\xeb\x1df<\xa8\xa9\x80\
L\x92\x9b\x0d\x03\x01\xa6\xf0\xab\x8b,\xd5E\x96\xc6\xce\
`\xd7\xc7\xf1\xb6@?\x9e\xd64\x00P*\x01\x0e\x9c\
1<\xb3\xc3\xa5w \xd1g\x02\xe7\xfb\xe1\xe0%A\
An\x96\xeck\x5c(\x10\xa4\xa9\x80\xcc\x91\x13\x81\xce\
\x80\xc7\x98?\xc6\xd2x X\x00\xd0\xd2e8\xdf\x1f\
\x0dt\xd5{\xe9.\x00\xa5\xe2\xc8\x02\xaf\x1ct\xf8\xd1\
\x96\xe4\x18\xfc\xaf$\x8cs[[g\xd8\xaa\xbb\x022\
F\x8e\xc0\x80;\xa52\xf81\x00N\xb6\xe8\xf7n(\
\x1a\x00(\x15'\x16\xf8\x8f\xdd\x0e\xaf\x1cr\xc4\xf2\xeb\
\xa9\xe6\xbbZ (c\xb8&\xf8v\xc0q\xa5\x96\xec\
\x80\xc7\x00h\x08\x98FHW\x1a\x00(\x15'/\xef\
w2\xbeKYk\x0f\xfc@\x0b\x04e\x8c\x9c\x80\xa9\
$\xd7D\xb7\xa7\x06u\xa6C\x03\x80\xa1\xe8\x95\xa8T\
\x1c\xac\xadsX[\xa7\x97\x1b\xc0\x9bu\x86-\x9a\x0a\
\xc8\x08Ag\x00\x00&K\x04\x00A\x17#\xa4)\xbd\
#)\x15\xb2\xa3\xcd\x86\x97\x0f\xe8\xa5v\xb1\xefi*\
 #H\x04\x00\x13\xca\x82\x1f\xa3\xb9\xdb\xe0eh\xda\
\xedj\xf4\xae\xa4T\x88\xce\xf7\xc3\xd3\xdb\xe4\xf6\xd4\xa7\
\x0bM\x05d\x86\x88@\x00Pu\x8d\xe2U\xc3a-\
t\xf4\xe8\xac\xd3\xa5\xf4\x0aT*D/\xeds\xe9\xd4\
'\xdd!\xbdYgx\xfb\xb8\xde\x94\xd3\x99\xeb\x02\x01\
?\xe2\xa2\x5cD\x16\x02\xb6\x05,+\x9c\x8e4\x00P\
*$'\xdb\x0c\xdb\xebu\x80\xbb\x9a\xefmp\xe8\xee\
O\xf4Y\xa8\xb0\x18 \x12p\x941@\xa5@\xa7\xca\
\xb6\xde\xc0\x87H;NN\x16\x81\xdeY\x83|\xd1\x10\
\xa5\xd2\xc1o\xf69\xc1.\xae\x0c\xd0\xd1\x0bo\x1c\xd6\
 )\x9dI\xac\x03\xa8,\x08~\x8c\xee~\xfd\x9e]\
\xca\xa9*\x0c6AS\x9a/\xf3\x01+\x95N\xea\xdb\
\x0c\xc7\xb5\xf8\xc8\xb0l:\xa1\xefS:\x93h1}\
q\xbf\x8aXuk*\xee2\xce\x82q\xc1\x0e\xb0`\
\xbc\xcc\x89(\x95N$\xeb\xe8\xa7\xbb\x13\x1a(\xa55\
\x89\x00 G\xa0h}w\x12W\xdeL\x14\xe7\xd6\x99\
\xc1\x0e\xb0&\xe0\xcf+\x95n\xfa=\xd8{F~P\
+\xc9\x85\xb95\x96e\xb5\x9695\x96\xaa\x22\xf1\x97\
H\x88\xee~t\x97D\x1asD\x02\x80\xe0_\x90~\
O\x03\xcdKE\x16\x8c\x87\xa5\x13a\xf3\xf1\x91\xff\xf0\
\xec\x1aX1E\xfe\xa4\x94Je\x87\xcf\x1a\x06\x05\xbb\
\x8f\xd6VX\x1e[b\x99[c/\xbb\x99v\xf5\xc1\
\x91f\xc3\xd1sp\xa4\xc5p\xb4\xd9p6\xc5\x8a\x9e\
\xe4f\xc9<%\xaa\xe4$1\x17&\xb1\x0b\xc0\xd3>\
T\x97\x89\x00\xfc\xd7\xbb\xe0\xcf~\xc2\x88n\x1cE\xb9\
\xf0\xbf\xdd\x1dx\x87\x87Rig\xbf\xe0\xd3\xff\xed3\
-\x1f_\xe6_\xf1)\xaa \x07\xe6\x8d\xb1\xcc\x1b\x03\
\xbc\xb3\xe40\xd5\x82\x82\xf1e\xfa\xf8\x9f\xce\x92%\x05\
\xa0\x01\xc0\xe5\x22\x00\x15\x05\xf0\xa5\xf7\xc1\x7f\xff%\x9c\
j\xbd\xf6\x0f\x8d*\x82\xbfy\x00\xc6\x94\x86}zJ\
\xa5\x9e\xfa6\x99\x00\xe0\xa6)\x96O\xdc\xe0\x8f8\xc8\
N\xb5\xa0`\xf18\x0d\x00\xd2\x9a\xc0\xe5\xe0\x08L#\
h\x9a\xe9r\x7f\x88\xab&\x94\xc3\xb7>\x04?\xde\x08\
\xcfm\x87\xbe\xc1\xcb\xffq\x96\x0b\xf7\xcd\x87\x8f-\x87\
\xe2\xdcx\x9e\xa6R\xa9a\xd0\x83s]\xc1\xefx\x95\
\x85\xf0\xa9\x15#\x1f\xfc\xaf$Y\x83\x82\xbc,X=\
]\xef\xcc\xe9Lb\xe0\x1dj<\x1a)W\xd7\xe5^\
\xe6=\x13+\x059\xf0\xf8M\xf0\xd1\xe5\xb0\xf9\x18\x1c\
=\x07\xed=P\x9c\x07\x13+\xe0\xba\x89\xd1\x7f\xa3\x94\
\x1a\xda\xd9.\x83/p\xc3\xbb\x7f\xae/\x92\xf7\xbc\x9a\
+\x05\x05G[\xde\x09\x0a\x9a\xa3AAS\x88A\xc1\
cK|}\x98Hs\x12\x01@\xbf\x06\x00\xa1\x182\
\xb3\x92\x97\x05\xab\xa6E\xff(\xa5\x86O\xa2\xaa\x9d1\
\xb0\xac61O\xc5\x059\xd1\x9d\x06sk \xec\xa0\
\xe0\xaeY\x96\xdbg\xea\xd3\x7f\xba\x93\x08\x88%\x02\x80\
\x88\xa3\xdf\xb5K\x09,\xadPJ]\xd0#\xb0\xd7\xb8\
\xa2 \xb9Rl\xd2AA\xb6\x0b\x8f-\xf5\xb9k\x96\
\xde\x903\x81\xc4\x0c@\xef`\xf0dX^v\xf0\xf3\
H7\x1a\x00(%Hb\xafqav\xf2\x0f\x8c\xc3\
\x0d\x0a\xce\x9e\x8f\x0e\x00\x8e\x811%\x96\xa5\x13\xe0\xf6\
Y>e\x02\x95\xddTj\x90\x98\x01\x90\x98Y\xcb\xd7\
\x92\xf5\x97\xd1\x00@)AYn\xf0\xbb]\x9f\xc0\xd3\
N\x22\x0c\x15\x14\x0c\xfa\xd07\x10\xdd\xc6%\xd1\x1aV\
\xa5\x1e\x89\xedwg\xbb\x82\x1f#_g\x00.\xa3\x01\
\x80R\x82r\x04\x06\xb9\xa6\xf3\xd1j\x82a/\x02\x8c\
\x87\x88\x03\x11]8\x9c\xd1$\x8ab5\x0b\xec\xac)\
\xceM\xfe\x99\xb5x\xd3u\x91J\x09\x92x\xca\xf0|\
\xd8z25g\x01\x94\xba\x98g\x83\xa7\x00\xfa\x06\xa1\
S\xa0\x91O\xa9\xa6\x9d.\xa3\x01\x80R\x82F\x15Y\
\x91\xbd\xfb\xbf\xdci\xb4p\x89Jy\x03\x02\xab\xf7\xcf\
\x0a<\xfd\x03\x94\xe6\xe9\x05u)\x0d\x00\x94\x12\x94\xed\
Bi~\xf0\x1b\xcd\xf1\x16\xc3\xafv\xeb,\x80Jm\
\x12\xd3\xff\x8d\x1d\xc1\x8fQ\x98-SN8\xddh\x00\
\xa0\x94\xb0q%2\xc7yz\x8b\xc3\x8b{5\x08P\
\xa9kP`\x01\xe0\x91\xe6\xe0\xd7\xc0\xa8b}\xfa\x1f\
\x8a\x06\x00J\x09\x9b>Z\xa6\xeb\x88\x05\xfe\xf5m\x87\
/\xff\xde\xe1d\xab\x06\x02*\xf5\xf4\x09\xd4\xc5\xa8\x13\
\x08\x00F\x17j\x000\x14\x9d\x14QJ\xd8\xf4J\x8b\
1r\xcdG\xb6\x9d4l?i\x987\xc6r\xf7l\
\xcb\xfcq2\xeb\x0c\x94\x0a\x93\x05\xfa\x03\x06\x00\xcd]\
\xd1r\xf4A\x8d.\x0a~\x8ct\xa4\x01\x80R\xc2\x0a\
r`J\x85\xe5\xf09\xb9a\xda\x02;O\x1bv\x9e\
6\xd4\x14\xc3]\xb3}VM\xb5\xe4\xea\x15\xac\x92T\
\xdf\xc0\x85j\x10\xb1\x93\x98\xfe\x07m9}%\x9a\x02\
P*\x04\xcb'\x85\xd7|\xbc\xa1\x03\xbe\xff\x96\xc3\x9f\
?\xed\xf2\xe3M\x0eg\xcf\x87\xf6RJ\xc5Lb\xfa\
\x7f_S\xf0\x00 7\x0bFi\x0a`H\xfa\xfc\xa0\
T\x08\xa6WY*\xf2-\xcd\xdd\xe1M\xd6w\xf5\xc3\
\xf3{\x0c/\xeeuY:\xc1r\xd7,\xcb\xccj\xbd\
\xd1\xa9\xe4\xd0\x1b0\x00\xe8\x19\x80\x03\x02\x01\xc0\xf8\xd2\
hJN]N\x03\x00\xa5B`\x0c\xdc>\xd3\xe7g\
[\xc3/\xe7\xe7[x\xfb\xb8\xe1\xed\xe3\x86\xdar\xcb\
\xad3,\xab\xa6\xda\xb4\xa8$\xa8R\x93\xb5\xd1\x02>\
A\xec<mD\xca\x08O\xa9\xd4\xa0\xf8J4\x05\xa0\
TH\xe6\xd6Xj+\xe2{\xf39\xd6b\xf8\xee\x06\
\x87'\x9eq\xf9\xe9\x16\x87\x16\x81\x1a\xeaJ\x8dTw\
?\x81\x17\x00l\xab\x97yl\x9fV\xa5\x01\xc0\x95\x5c\
1\x00\xe8\xe8\x85\xdd\xa7a]\x1d\xec>\x05m\xdd\xf1\
<-\xa5\xd2\xc3\xfds\xfc\x844\xc1\xe9\xe8\x85_\xef\
2\xfc\xc5\xcf]\xbe\xb5\xd6\xe1\xa8\xd0b*\xa5\x86\xa3\
;`\xe9\xde\x96n8.\xb0\xf5\xb5(7Z\x9dS\
\x0d\xed\xb2\x14\xc0\xa6c\xf0\xd3M\xb0\xab\xfe\xbd5\x9c\
\x8d\x8195\xf0\xe8RX95\x8eg\xa8T\x0a\x1b\
]d\xb9g\xb6\xcf\xafv%f\xb2\xcd\xf3`m\x9d\
am\x9da\xc6h\xcb\xdd\xb3,K&X\x5c\x9d\xfb\
S!\xf1l\xf0\xfc\xff\xba\xa3\xff\x7f{w\x1e'g\
U\xe7{\xfcs\x9e\xaa\xde\xd2\xe9\xee$\xddI\xc8\xbe\
\x87\x90\x04\x08 \x8b\x80\x90t\x22\xca6\xe2\x02\xa3\xdc\
{\xd5\x99\xd1\xd1q\x1bLpF\xc7{\xc7\x8c\xb3\xaa\
\xa1EG\xc7\xd1Yt\x9cQT\x14\x15T\x86\x81,\
@\x08\xfb\x12 @\xd6\xce\xd6!\x9d\xf4\x92\xde\x97\xaa\
z\xce\xfd\xa3\xd2\x10B\xd2]U\xcf\xa9\xae\xa7\xaa\xbe\
\xef\xd7\x8b\x17\x84\xf4\xf3\xab_\xd2\xd5u~g\xf7\x02\
\xef \x00X4\xc9\xd7\x96\xd9a\xbcV\x00\x0c\xc4\xe1\
\xab\xf7\xc1\xa6\xed\xa7\xfeBk\x93#\x02/\xde\x0d\x97\
\xcc\x85/^\xa3\xeb\x15ERq\xd1L\x9f}\xad\x86\
\xad\x87r\xfbQ\xb4\xbd\xd9\xb0\xbd\xd9P7\x16\xaeZ\
\xe4\xb3b\x81\xa5R7\xf5\x89c\xbd\xfd\xc1\xce\xc0\xe8\
\x1e\x84'\xf7\xbb\xf9YY2E\xbd\xff\xe1x\x90<\
\xaf\xf9\xf3w\x9d\xbe\xf1?\xd9c{`\xcd\x9d\xc1\x17\
y\x88\x14\x8b\xf7\x9c\x9b`\xe1\xa4p|\x18\xb5t\xc3\
\x8f\x9f\xf2\xf8\xf4\x9d\x11\xfe\xedQ\x8fC\x1d\xb9\xceH\
\x0aIw\x7f\xb0\xe7\xb74z\x0c:\xb8C\xa0\xb2\x14\
\xe6\x8e\xf2\x1a\x9c|\xe3\x01|\xf7ax\xfe`z\x0f\
\xeeh\x86o\xae\xcfFJ\x22\x85'\xe2\xc1\x07.H\
\x8c\xfa\xa2\xc0\xe1\xf4\xc7a\xfdv\xc3\xe7~\x15\xa1a\
\x83\xc7+\x875X*\xc1\x0c\xc6!\x16\xa0\xf1\x1e\x88\
\xc3\xa3{\xdd\xbc\x0f\x97N\xf1\xf1\xf4\x96\x1e\x96\xd7\xd4\
\x0ew?\x97\xd9\xc3\xf7\xbd\x04\xbb\x8e\xb8MH\xa4P\
\x95x\xf0\xe1\x0b\x13\x9c;-<E\x00$\x87k\x9f\
\xdao\xf8\xf2\x7f{|\xf1\x1e\x8fG\xf6\x18'\x97\xb8\
H\xf1\xe9\x0c\xb8X|s\xa3\xa1\xcf\xc1\x01B\x00\xe7\
\xcf\x08\xd7\xcfY\x18y\xf7n\xcb\xfc\xc6&k\xe1w\
/\xb8MH\xa4\x90E#\xf0\xbee\x09\xae:\xd3'\
\x12\xc2\xdeIc\xab\xe1\xdb\x0fy\xdc\xf2\x8b\x08\xf7\xbc\
`\xe8\x09\xb8\x9a[\x8aG,q|\xfb_\x86\xda\xfb\
`\xd3.7\xabS\xcf\xa8\xb6L\xabQ\x010\x12\xef\
\xc9\xbd\xc1\x02<\x11\xf0y\x91bc\x80+\xe6\xfb|\
\xfc\xf2\x04SB\xfa!\xd5\xd6\x03w<\xed\xf1\xa9;\
#|\xff1\x8f\xc3]\xb9\xceH\xc2.h\xef\xff7\
\xdb\xbc@\xd3\x07'\xbaP\xbd\xff\x94D\x9b;\x83\x05\
8\xd2\x95\xdc.\xa8\xb9\x16\x91\xf4L\xa9\xb6|\xfc\xb2\
\x04O\xed\xf3xh\x8f\xe7\xe4\xd63\xd7\x06\xe2p\xff\
+\x86\x07\xb6G\xb8`\xba\xe5\xea%\x96\xb3t\xdc\xb0\
\x9c$\xe1\x07\xeb\xfd\xef8j\xd8\xe6h\x0dJE\x09\
\x9c7CsX\xa9\x88\x0e\x06\x5c\xc9\x9f\xf0\x93\xbb\x08\
Ju\xa8\xb0H\xda\x22\x06.\x9e\xed\xf3\x96\x99>O\
\x1e\xf0\xd8\xd2hh\xeb\x09_5m-<u\xc0\xf0\
\xd4\x01\xc3\x9cZ\xcb5\x8b-\x17\xcf\xb1Du\x9e\x80\
\x00\x1d\xbd\x99o\xfd\x8b%\xe0\xd7/\xba{#]4\
\xd3\xd71\xd8)\x8a\x8e\xaf\x84\xc3\x01\xb6\x01U\x95\xab\
\xf1\x17\x09*\xe2\xc1%\xb3|.\x9e\x09\xaf\x1c1<\
\xba\xd7c\x8f\xc3\xeb\x84]jl5|\xfba\xc3\x1d\
O'\xcf\x13Xy\xa6\xce\x13(f\x83q\xe8\x09\xb0\
\xf5\xef\x9em\x1e\xad\x8e\x8e\xac\x8eF\xe0\x92\xd9\xea\xfd\
\xa7*\xbadJ\xb0\x02`\xc9Tw\xc9\x88\x14;c\
\xe0\xac\xc9\x96\xb3&'h\xe91<\xbe\xd7\xf0\xd4~\
\x8fX\x08?\xd3\xdaz\xe1'\xcfx\xfcb+\x5c2\
\xdb\xf2\xaes|\xa6\xd6\xe4:+\x19mm\xdd\x99\x1f\
\xfb\xff\xfc\xab\x86'\x1c\x1d\xfa\x03p\xe1\x0c\x9f\xaar\
g\xe1\x0a^\xf4\xca3a\xfd+\x99\x07\xb8r\xa1\xbb\
dD\xe4uu\x95\x96k\x97XV.\xf4y\xf6\xa0\
\xc7\xe6=\x1e\x1d\x01\x0fY\xc9\x86\xd8\xf1\xe3\x867\xef\
\x89\xb0\xe4\x0c\xcb;\x17[m\xc1*\x12\xdd\xfd\xc9\x11\
\x80L\xb4\xf4\xc0/\xb6\xba\x1b\xfa\x8fF\xe0m\xf3B\
X)\x87X\xf4\xd2yp\xe6d\xd8\xde\x9c\xfe\xc33\
'\xc0\xcaE\xee\x93\x12\x91\xd7\x95\x97\xc0[\xe7\xf8\x5c\
4\xdbg\xdb\xab\xc9\xe9\x81\x03\x0e.Jq\xcdZx\
\xf1U\xc3\x8b\xaf&\xaf%\xbef\x89\xe5\x12\xad\x13(\
X\xbe\x9f\xf9%q\xb1\x04\xfc\xf8i\xcf\xe9i\xb2\x17\
\xcf\xf4\xa9V\xef?-\xc6Zk\xf7\xb7\xc1\xa7\xef\x80\
\xee4\xf6\xfc\x96F\xe1\xf6\x9b\xe0\xcc3\xdc$\xf2\xec\
\x9e\x04\xfd1\xf5\x1aDR\xd1\xd4\x91,\x04^h2\
$B\xfcc3\xae\x02V\x9ei\xb9z\xb1\xaf\xbbC\
\x0aLk\x17\x19\x9d\x13a-\xfc\xe7\xd3\x1e/9<\
y\xb2\xa2\x04V\xaf\x88SQ\xe2,d\xd6\xc4\x13\x86\
\xfdm\xc1\xfe\xec\x03q\xf8\xd13\xc1+kcmr\
\xed\xe6\xf3\x07\xe1Kw'\xaf\x11\x1d\xc9\x98R\xf8\xcb\
\xeb\xe0\xc2\xd9\x81_\xff5*\x00D\xd2\xd75\x00O\
\xee\xf7x|\xafGO\x80mX\xd9VQ\x02W\xce\
\xb7\x5c\x7f\xb6\xcf\xf81\xb9\xceF\x82\xea\x1d\x80\x96\x0c\
\xce\x86\xb0\xc0][=\x9e<\xe0v\x04\xeb\xfa\xa5>\
\x17\xcf\xca\x8f\xe1\xffP\x16\x00\x00\x87;\xe1\xbb\x0f\xc2\
\xc3;O\xbf\xa8\xe3\x92\xb9\xf0'W\xc2\xf4\xf1\x81_\
\xfb\x0dT\x00\x88d.\x96\x80\xadM\x1e\x8f\xee54\
w\x85oz`HI\x04\xae\x98o\xb9v\x89\xcf\x19\
\xd5\xb9\xceF2\x11K@\xf3\xb17^\x17\x9f\xaa{\
_\xf6xp\xb7\xdb\xf7\xe7\x19\xd5\x96O\x5c\x9e\xc8\x9b\
\xb3hB[\x00\x0cij\x87GvCc\x0bt\xf4\
Au\x05\xcc\x9a\x00\x97\xce\x83Y\xb5\x81_\xf3\x94T\
\x00\x88\xb8\xb1\xbb\xc5\xf0h\xa3\xc7\xf6\xa3&\xd0\xb5\xac\
\xd9d\x0c\x5c4\xd3r\xdd\xd9\x96yu!MR\xde\
\xc4\x92l\xfc3Y\xf8\xb7q\xa7\xe1\xbe\xedn\x17\x84\
\x18\x03\x7f\xfc\xd6\x043\xc6\xe7\xcf{(\xf4\x05@.\
\xa8\x00\x10q\xab\xb5\xd7\xf0\xe8\x1e\xc33\x07\xdd\x5c\xaf\
\x9a-g\x9da\xb9~\xa9\xe5\xdc\xe9\x96<\xe9\xc4\x15\
\xad\xb6\xee\xf4\xaf\xfb\xb5\x16~\xf3\x92\xc7#\x8d\xee\xbf\
\xbb\x97\xcc\xf2\xb9ni~\x0c\xfd\x0f\x09S\x01\xa0#\
|D\x0aT\xed\x18\xcbuK-+\xcf\xf4yj\xbf\
\xc7c\xfb\xc2y\xdc\xf0\xcb\x87\x0d/\x1f6\xcc\x18o\
\xb9v\xa9\xe5R\xed\x1c\x08\xa5\xae\xbe\xf4\x1b\xff\x84\x0f\
?{\xcec\xeb!\xf7\x8d\xff\xf81\x96\xb7/\xca\xaf\
\xc6?l4\x02 R$\x12\x16\xb6\xbdjxd\x8f\
GSGx\xfb\xda\x13*\xe1\x9a\xc5>+\x16\xda\xbc\
X\xd5]\x0c\xfa\x06\xa1\xa53\xbd\x03\x7f\xfac\xf0_\
O{\xec\xca\xc2\x89\x96\x9e\x81\x8f^\x9a`\xc6\xb8\xfc\
k3\xc24\x02\xa0\x02@\xa4\x08\xedk3<\xd2\xe8\
\xf1rsx\xd7\x09T\x96\xc1\xaa3-\xef\x5c\xecS\
\xa3\xfd\xdd93\x10\x83#\x1d\xe95\xfe\x07;\x0c?\
~\xda\xa3-\xe0\x0d\x81\xa7S\xbf\xc0\xa7~a~\xf6\
\xfe\xc3T\x00h\x0a@\xa4\x08\xcd\x9a`\x995!A\
{o\xf2(\xd6'\xf7{\xf4\xc7r\x9d\xd5\x1b\xf5\x0c\
\xc0\xaf\x9f7\xfcf[\x84Ku\xd4pN\xc4\xe2p\
4\x8d\x9e\xbf\x05\xb64\x1a~\xf7\xb2G\x22K\xed\xf3\
\xdc:\xcb\x8a\x05\xf9\xd9\xf8\x87\x8dF\x00D\x84\xfe\x18\
<y\xc0\xe3\xb1\xc6p\x1e7\x0c\xaf\xef\x1c\xb8v\xa9\
e\xfeD}Vd[,\x91\xec\xf9\xa7\xda\x90\xf7\xc6\
\xe0\xe7\xcfy\xbc\xd4\x9c\xbd\xe9\xa5\x9ar\xf8\xc4\xdb\xe2\
T\xe6\xf1\xa1Ra\x1a\x01P\x01 \x22\xaf\xf1\x87\xd6\
\x094z\x1c<\x16\xdeu\x02g\x9da\xb9n\x89e\
\xd9\x0c\xed\x1c\xc8\x86\xc18\x1c\xe9L\x1e\xf7\x9b\x8am\
\x87\x0d\xbf|\xc1K\xeb4\xd9t\x95D\xe0#\x97$\
\x98\x96\x87\xf3\xfe'\x0aS\x01\xa0)\x00\x11y\x8dg\
\xe0\xec\xa9\x96\xb3\xa7&\xd8\xd7n\xd8\xb2'\xd9\xa3\x0b\
G7\xe1u'\xee\x1c\xb8\xee\xf8\xce\x81\x88v\x0e8\
\x91\xce\x82\xbf\xde\x18\xfc\xfaE\x8f\xadM\xd9-\xc3\x8c\
\x81\xf7-\xcb\xff\xc6?l4\x02 \x22\xc3\x1aZ'\
\xf0\xd4~\x8f\xbe\x90\xad\x13\x182q,\x5c\xbd\xd8g\
\xe5\x99\x96\x92H\xae\xb3\xc9_\xdd\x03\xd0\xdeMJ\x05\
\xdf+\xcd\x86\xbb^\xf0R:>>\xa8\xab\xcf\xf2\xb9\
lna\xcc\xfb\x87i\x04@\x05\x80\x88\xa4d \x0e\
\xcf\x1c\xf0\xd8\xd2hh\xef\x0b\xe7\xc0{M9\x5c\xb3\
\xc4\xe7\x1d\x8b-\xa5*\x04Rf-t\xf6\x92\xd29\
\x11}1\xf8\xefW<\x1e\xdf7:\xef\x81K\xe7\xf8\
\x5c\xb3\xb80\x1a\x7fP\x01pJ*\x00D\xf2\x83o\
\xe1\xa5\xc3\xc9\xf3\x04\x0e\x84t\x9d@u9\x5c\xbb\xc4\
g\xd5\x22\x9d%0\x92\x84\x9f\xbc\xd8g \x85\xd1\x9d\
\xd1\x98\xeb?\xd1\xc5\xc7O\xfa\x0b\xe7\xbb,3*\x00\
NA\x05\x80H\xfe\xd9\xd7f\xd8\xbc\xc7\xe3\x95#\xe1\
['\x00\xc9\xb3\x04\xdey\x96\xe5\x9dg\xf9T\x96\xe5\
:\x9b\xf0\xe9\x8fAk'#^)=Zs\xfd'\
\xba`\x86\xcf\x0dg\xfb\x98Bj\xfdQ\x01pJ*\
\x00D\xf2Wk\xaf\xe1\xb1F\xc3\x93\x07<\xe2!\xbc\
w\xa0<\x0a\xcb\x17\xe8:\xe2\xd7X8\xd6\x0b\x9d)\
\x0c\xf9\x8f\xe6\x5c\xff\x90\x8bg\xf9\x5c\xb7\xa4\xf0\x1a\x7f\
P\x01pJ*\x00D\xf2_W?l\xd9\xeb\x85\xf2\
`!\x80\xd2\x08\xd4\x9fy\xbc\x10\xa8\xc8u6\xb91\
\x18\x87\xd6\xae\xe4>\xff\xe1\xe4\xa2\xd7\x0f\xb0|\xbe\xcf\
\xaa3\x0bg\xce\xffd*\x00NA\x05\x80H\xe1\x18\
\x88\xc3\x13\xfb=\x1em\x1c\xdd\x9ec\xaaJ#\xb0j\
Q\xb2\x10(\x96c\x86\xadM^\xe8s\xac\x8f\x11\xf7\
\xf8\xbd\xf0\xaa\xe1\xd7/\x8e\xde\x5c?$\xb7\xa0^\xbf\
\xd4\xe7\xc2\x99\x85\xdb\xf8\x83\x0a\x80SR\x01 Rx\
\x12>l=\xe4\xb1y\x8f\xe1HW\xf8\xc6s\xcb\xa2\
\xf0\xf6E\x96\xeb\x96\xfaT\x17p!\x90j\xaf\xbf\xb5\
\x07\xee\xde\xe6\xb1\xfd\xc8\xe8~\xaf\xca\xa2\xf0\xfe\xf3\x13\
,(\x82\x13\x1e\xf3\xa2\x00\xb0\x16\xda\x8e\xcf\x11U\x97\
\xc3\xf8\xcad\x85\x96-*\x00D\x0a\x97\x05\xb6\x1f1\
<\xbc\xdbc_\xc0\x0f\xbfl(\x8f\xc2U\x8b-\xd7\
.\xf6\xa9*\xa0B \xd5^\x7f,\x01\x0f\xed1l\
\xda\xe5\x8dX$\xb86q\xac\xe5\xe6\x0b|&\x8e-\
\x8e\xcf\xffP\x17\x00\xfbZ\xe1\xce\xa7a\xcb\xee7\xee\
\x09\xad*\x87\x8b\xe7\xc0\x8do\x81\xf9\x13\x03\xbf\xee\x9b\
\xa8\x00\x10)\x0e\x87:\x0d[\x1a\x93s\xcb\xe1\x18\x7f\
|]Y\x14V,\xb0\xdcpn\xfe\x8f\x08\xa4\xd2\xeb\
\xf7-<\xd7d\xb8\x7f\xbbG{\x0a\x0b\x02];k\
\xb2\xe5\xbd\xe7&(/\xa2\xad\x9a\xa1,\x00\xac\x85\x7f\
\x7f\x04~\xf2d\xf2Mq\xda\x07\x0c\xdc\xb0\x0c\xfe\xe4\
J\x9c\x1e\xbd\xa9\x02@\xa4\xb8\xb4\xf4\x186\xef1<\
{0{7\xc7e\xaa\xa2\x04\xae^l\xb9zq\xfe\
m\x1fL\xa5\xd7\xef[x\xfe\x90\xe1\xfe\x1d\x1e\xad=\
\xa3\x9a\x1e\x00%^\xf2\xc0\xa6B\x9f\xef?\x95\xd0\x15\
\x00\x16\xf8\xbb\xdf\xc1\x86WR\x7f\xf0\x92\xb9\xf0\xd7\xef\
r7-\xa0\x02@\xa48\xf5\x0c\xc0\xe3\xc7\x17\x0c\x86\
\xed\xa8\xe1\xf2(\x5c6/y\x8e\xc0\xb4q\xb9\xcef\
d#\xf5\xfa\x07\xe2\xf0\xd4\x81\xe4\xd9\x0d\xb9\xe8\xf1\x03\
L\xab\xb1\xdcx\x9eO]eq~\xde\x87\xae\x00\xf8\
\xf1\x13\xf0o\x9b\xd3\x7f\xf8\xe6\x8b\xe0\x8f.\x0f\x9c\x03\
\xa0\x02@\xa4\xd8\x0d\xc4\xe1\xa9\xfd\x1e[\xf6z)\x1d\
I;\x9a\x8c\x81e\xd3-\xab\x16Z\xce\x99\x16\xbe\x8b\
\x87F\xea\xf57u\x18\x9e9hx\xea\x80a >\
\xea\xe9\x01\xc9\x11\xe3\xe5\xf3}\xae\x98\xef\x13\x09\xdf2\
\x90Q\x13\xaa\x02\xa0\xa5\xdb\xda\x0f\xfe;\x19\xed\xd9\x8d\
z\xf0\xef\x1f\xc6Ie\xac\x02@D y*\xdd\xf3\
M\xc9^js\x08w\x0eT\x97\xc3[\xe7X.\x9f\
g\x99W\x97\xfb\xcf\xac\xc18\xb4u'\xff}\xa2\x8e\
\xbe\xe4v\xbe\xa7\x0e\x18\x0e\xe7\xf8\xefqj\xb5\xe5=\
\xe7\xfa\x9cQ\x9d\xfb\xbf\xaf\x5c\x0bS\x01\x10\xfd\xdd\x0b\
\x995\xfe\x00q\x1f~\xfb<\xfc\xf1\x15\x81\xf3\x10\x11\
\x01 b\xe0\xbc\xe9\x96e\xd3\x13\xec<\xbes\xa01\
D;\x07:\xfb\xe1\xbe\x97\x0d\xf7\xbdl\xa8\xadL\x8e\
\x0c,\x9bnY:\xc5R6\x8a\x17\xac\xfb\x16:z\
\xa0\xbb?\xd9\xe9\xb7\x16\x9a:\x93\xd7$\xbfr\x04\x0e\
u\x98\x94\xae\xf4\xcd&\xf5\xfa\xc3-\xfaDc\xb0\x00\
\x8f5\xaa\x00\x10\x11\xf7\x0c\xb0p\x92e\xe1\xa4\x04\xfb\
\xda\x0c\x0f\xee\xf6\xd81\xca\xfb\xd3G\xd2\xda\x03\xeb\xb7\
\x1b\xd6o7D#0\xaf\xce\xb2`\x22,\x98d\x99\
_g\xb3r\xec\xb0\xb5\xc9u\x13\xcd\x9d\xd0t\xcc\xd0\
\xd8\x06\xfb\xda\x0d\xfb\xdaL\xa8\xd6P\xa8\xd7\x1f~\xd1\
\xa6c\xc1\x024\x1dKV\x9f\xe1\xfa\xb1\x14\x91B2\
k\x82\xe5\x83\x13\x124u\x18\x1e\xdc\xe5\xf1rs\xf8\
\xb6\x10\xc6\x13\xb0\xbd\xd9\xb0\xbd\x19\x86>\x11\xab\xcba\
J\x8dej\x0dL\xa9\xb6\xd4U\xc2\xb8\x0a\xa8\xae\xb0\
\xd4\x943\xec\x0e\x83\xbeX\xf2\x9f\xf6^C{\x1f\xb4\
\xf7\xc0\xe1\x0e\xc3\xde68\xdcir\xb6\x88o$\xea\
\xf5\xe7\x8fhg\x1f>\x90\xf1dB<\x91\x1c\x82\x0a\
|x\x86\xde(\x222\x82i5\x96\x9b/Hp\xa4\
;Y\x08<\x7f(|\x85\xc0\x89:\xfb\xa1\xb3\xff\x8d\
E\xc1\xa9T\x96\xbe\xfe\xdb\x83\xf1\x91O\xec\x0b+\xf5\
\xfaG\xe6\xe2o\xc6\xd1\xdf\xae\x1f\xb5\x10\x03\x02\xedt\
\xed\x1d\x0c^\x00\xa8R\x14\x91TM\x1ak\xb9qY\
\x82U\x0b\x0d[B|\x0ba\xaaz\x06s\x9dA0\
\x11\x03\x97\xce\xf5Y\xb5\xd0\x0f\xdd\x0e\x89\xb0\xb1\x0e\x8e\
>p\xf4^\x1f\x8c\x02\x838(\x00\x82\xd2\x9bFD\
\xd25~\x8c\xe5\xda%\x96+\xe6\xfbli\xf4x\xac\
\xd1#V|g\xcb\xe4\xd4\x19\xc7{\xfdS\xd5\xebO\
\xc9p\x07\xed\xa5j\xd0M\x01\xd0\x1f\x05\xfa\x80\xaa \
Q\x5c\x14\x00\x9e\x0a\x00\x11\xc9PU\x19\xbcc\x91\xcf\
es}\x1e\xd9\xed\xf1\xf8>\xcf\xd5\x87\xa4\x9cF4\
\x02W\xce\xd3\x5c\x7f\xba|\x1b|\xd5\x9c\x8b)\x22\x03\
}Q\xa0\x15\x98\x14$\x90F\x00D$\x0c\xc6\x96\xc2\
;\xce\xf2\xb9|\x9e\xcf\xe6=\x1a\x11\xc8\x96yu\x96\
\xeb\x96\x14\xcf\x05>.\xb9X\xb32\x98\x08^qY\
h\x8dZh\x0d\x1a\xeapg\xe0\x5c\x88z\x06gK\
\x1bD\xa4\xa8U\x96&G\x04.\x9f\xabB\xc0\xa5\xf1\
c,\xefX\xe4\xb3t\x8a>\xab3\x95p\xb0\xe2\xbd\
{ x\x1e\xd6\xd0\x125\x86#A\xdb\xdd\xfdm\xc1\
\x93)+\x0d\x1eCD\xe4DC\x85\xc0\xa5s|\x1e\
\xda\xe5\xe5\xfdb\xc1\x5c)\x8d\xc0\xdb\xe6\xf9\xbcm\xae\
O4\x92\xebl\xf2[\xcc\xc1Q\xcc\x1d\xfd\xc1c\x18\
\xcb\xd1(\xb0/h\xa0\x83\xed\xc1\x93\xa9(\xd5$\x92\
\x88dGU\x19\x5c\xbb\xc4g\xf9|\x9f\xcd\x8d\x1e\x8f\
\xed\x1d\xfd{\xef\xf3Q\xc4\x83\xf3\xa7\xfb\xd4/\xf4\xa9\
\xca\xb3[\x11\xc3*\xe6`\xf8\xfe\x98\x9b\x02`o\x14\
\x9f\xc6\xa0#\x12.F\x00*4\x02 \x22YVy\
|\xb1\xe0%\xb3\x92S\x03\x1a\x118\xb5\xd7\x1a\xfe\x05\
~\xf03^\xe4\x0d\xe2\x89\xe0\x8b\x00;\xfa\x1c\xac\x01\
04F\xadaw\xd0P\xcd\x1dp\xac\x17\xc6\x058\
\xf6\xb2\xbc\xc4`\x8c\x9b\x05\x12\x22\x22\xc3\xa9\xa9H\x8e\
\x08\x5c>\xcf\xe7\xe1]\x1eO\x1f\xd4\x88\x00@Y4\
\xd9\xf0_>\xd7\xa7\xa6\x22\xd7\xd9\x14\x1eK\xf0\x11\x80\
\xde\x98\x9b\x85\xf7\x18vGK\xe0\x85\xa0S\x12\x16x\
\xee ,_\x18 \x17\x93,\x02\xfa\x06U\x01\x88\xc8\
\xe8\xa8)\x87\xeb\x96\xfa\xacX\xe8\xf3\xf8>\x8f-\x8d\
^\xc6\x97\xa3\xe5\xb3\xbaJ\xcb\x053,o\x99\xe9S\
Q\x92\xebl\x0aW,\x1e\xfc\x82\xa6W\x1d]\xf2\xe4\
\xc7y\xde\x00\xd4\xaf\xb3-\x18j\x83\x04\xbb\xfe\x1c\xb8\
eU\xb0\x84v\x1f\xf69\xd2\xa1\xa5\xba\x22\x92\x1b\xfd\
1x\xe6\xa0\xc7\x13\xfb\x0c-=\x85\xbd.)b`\
\xd1d\xcb%\xb3}f\xd7Z\x9d\xc6>\x0a\xba\xfa\x0d\
G\x03^\xcd\xbc\xb9\xd1\xb0\xe3h\xe0\xefV\xcb\x865\
fb\xf2\xf2J\x8f\xadX\xea\x83D{\xe6@\xd0|\
\xa0z\x8c\xe1HG\xf08\x22\x22\x99(/\x81K\xe7\
\xf8\xbcu\x0e4\xb6\x18\x9e\xd8\xef\xf1\xca\x11S0\xeb\
\x04\x8c\x81\xb9\xb5\x96\xb3\xa7X\x96LQo\x7f\xb4\xf5\
\xc6\x82\x97Y\x87:\x9d\x94j\xcf\x02D\x01\xace\x93\
!X\x01\xd0\xd4\x0e\x8d-0\xa7.\xf3\x185cT\
\x83\x8aH\xee\x19`n\x9den]\x82\x818\xbc|\
\xd8\xf0\xc2a\x8f]G\x0d\x89<\x1b\xa4\xf4\x0c\xcc\x9c\
`9\xfb\x0c\xcb\x92\xa9>c\xb5\xe0:g\x06\x02\xce\
\xdd\xb7\xf5::\x03\x006\xc2\xf1\x02\x00\x8f\x0d\xf8|\
9h\xd0\xf5\xaf\xc0G.\xcf\xfc\xf9\xd2hr;\xa0\
\xd6\x01\x88HX\x94Ea\xd9t\xcb\xb2\xe9\x09\xfab\
\xb0\xeb\xa8a\xe7Q\xc3\xce\x16\x8f.\x07\xdb\xb1\xb2a\
r\x95en\x9de~\x9de\xf6\x04KY4\xd7\x19\
\xc9`\xc2\x10\x0fX<\xeejq\xd3I6\x86\xf50\
4\x02\xd0\xc1\xe3\xa6\x8a.\x02\xde\x09p\xffK\xf0\x87\
\x97%+\xceL\xd5T\xaa\x00\x10\x91p\xaa(\x81\xb3\
\xa7Z\xce\x9ej\x01\x9f\xe6.Cc\x9b\xe1\xe01\xc3\
\xc1vh\xedq\xb3@+\x1d\x95\xa5\xc9\x0by\xa6\xd6\
X\xa6V[f\xd7Z\xed\xd9\x0f\xa1\xbe\x80\xbd\x7f\x0b\
\xec\x09|n/\x00\x1d\xb5\xd3y\x1a\x8e\x17\x00\x9b\xd6\
\x9ax}\x83\xdd\x8c\xe5\xea Q[\xba\xe1\xb9\x03p\
\xfe\xcc\xccc\xd4U\x19\x0e;8XHD$\xdb&\
WY&WY\x98\x95\xfcu\x7f\x0c\x9a:\x0c-\xdd\
\x86\xa3\xdd\xd0\xd2\x93\x5cL\xd8\xd9\x1f\xec\x16\xb8\xd2\x08\
\x8c\x1bc\xa9)\x87q\x15\x96q\x150\xa9*\xd9\xe0\
k\xbb^~\x08:t\x7f\xa8\xc3\xd0\xebb\x87\x8a\xe5\
\xa1;o2\x09\x18\x9a\x02\x00\x8c\xcf&k\x82\x15\x00\
\x00w=\x13\xac\x00\xa8\xaa0\x94\x97\x1a\xfa5\x0a \
\x22y\xa6\xbc$yQ\xce\xbc\xba7\x7f~\xf5\x0c@\
O\xcc$\xff=\x08\x09?9,\xec[\x18\x8c'\xa7\
@K\xa3\x96\x12/9\xd2P\x1a\x85\x12\x0f\xaa+,\
c\xb4X/\xaf\xc5\x12\x86\x81\x80\x0b\x00\xb75;J\
\xc6\xb0a\xe8?_+\x00\xfc(\xbf6\x09\xbe\x124\
\xf6c{`\xd7Q\x98?1\xf3\x18\x13\xab\x0d\x07Z\
T\x00\x88H\xe1\xa8,\x83\xca2\x0bcO\xfc\xbf\xfa\
\x9c+\x06\xdd\x01\xd7\x8a\xb4\xf4\xc0\xc1cN\x86\xff-\
\x09\xee\x19\xfa\xc5k\x97\xf0n\xbc\xc5l\x07\x9e\x08\x1e\
\x1d\xeex<X\x8c\x89\xd5\xda\x0d \x22\x22\x85!\xe8\
\xf0\xff\xd6C\xce\xda\xc4-\x1b\xfe\xcc\xec\x1e\xfa\x85w\
\xe2\xefX\xc3\x7f\xb8x\x85\x07w\xc2\xbe\xd6\xcc\x9f/\
+1\xd4T\xaa\x08\x10\x11\x91\xfc\xd6;\x18\xec\xf8\xdf\
\xf6>\xd8\xe7\xa6\xf7\x8f\x81\xff<\xf1\xd7o(\x00J\
\xe1'@\xe0]\x86\xd6\xc27\xd6\x07\x1b\xdc\x9a>\xc1\
\x1b\xf9\x8bDDDB\xecXo\xb0\xc6\xfb\xb1}\xc6\
\xd5L\xd1 e\xfc\xfc\xc4\xff\xf1\x86V\xf6\xbe\xd5\xa6\
\x0d\xf8\x9d\x8bW\xdaz\x106m\xcf\xfc\xf9\xea1\x86\
\xaa\x0a\x8d\x02\x88\x88H~\xea\x8f\x19\xfa\x03,\xfe\xdb\
\xddjx\xd5\xcd\xc9\x7f`\xb8{\xfd\xa7\xcc\x1b\xc6\xe6\
\xdf\xdc\xcd6|\xdf\xcd\xab\xc1w\x1e\x0cvk\xd1\xb4\
Z\x8d\x02\x88\x88H~:\x16\xe0>\x89\xc1\x04<\xb1\
\xdf]'\xd8&\xf8\xc1\xc9\xff\xefM-\xec\x15\x9d\xfc\
\x16\xd8\xe6\xe2\x05[\xbb\xe1\x9f6e\xfe\xfc\xf8JC\
e\xb9F\x01DD$\xbf\xf4\xc7\x82\xed\xdb\x7f|\x9f\
\xa1\xcf\xdd\xcd\x94/l\xbc\xf5\xcd\xa3\xfbo*\x00\xd6\
\xae5\xbe\x81\x7fp\xf5\xaa\xf7\xbe\x98<!0Ss\
&i\x14@DD\xf2\x87%\xd9\x01\xce\xd4\x9e6\xc3\
NG\xc7\xfe\x02\x18\xc3\xdfa\xcc\x9bV\x12\x9c\xb2u\
\x9d0\x83;0\xect\xf5\xe2\xdfX\x0f\xfb\xdb2{\
\xb6\xaa\xc20\xa9FE\x80\x88\x88\xe4\x87\xee>\xc3@\
<\xb3\x06\xbc\xb3\x1f\x1eit:\xf2\xbdk\xc2t\xee\
<\xd5o\x9c\xb2e\xbd\xf3&\x93\xc0\xf25W\xaf\xde\
\x17\x83\xbf\xfem\xe6\xeb\x01fM\xf4\x88F\x5ce#\
\x22\x22\x92\x1d\xbe\x85\xb6\x0cW\xfe\xc7\x12\xb0~\x97G\
\xcc\xed\xf5\xd3\x7f;t\xf4\xef\xc9N\xdb\xb5\xae\xed\xe2\
?,\x1cp\x95\xc1\x9e\xa3\xf0\xa5\xbb\xc9\xe8\x0f\x16\x8d\
\xc0\xcc:\x8d\x02\x88\x88H\xb8\xb5\xf5dvet\xc2\
\xc2\x03;\x0d\xed\xbd\xeer\xb1\xd0\xd81\x96\x1f\x9d\xee\
\xf7O\xdb\xaa\xde\xb9\xd6\x0cz\xf09w\xa9\xc03\xfb\
\x93#\x01\x99\x5c\x8a1y\x9c\xc7\xf8\xb1Z\x10(\x22\
\x22\xe1\xd47\x08\x9d}\x19\xb4S\x16\x1e\xda\xedp\xcb\
\xdfq\xc6\xb0\xe6\xe9\x8f\x99\xd3.%\x1c\xb6[\xbd~\
\x8d\xf9)p\xbf\xcb\x84\x1e\xd9u\xfc\x90\xa0\x0c\x8a\x80\
\xf9gD(\xd3\xa5\x18\x22\x22\x122\xf1\x04\x1c\xe9\xca\
`\xa4\xda\xc2#{\x93\xd7J;e\xb8w\xc3j\xf3\
\xcb\xe1\xbed\xc4l#\x09>\x09\x04\xbc\xca\xe0\x8d~\
\xf3<\xac\xbd'y\x03V:\xa2\x11\x98?%\x82\xd1\
@\x80\x88\x88\x84\xc8\x91\xae\xf4\x87\xfe}\x1f6\xee1\
l?\xea\xbcQ\x1b0\x96[F\xfa\xa2\x11\x0b\x80\xfb\
\xff\xcc\xec\xc4\xb2\xceMN\xaf\xdb\xbc\x0b\xbe\xf0\xcb\xf4\
\x17\x06VW\x18f\xe8\x80 \x11\x11\x09\x89\xd6\x9e\xf4\
O\xfc\x8b\xf9p\xffNCckVz\xb4\x7f\xbf~\
\x8d\xd91\xd2\x17\xa5\xd4\x92\xf6y\xfc\x1d\xb0{\xc4/\
L\xd3s\x07\xe0\xb3?\x85\xa6c\xe9=7\xad\xd6\xd3\
\xd6@\x11\x11\xc9\xb9\xee~\xe8Hs\xd5\x7fg?\xfc\
\xf6%\x8f\xa6\x8e\xac4\xfe;\xfc.\xbe\x92\xca\x17\xa6\
\xfc\xea+\xd7\xd9\x0b\xada3P\x9aqZ\xa71\xa6\
\x14>\xbb\x0a\xea\x17\xa5\xfe\x8c\x05v4%h\xeb\xd6\
}\xda\x22\x222\xfaz\x07\xe1pGz\x9d\xd1\xbdm\
\x86\xcd\x8d\x86A\xb7[\xfd\x86\x0cX\xcbe\x1bo5\
O\xa7\xf2\xc5i\x95\x1f+\xd7\xd9?\xb5\x86\xdb3\xcb\
kd\xd7\x9d\x03\x1f\xbf\x12*R\x5c\xe8\xe7[x\xe9\
@\x82\xae>\x15\x01\x22\x222z\xfac\x86\xc3\x1d&\
\xe5]m1\x1f\x9e\xd8\x97\x95\xf9\xfe\xd7\x18\xf8\xd4\xfa\
5\xe6\xdbi|}\x1a\xac5\xf5\x0d\xfc\x02xw\xba\
\x89\xa5\xaav,|\xe4r\xb8jqj_\x1fO$\
\x8b\x80\x9e\x01\x15\x01\x22\x22\x92}\x83q\xc3\xa1c\xa9\
7\xfe\xfb\x8f\x19\x1e\xddk\xe8\x09\x98}\xcb\x04\x00\x00\
\x13\xe3IDATp9\xde\x88\x0c?\xdf\xb0\xda\xdc\
\x98\xce#\xe9\x8d]\x18c\x07\x07\xf9#`oZ\xcf\
\xa5\xa1\xb5\x1b\xbe\xf2\xdf\xf0\xf9\xbb\xa0\xa9}\xe4\xaf\x8f\
F`\xc9\xcc\x085\x95\xda\x1a \x22\x22\xd9\xd5\x1f3\
\x1cJ\xb1\xe7\xdf\xd1\x0f\xf7m7<\xb0#\xcb\x8d?\
\xec\xf6\x06\xf9H\xba\x0fe\xd4j\xaeXg/0\x86\
M\xc0\xd8L\x9eOU\xc4\x83\x15g\xc2\xcd\x17\xc1\xac\
\xda\xe1\xbf\xd6\xb7\xb0\xeb\xd5\x04\xad]\x1a\x09\x10\x11\x11\
\xf7z\x07\xa0\xb9\xcb\x1b\xf1\x1c\x9b\xf6>x\xfe\x90a\
O\xaba\x14Z\xa4N\xdf\xe3\xcaM\x9f5\xcf\xa5\xfb\
`\xc6\xdd\xe6\xfa\x06{\x15\x96{\xc8\xc2\xa2\xc0\x93\x19\
\x03o\x9b\x0f\xef=\x1f\x96L;}\xd2\x16hl\xf6\
i>\x96\xc19\x8c\x22\x22\x22\xa7\xd1\xd9gh\xe91\
\x9c\xaeE\xb7\xc0\x91.\xd8\xd6l\xd8\xdb~\xfa\xafs\
l\x00\x9fk6|\xcel\xc8\xe4\xe1@\xe3\xe6+\x1b\
\xec\xfb\xad\xe5G\xa4;\x95\x10\xc0\xc4*X\xb9\x08\xae\
Y\x0a\xd3\xc6\x9f\xfak\x8evZ\xf64'\xf0U\x07\
\x88\x88H\x00\xd6&\xf7\xf9\x9f\xee\x88\xdf\x9eA\xd8\xdd\
j\xd8q\xd4\xd0\xe9\xf4\xc8\xbc\x11\xf9\xd6\xf0\x81\x8d\xab\
\xcd\xcf2\x0d\x10x\xe2|\xc5m\xf63\x06\xbe\x114\
N\xba\x0c0g\x22\x9c7\x03\xce\x9b\x09\xe7NOn\
'\x1c\xd27h\xd9q\xc8\xa7W\x8b\x03ED$\x03\
\xb1\x84\xa1\xb93\xb9\xe8o\xc8`\x02\x0ew\x1a\x0eu\
\xc1\xab\x1d\x86\xf6\xbe\x1c%g\xf8\xf4\x86\xd5\xe6[\xc1\
B8P\x7f\x9b]\x0b|\xc9E\xacLy&\xb9N\
`\xc6\x04\x981>\xf9\xcf\x94\x1ah\xed\xf2\xe9\xed\xf7\
)\x8bBy\x14\x1d#,\x22\x22\xa7d-\xf4\xc7a\
 \x0em=\x1e-\xddp\xac\xcfp\xac?yxO\
G\xbf\xe1X\xefh\x8d\xee\x9f\x9e1|i\xfdj\xf3\
\xe5\xc0q\x5c$\x03P\xbf\xce~\x9a\xe4\x19\x01:\xa2\
ODD\xc4=k\x0c\x9f[\xbf\xda\xdc\xe6\x22\x98\xd3\
\xfe\xf0\x8a\x06{\xb3\xb1|\x9fQX\x18(\x22\x22R\
D\x06\x8d\xe1C\xebW\x9b\x9f\xb8\x0a\xe8|@\xbc\xfe\
k\xb6\x1e\x8f_\x01U\xaec\x8b\x88\x88\x14\xa1nk\
y\xdf\xc6[\xcd}.\x83feF|y\x83}\x8b\
g\xf9\x0503\x1b\xf1EDD\x8a\xc4^\x0f\xde\xf3\
\xc0\x1a\xf3\xac\xeb\xc0Y\x99\xaf\xdf\xb4\xda<\xe5\xc58\
\x07\xc3\xcf\xb3\x11_DD\xa4\x08\xdc]b\xb8 \x1b\
\x8d?di\x04\xe05\xd6\x9a\x95\xb7\xf1\x19k\xf8*\
Z\x17 \x22\x22\x92\x8a8\xf0\x7f7\xac\xe6\xab\x18\x93\
\xb5M\x07\xa3\xb2)n\xf9m\xf6\x12\x0f\xee\x00f\x8f\
\xc6\xeb\x89\x88\x88\xe4\xa9=\xc6\xf2\xfe\xf5\xb7\x9a'\xb3\
\xfdB\xa3\xb2eo\xd3\x1a\xf3X\xe5X\x96\x00\x7f\x05\
\x0c\x8c\xc6k\x8a\x88\x88\xe4\x91\x98\x81o\xfa\xe5\x9c;\
\x1a\x8d?\x8c\xd2\x08\xc0\x89\xde\xfeU\xbb \x11\xe1[\
\xc0U\xa3\xfd\xda\x22\x22\x22!\xf4\xa05|r\xe3j\
\xb3m4_47\xe7\xe2%\xd7\x06\xdc||m\xc0\
\xd4\x9c\xe4 \x22\x22\x92[MX>\xb7\xe1VsG\
.^<7\xa7\xf6\x19c\xd7\xdfj~T\xdb\xc5\x1c\
\x0b\x1f\x02v\xe5$\x0f\x11\x11\x91\xd1\xb7\xcfXn\xe9\
3,\xc8U\xe3\x0f\xb9\x1a\x018\xc9\x05\xdf\xb5%\xd5\
\xdd|\xc0X\xfe\x02\xc3\x99\xb9\xceGDD\xc45\x0b\
\x8d\x9e\xe5\x1b\xa5\xa5\xfc\xf3\xbd\x9f19_\x0f\x17\x8a\
\x02`\xc8\x8d?\xb3\x91\x96\x83\xbc\xd7\xc0\x87\xb1\x5c\x05\
Dr\x9d\x93\x88\x88H\x00\x09\x0c\xff\x83\xe5\xfb\xb53\
\xb8\xeb\xce\x9bL\x22\xd7\x09\x0d\x09U\x01p\xa2\x95\xdf\
\xb2\xb5~?\xef5\x86\x0f\x02\x97\xe5:\x1f\x11\x11\x91\
4\xbc\x04\xfc\xd0O\xf0\x1f\x9b\xfe\xcc\x1c\xceu2\xa7\
\x12\xda\x02\xe0D+\xbff\xcf!\xc2\x0d\xd6R\x0f\x5c\
\x02\x94\xe5:'\x11\x11\x91\x13\x0c\x00[,l\x8c\x18\
~\xf5\xc0j\xf3B\xae\x13\x1aI^\x14\x00'zk\
\x83\xad\xa84\x5cf}\xea\x81\x15\x16\x96\x01\xe5\xb9\xce\
KDD\x8aJ\x9f\x81\xad\xbea\x03\x96\x0d\xfd\x86-\
\x8f\xae6}\xb9N*\x1dyW\x00\x9c\xec\xc6\x9f\xd9\
\xc8\xd1\xfd,\xf0\x0cgc\x99g<\xe6`\x99e\xe1\
\x0c\xa0\x0e\xa8E\x05\x82\x88\x88\xa4\xa7\x1fC\x0b\x96V\
\x03\x871\xec\xb3>\x8d\x18v\xdb\x08\xcf\xd7MeW\
\x98\xe6\xf33\x91\xf7\x05@\xaa\x96\xaf\xb5\xe5\xf12*\
r\x9d\x87\xe4\xbf\xd2R\x9e\x00\xe6\x07\x89q\xfb\xef\xc3\
\xec\xda`y<\xba#\xc6\xc1V?X\x90\x80z\x06\
\xa1\xb93\xd8n\xe2\xde\x98a\xeb\xe1h\xd0Tv\x0d\
\x0erQ\xd0 \x22\xd1\x01\xfa6\xad5\xfd\xb9\xcec\
4\x04\xfe\xa9\xcb\x17\xc7\xbf\xa1E\xf1M\x95\xec\xaa_\
g\x13AK\xe7\x9a\x0a\xa8\x0a8.U\x1a\xb1\x94E\
\xb3vOHJb\x09C4\xe0i\x22A\x9f?n\
p\xf3\x17L\xbb\x93H\x22E\x227\x07\x01\x89\xe43\
C\xe0V7\xe2`\xec\xcd\xcfm\xdb\x0f\xb8\x19B4\
n\xc6!s;\x14\x22\x92\x87T\x00\x88\xa4\xcb\x04?\
\x9f\x22\xe2\xe0'\xcf\x86\xa0\x00pQ\x018\x9a\x87,\
\x9a\xd1L\x11WT\x00\x88\xa4\xcbR\x154D\xd4\xc1\
\x11W\x89\x10\xf4y=\x17\x05\x80\x93a\x04\xc6:\x88\
\x22RTT\x00\x88\xa4/p\x01\xe0b\x04\xa0?\x96\
\xfb!\x80\x88\x17<\x07\x073*`\xa9\x0e\x1eD\xa4\
\xb8\xa8\x00\x10I\xc3\xd5\xdf\xb4e\xc0\x98 1\x8c\x09\
\xbe\x00\x10\xa0\x7f0\x04\x05\x80\x83\xee{\x89\x9bO\xa1\
\xb1\x17|\xd7\x968\x89$R$T\x00\x88\xa4!\xde\
\xcfL\x02N[\x8f\xab\x08\xbe\xf2=\xe1C,\x04;\
\x90=\xcf\x06\x9e\xc37\xc6I\x11\xe0U\xf52-p\
\x14\x91\x22\xa2\x02@$\x0d\xf1\x083\x83\xc6\xa8\xad\x0c\
\x9eG_\x08z\xff\x90\xac\x84\x22\x0e\xd63\x94:\xd8\
\xce\x18\xb1\xcc\x08\x9e\x89H\xf1P\x01 \x92\x06\xcf0\
;h\x8c\x09\x0e\x96\xabu\xf5\x85\xa3\x00\x00(q\xb0\
\x0e\xa0\xd4A\x11\xe1[\xe6\x04\x8f\x22R<T\x00\x88\
\xa4\xc1\xc2\xd9Ac\xb8\x18\x01\xe8\xe8\x0d\xc1\x16\x80\xe3\
J\x1dl\xc0+u\xb2\x980\xf8\xf7F\xa4\x98\xa8\x00\
\x10I\x87ei\xd0\x10\x13\x03\xef!\x80\x8e\xde\xf0\x8c\
\x00\x94E\x82\xe7R\xe6f\x17\xff9N\xa2\x88\x14\x09\
\x15\x00\x22\xa9\xb2\xd6`Y\x164\xcc\x9c\x80w\x00@\
\xb8\x0a\x00\x17#\x00\x95\xa5N\xfe<\xcb\xb0\xb6h\xee\
7\x11\x09J\x05\x80H\x8aV|\x9d\xc5\x18\x027\xdf\
\xf3&\x05{\xdeZh\xef\x09\xcf\x14@Y4\xf8N\
\x80\xca\x12'\x05\xc0\xa4\x95\x0d,p\x11H\xa4\x18\xa8\
\x00\x10I\x91\xb1\x5c\x114Fy\x09L\xad\x09\x16\xa3\
\xad\xdb'\x1e\x82-\x80C</\xf8(@E\x89u\
r\xaa\xa0u\xf0=\x12)\x16*\x00DR\xb7\x22h\
\x80\xb9u\xc1\x8f\xbe=\xd2\x19\x9e\xde\xff\x90r\x07=\
x'\xa3\x00&\xf8\xf7H\xa4X\xa8\x00\x10I\xc1\xf1\
S\xe6\xde\x1e4\xce\xbc\x89\xc1s9\xda\x11\x9e\xf9\xff\
!\x15\x0e\xe6\xf0\x1d\xad\x03\xb8F'\x02\x8a\xa4F\x05\
\x80H\x0ajzX\x01\x8c\x0b\x1ag\xf1\xd4`\xcf[\
\x0b\xcd\x1d\xe1\x1b\x01\xa8(\x09~\xab_U\x99\x93\x02\
`\xdc\xb8n.w\x11H\xa4\xd0\xa9\x00\x10I\x81\xb5\
\xbc\xc7E\x9c\xf3\x02\x9eU\xd7\xdc\xe13\x18\x0f\xdf\x08\
@\xd4\xb3\x94\x07\xec\xc1O(w\xf3\xe7\xf2\xe1\xbdN\
\x02\x89\x148\x15\x00\x22#X\xbe\xd6\x96\x1b\xb8)h\
\x9c\x99\x13\x82\x9f\x01p\xb05D\xab\xffNRY\x1a\
\xec\xf9\xd2\xa8\xa5\xc2\xc1\x91\xc0\x06>p\xfc\xd2&\x11\
\x19\x86\x0a\x00\x91\x11D\xaa\xb9\x01\x18\x1f4\xce[f\
\x05\xcf\xa5\xa9-|\xc3\xffC*\xcb\x82\xe76\xae\xc2\
\xc9(\xc0\x84\xfe\x18\xd7\xb9\x08$R\xc8T\x00\x88\x8c\
\xc0\xc2G]\xc49/\xe05B-]>\xdd\xfd\xe1\
\x1b\xfe\x1fR\x1aI\x9e\x09\x10\xc4x7\x05\x00\x06>\
\xe6$\x90H\x01S\x01 2\x8c\x15\xb7\xd9s\xb1\xd4\
\x07\x8dS\x12\x81e\x01\xe7\xffw\x1f\x0e\xef\xf0\xff\x90\
\x9a\x80\xf3\xf8\xe3\xca\xfc\xc0\xdb$\x8f[\xb5\xaa\xc1\xea\
n\x00\x91a\xa8\x00\x10\x19\x86\x81[\x5c\xc4\xb9x\x0e\
\x8c\x090G\x1eO\xc0\xbe\xa3\xe1/\x00\xc6V\xd8@\
\x0dx\xc4\x83\x09\x15N\xa69\x8c\xb5n\xbew\x22\x85\
J\x05\x80\xc8i,\xff\xba\x9d\x0d\xdc\xec\x22\xd6\xaa\xb3\
\x82=\xbf\xbf%A,\xfc\xed?\x11\x13|;\xdf\xa4\
J7\xd3\x00\x16\xfe\xcf\xaa\xaf\xdb\xb9N\x82\x89\x14 \
\x15\x00\x22\xa7\x11\xf1\xf9+ \xe0\xdav\xa8,\x83\x8b\
\x02\xdeT\xbf\xe3P\x1e\xb4\xfe\xc7\xd5\x04\x9c\xc7\x9fP\
\xe1\x13u\xf3\xc9Tb}\xbe\xe8$\x92H\x01R\x01\
 r\x0a+\x1a\xec\x12\x0b\xff\xcbE\xac+\x17\x06\xbb\
\xee\xf6\xd5v\x9f\xd6\xee\xf0\xae\xfe?Yy\x89\xa5\x22\
\xc0\xb1\xbe\x9e\x81Z7\xd3\x00X\xf8\xe0\xf2uv\x91\
\x93`\x22\x05F\x05\x80\xc8)\x18\xcb7\x80\x88\x8bX\
\xab\x026?\xdb\x0e\xc6]\xa41\xaa&\x04\x1c\xc6\x9f\
4\xd6Y\xc1\x13\x8d\x18nw\x15L\xa4\x90\xa8\x00\x10\
9\xc9\x8a\x06{\x13\xb0\xd2E\xac9upN\x80\xd5\
\xff-]>\xcd\xc7\xf2\xa7\xf7?dL\xa9\x0dtA\
PM\xb9e\x8c\x9b+\x82\xb1\xf0\x8e\xfa\x06\xfbn'\
\xc1D\x0a\x88\x0a\x00\x91\x13,\xff\xba\x1dg,\x0d\xae\
\xe2\xbd\xf7\xfc`g\xe4?\xbf/\xffz\xffC\xea\xc6\
f\xde\x80\x1b`Z\xb5\xc3\xc2\xc7r\xfb\xd5\xdf\xb4\xd5\
\xee\x02\x8a\xe4?\x15\x00\x22'\xf0|\xfe\x11\x98\xe6\x22\
\xd6\xf81\xb02\xc0\xf0\x7fS\x9b\xcf\xab\xed\xf9\xd7\xfb\
\x1fRQb\x03\xdd\xf07\xb9\xd2\xa7\xd4\xc9$\x0c\x00\
3\x07\x065\x15 r\x22\x15\x00\x22\xc7\xadXg\xdf\
\x03\xfcoW\xf1\xde}\x1e\x94f\xb8\xf8\xcfZx\xb6\
1\xe6*\x95\x9c\xa9\xab\xf23\x1e\x011\x06\xa6T9\
\xdc\xfd`\xf8\x83\x15\xb7\xd9\xdfs\x17P$\xbf\xa9\x00\
\x10\x01\xea\xd7\xd9Y\x06\xbe\xe7*^Y\x14\xae?7\
\xf3\xe7w\x1dN\xd0\xd1\x1b\xdec\x7fSU\x1a\x81\xea\
\x00\xdb\x02\xa7V\xf9xnN\x06\x04\xc0\xc0\x0f\xae\xfa\
\x9a\x0d\xb8)S\xa40\xa8\x00\x90\xa2\xb7|\xad-\xc7\
\xf0\x0b\x0c\xb5\xaeb\xbe\xf7|\xa8.\xcf\xec\xd9\xbeA\
\xcbs{\xf3\xbf\xf7?\xa4vl\xe6\xfb\xfa\xa3^\xb2\
\x08ph|\xc2p\xd7[\x1bl\x85\xcb\xa0\x22\xf9H\
\x05\x80\x147k\x8d\xa9\xe2_\x81\x0b\x5c\x85\xac\xa9\x80\
\xf7_\x98\xf9\xf3O\xec\x8a1\x98\xbfk\xff\xde$b\
`R\x80F|FM\xc2\xd5\xc1@\x00X\xc3\xb2r\
\x9f\xef`\xad\xc3\xb1\x05\x91\xfc\xa3\x02@\x8a\xda\xca\x06\
\xfe\xd68:\xf0g\xc8\x07\xdf\x9a<\xfd/\x13{\x8f\
$8\xd8\x9a\xbf\x0b\xffN\xa7\xb2\xcc26\xc3#\x82\
\xa3\x1e\xcc\xaaq{\x12\xa21|h\xc5m\xacu\x1a\
T$\xcf\xa8\x00\x90\xa2\xb5\xf26\xfbI\x0b_p\x19\
s\xdax\xb8\xee\x9c\xcc\x9e\xed\x19\xb0<\xb5\xa7\x80\xba\
\xfe'\x99Xe3\xee\xc9O\xa9\xf2\x03\x9d+p*\
\xc6\xf0\x97+\xd6\xd9?v\x1aT$\x8f\xa8\x00\x90\xa2\
T\x7f\x9b\xfd\xa8\x85\x7ft\x1d\xf7\xa3\x97\x93Q#g\
-<\xf2J\x8c\x81X\xfe/\xfc;\x9d\xa8g\x99R\
\x93\xd9u\xbf\xc6\xc0\x9cq\xeeGF\x8c\xe1;+n\
\xb3\x7f\xe8<\xb0H\x1eP\x01 E\xa7~\x9d\xfd\x08\
\xf0\xcf\x04;\xa3\xe7M.\x9e\x03o[\x90\xd9\xb3\xcf\
6\xc69\xdaYxC\xff'+/\xb1\xd4fxL\
p\xed\x18\x9f\xf1\x01/\x1a:\x05\xcf\xc0\xbf\xd47\xd8\
?p\x1dX$\xecT\x00HQY\xb9\xce\xfe)\x86\
\xef\xe1\xf8\xbd?\xa6\x14>\xbb*\xb3g\x0f\xb4$x\
\xb9\xa9p\x87\xfeO6n\x8cOe\x06\xeb\x01\x0c\xb0\
\xb0\xd6\xed\x82\xc0\xe3<,\xffV\x7f\x9b]\xeb<\xb2\
H\x88i\x15\xac\x14\x85\xe5km42\x96oX\xc3\
'\xb2\x11\x7f\xcd\xdb\xe1\x9a\xb3\xd3\x7f\xae\xb5\xdb\xe7\x81\
\xe7\x07\x89\xe7\xcfm\xbfN\xf8\x16\x9a\x8ey\xf4\xc7\xd2\
\xff\x08:\xdc\xed\xb1\xb3\xd5\xdd\x11\x81'\xf9V\xed\x0c\
n\xb9\xf3&Sd\xdf\x11)F\x1a\x01\x90\x82\xb7\xf2\
[\xb6\xd6\xab\xe2w\xd9j\xfc\xcf\x9f\x09Wg\xd0\xf8\
w\xf7[6\xbd\x18+\xba\xc6\x1f\x92\xe3\xeeSj,\
%\x19\xb4\xe3\x93\xc7fe*`\xc8\xa7Z\x0f\xb0~\
\xe5\xedvr\xb6^@$,4\x02 9q\xe3\xcf\
l\xa4\xe3\x00S}\xa8\xc3RI\x84\x0c\x8f\xcd\x19^\
\x22A\xb51|\x1d\x98\x99\x8d\xf8\x06Xs\x15LN\
\xf3\x9a\x99X\xdc\xf2\xf4\x9e8=\x03\x85\xbb\xe8/\x15\
q\x1f\x8ev{\xf8i.\x7f\x18\x88\x1bvdo\x14\
\x00`\xbf\xb5|6\x12\xa13+\xd1\x13\xf4c\xe8\xf1\
\xa0\xa5f\x06\x874\xe2 \xb9\xa0\x02@FE}\x83\
\x9df`\x15\x96z\x9b<tg>\x90\xe1ny\x91\
\x822\x00\xec\xb4\x96\xa71l0\x86\xf5\x1bV\x9b\xa6\
\x5c'%\x85O\x05\x80d\xcd\xf2\xb5\xb6\xdc\xab\xe2\xfd\
\xd6\xf0!c\xb9\x02M9\x89\xa4\xc2\x07\x1e\x04~\xe8\
w\xf1\x93MkM\x7f\xae\x13\x92\xc2\xa4\x02@\x9c\xbb\
\xeak\xb62\x16\xe1\x13\xc6\xb2\x1a8#\xd7\xf9\x88\xe4\
+\x03\xafZh\xa8\x1c\xcb?\xdd\xf31\xd3\x9b\xeb|\
\xa4\xb0\xa8\x00\x10\xa7\xea\x1b\xec\xf5X\xbe\x09\xcc\xceu\
.\x22\x05\xa4\xc9\xc2_l\x5cc~\x98\xebD\xa4p\
\xa8\x00\x10'\xae\xfe\xa6\xad\xee\x8f\xf1=\x03\xbf\x9f\xeb\
\x5cD\x0a\xd8\x1d\x03q>\xf6\xc8\x9f\x9b\xae\x5c'\x22\
\xf9O\x05\x80\x04\xb6\xaa\xc1\x9e\xed[\xee\x22\xb9\xb0O\
D\xb2\xc9\xb0\xd3\xc2\xbb7\xae6\xdbr\x9d\x8a\xe47\
\x15\x00\x12\xc8\x8a\xaf\xd9\x8b\x8d\xe1\xb7\x18js\x9d\x8b\
H\x11i\xf7,\xbf\xf7\xc0\xadfs\xae\x13\x91\xfc\xa5\
\x02@2\xb6\xa2\xc1^i,\xf7\x02\x15\xb9\xceE\xa4\
\x08\xf5b\xb9z\xc3\xad\xe6\xa1\x5c'\x22\xf9I\x05\x80\
d\xe4\xf8\xb0\xff\x83\xc0\xf8\x5c\xe7\x22R\xc4:=X\
\xfe\xc0\x1a\xf3l\xae\x13\x91\xfc\xa3\x02@\xd2\xb6|\x9d\
\xad\xf3<\x9e\xc52=\xd7\xb9\x88\x08\xfbK\x0c\xe7\xdd\
\xb7\xda\xb4\xe5:\x11\xc9/:\x98E\xd2c\xad\x89\x18\
\xfeU\x8d\xbfHh\xcc\x8c\xc3\x0f\xb1V\x1d:I\x8b\
\x0a\x00IK}\x03\x1f\xb1\xf0\xae\x5c\xe7!\x22\xaf\xb3\
\x96k\xeb\xbf\xce\x87s\x9d\x87\xe4\x17U\x8c\x92\xb2w\
4\xd8\x091\xcbv\xa0.\xd7\xb9\x88\xc8I,\xad>\
,\xdat\xabi\xc9u*\x92\x1f4\x02 )\x8bY\
\xfe\x1fj\xfcE\xc2\xc9P\xeb\xc1\xe7s\x9d\x86\xe4\x0f\
\x8d\x00HJV~\xcb\xd6\xda\x01\xf6\x02cs\x9d\x8b\
\x88\x9cVO\xac\x849\x0f\x7f\xc6\x1c\xcdu\x22\x12~\
\x1a\x01\x90\x94\xd8\x01>\x85\x1a\x7f\x91\xb0\xab\x8c\xc6\xf8\
x\xae\x93\x90\xfc\x10\xcdu\x02\x92\x07\xac5\xb6\x81\x0f\
ec\xb8\xa8,\x0a\xb5calY\xea\xcf\xf4\x0eX\
\xac\xcdB2\x22\x19\xb2\xc0`<\xf5\x9f\x90\xc1\x04\xf4\
\x0eB\xdcw\x9f\x8b\x81\x0fb\xed\xdf`\x8c~Jd\
X\x9a\x02\x90\x11\xadZg/\xf7\x0d\x0f\xbb\x8ag\x0c\
\xac\x5c\x04W/\x85\xb3\xa7A$\x8dq\xa8\xc3\xed>\
\x8dG\xb2\xf0\xa9)\x12PK\xb7\xa1\xb3/\xf5\x8fT\
\xdfBs\x97aG\x0b\xecn5\xc9*\xc2\x9d\xcb6\
\xac1[\x9cF\x94\x82\xa3\x11\x00\x19Q\xc2\xe3jW\
}\x89\xc9\xd5\xb0\xf6zX89\xfdg\xad\x85C\xed\
j\xfc%\x9c\xc6\x8d\xb1i\x15\x00\x9e\x81)\xd5\x96)\
\xd5\xb0d\xb2e\xc3.\x8f\xee\x017\xb9\x18x'\xa0\
\x02@\x86\xa55\x002\x22\xe3\xb3\xc2E\x9ci\xe3\xe0\
\x9fn\xce\xac\xf1\x078\xd6k\x19\x88\xb9\xc8D\xc4\xbd\
\xa8\x07cJ3{\xb6\xae\x12\xae_\xecS]\xee&\
\x17\x0b\xf5n\x22I!S\x01 \xc3\xba\xe0\xbb\xb6\x04\
\xc3[\x82\xc6)\x8d\xc2\xdf\xdc\x00\xe3\xc6d\x1e\xa3\xb5\
S\xbd\x7f\x09\xb7\xca\xb2\xcc\x87\xca*J`\xe5\x02\x1f\
\xcf\xcd\xc4\xec\x85\xcb\xd7Z\x8d\xf0\xca\xb0T\x00\xc8\xb0\
\xaa\xfb\x98\x0b\x94\x04\x8d\xf3\xee\xf3`\xe6\x84`1:\
z\xb5\xa6I\xc2\xad\xa24\xd8{t|\x05\x9c5\xd9\
\xc9\xfb\xbc\x94jf\xbb\x08$\x85K\x05\x80\x0c\xcb\xf8\
,\x0c\x1c\x03\xb8aY\xb0\x18\xb1\x04\x0c\xc6\x83f\x22\
\x92]Q\x0f\x22\x01{\xf0\x8b\xcfpS\xe8\x9a\x04g\
:\x09$\x05K\x05\x80\x0c\xcfR\x1b4\xc4\xec:\x98\
T\x15,F\xff\xa0z\xff\x92\x1fJ\xa2\xc1\xde\xabU\
\xa5\xc9\x91\x80\xc0\xbc\xe0?\xbbR\xd8T\x00\xc8\xf0,\
\x01\x9bn\x98>>x\x1a\xd9\xd8/-\x92\x0d\x9e\x09\
>\x89_\x1d`-\xc1ky\x10\xfcgW\x0a\x9b\x0a\
\x00\x19\x96\xf1\xc8p]\xf3\xeb*\x02\xaf @\x07\xff\
H\xdep\xd0\xfeS\xe2b\xf9\x9e\xc1\xd1\x9e\x02)T\
*\x00dX\x16z\x82\xc6h\xef\x0d\x9e\x87\xa3\x95\xd1\
\x22Y\xe7;(V{]lw\xb5t;\x88\x22\x05\
L\x05\x80\x0c\xcb\xf8t\x05\x8d\xb1\xfbh\xf0\x1e|\xa9\
64I\x9eH$\x02\xbe\xd9-\xb4\xf5\x06\xafx}\
\x13\xfcgW\x0a\x9b\x0a\x00\x19\x96\xb14\x05\x8d\xd1\xd6\
\x03/\x1e\x0a\x16\xa3\xbc\xd4\xe8\xdcj\x09?\x0b1?\
\xd8;\xf5\xd5n\xe8w0\x02`|\x0e\x06\x8f\x22\x85\
L\x05\x80\x0c\xcb\xf8\xecp\x11\xe7\xfb\x01\x0f%\xf5\x0c\
\x8c)W\x09 \xe16\x107\x81G\xbb\xb66\xb9y\
\x9f\x9b(\xdb\x9d\x04\x92\x82\xa5\x02@\x86u\xff\x9f\x9b\
C@{\xd08[\x0f\xc0\xbd/\x06\x8b1\xaeR\x05\
\x80\x84[_\xc0\x9e\xfb\xf6\xa3\x86C\x9d\x0e\xde\xe7\x96\
\xd6\xf5\xb7\x98\xe6\xe0\x81\xa4\x90\xa9\x00\x90\x11\x19x\xc8\
E\x9c\xdb\xd7\xc3#\xbb2\x7f~b\xb5\x0a\x00\x09\xb7\
\xae\xfe\xcc\x9f\xdd\xd7nxt\x9f\xa3\xf7\xb8q\xf33\
+\x85M\x05\x80\x8c\xcc\xb2\xd1E\x98x\x02\xbet\x0f\
|\xef\xe1\xe4]\xe8\xe9\xaa(5\xd4\x8cQ\x11 \xe1\
\xd4\x1b\x83X\x22\xfd\xf7\xe7`\x02\x9e<`\xd8\xb0\xd3\
\xe0\xbb:\xef\xc2\xb0\xc1Q$)`Z[-#\xb2\
\xf0+\xa0\x01\x07\x05\xa3\xb5\xf0\xd3'\xe1\xde\x17\xe0\x8a\
\x85p\xe1\xec\xe4)\x81U)\xeeX.)\xf5ho\
\xd1\xa9@\x12>\xcd\x9d0\x90\xe2q\xd5\x03q\xe8\x1e\
04u\xc2\xde6\x93\xf2s)\xf2\xa3\x96_;\x8d\
(\x05I\xdd)I\xc9\x8a\x06\xbb\xd1X\x96\xe7:\x0f\
\x11\x19\xd1\xfa\x0dk\xcc\xaa\x5c'!\xe1\xa7)\x00I\
\xd5\xbf\xe4:\x01\x11\x19\x991\xfck\xaes\x90\xfc\xa0\
\x02@RR7\x9d\x9fb\xd8\x99\xeb<DdX\xbb\
\x13\x9d\xfc<\xd7IH~P\x01 )\xb9\xf3&\x93\
\xb0\x96\x7f\xc8u\x1e\x22rz\x16\xbe\xbci\xad\xd1\xc5\
\xd9\x92\x12\x15\x00\x92\xb2+\xbb\xf8\x01\x96Gs\x9d\x87\
\x88\x9c\xd2\x13Wv\xf1_\xb9NB\xf2\x87\x16\x01J\
ZV\xddf\xcf\xf3\xe1q\xc0\xc1\x1d\x7f\x22\xe2\xc8\xa0\
\x85\x8b6\xae1[s\x9d\x88\xe4\x0f\x8d\x00HZ\x1e\
Xc\x9e\xb5\x86/\xe6:\x0f\x11y\x9d\xb5|^\x8d\
\xbf\xa4K#\x00\x92>k\xcd\xca\x06~i\xe1]\xb9\
NE\xa4\xe8\x19\xee\xda\xf0Y\xde\x871\x0e.\x22\x96\
b\xa2\x11\x00I\x9f1\xb6\xd7\xf0\x01\x0b\x9bs\x9d\x8a\
HQ3<\x1eM\xf0A5\xfe\x92\x09\x15\x00\x92\x91\
GW\x9b>\xaf\x8c\x1b\x80gr\x9d\x8bH\x91z\xa6\
\x04\xae\xf9\x9f\xcf\x99\x9e\x5c'\x22\xf9I\x05\x80dl\
\xfd\xa7L\xab_\xce\x95\xc0\xff\xe4:\x17\x91\x22\xb3\xb1\
\xac\x84\x15\xf7\xad6m\xb9ND\xf2\x97\x0a\x00\x09d\
\xd3'MwY\x09\xbf\x07\xfcc\xaes\x11)\x02\x16\
\xb8\xbd\xb6\x8bw\xde\xfb\x19\xd3\x99\xebd$\xbfi\x11\
\xa08S\xdf`\xdf\x8d\xe5;\xc0\xe4\x5c\xe7\x22R\x80\
\x0e[\xc3\xc77\xae6\xba\xe8G\x9c\xd0\x08\x808\xb3\
a\xb5\xf9\xa5\xef\xb1\x08\xf8\x16\xa0\xd3\xc8D\xdc\x88\x19\
\xf8\xa6\x17c\x91\x1a\x7fqI#\x00\x92\x15W}\xcd\
\xce\x89y\xfc\xb9\x81\x0f\x03e\xb9\xceG$\x0f\xf5c\
\xf9\x81\x1f\xe1+\x9b>k\xf6\xe6:\x19)<*\x00\
$\xab.\xff{;\xbe\xb4\x8c\xdf\xc7\xf2\x01\xe0R \
\x9a\xeb\x9cDB,\x06l1p\xc7\xc0 ?\xdb\xfc\
\x05\xd3\x9e\xeb\x84\xa4p\xa9\x00\x90Q\xb3\xfc\xdbv\xac\
\xe9\xe7\x0a\xe0\x02\x03\x8b\x0c\xcc\xb50\xc1@\x95\x85\xf2\
\x5c\xe7'2Z\x0c\xf4[\xe82\xd0\xe6\xc3ncx\
\x05\x9f\xa7\xfd\x0a\x1e\xde\xf4I\xd3\x9d\xeb\xfcDDD\
DDDDDDDDDDDDDDDD\
DDDDDDDDDDDDDDDD\
DDDDDDDDDDDDDDDD\
DDDDDDDDDDDDDDDD\
D\x8a\xc6\xff\x07\x5c\xf0br\x8d\x8e\x1dn\x00\x00\x00\
\x00IEND\xaeB`\x82\
\x00\x00\x0e2\
\x89\
PNG\x0d\x0a\x1a\x0a\x00\x00\x00\x0dIHDR\x00\
\x00\x01\x00\x00\x00\x00\x8c\x08\x06\x00\x00\x00\x93wwq\
\x00\x00\x00\x09pHYs\x00\x00\x0b\x13\x00\x00\x0b\x13\
\x01\x00\x9a\x9c\x18\x00\x00\x0d\xe4IDATx\xda\xed\
\xdd\x7fP\x94\xe7\x81\x07\xf0\xef\xfb\xee/`\x7f\xb0K\
VwA(\x1a\x0d\xc4\xa0`\xa2N\xa8\xa9\x97\x08I\
\x14:\xda\xf8\xab\xc6\xda$&\xad\xe9\xcd\xe5\x8f\xcb\xf4\
:\x9d\xdeLo\xda\xb9\xebL\xdbif2s\xe9\xdd\
M\xe7<\xdb\xce\xf5.\xe4\xae\xadI\xe3\x04E\x93H\
$\x11\xa3`UP!B@v\x97\x1f\x0b\xcb\x0a\xcb\
\xaf}\xf7\xdd\xb7\x7f\x18\x88F\xac\x08\x0b\xec\xee\xf3\xfd\
\xcc\xe4\x0f2f\xdf}\xbe>\xcfw\x9f\xf7\xcd\xbb/\
\x92\xa6i\x1af\x81\xa6i\x08\x87\xc3\x08\x85B \x9a\
.Y\x96a6\x9ba4\x1a\x19F\x8cI\x92$I\
\xb1*\x80\x8e\x8e\x0e\x5c\xbe|\x19---\xf8\x9en\
\x17\xd3\xa5Y\xf1*~\x8f\xfc\xfc|\xdc\x7f\xff\xfdX\
\xb8p!\x03\x99\xaf\x02\x18\x1b\x1b\x83\xcf\xe7\xc3\xc9\x93\
'\xf1\xe2P\x19\xd3\xa4yQ\x91\xf9!V\xaf^\x8d\
\xcc\xccL\x861\x17\x05022\x82+W\xae\xe0\xc4\
\x89\x13\xf8\xbea7S\xa4\xb8\x12x\x8e\xa7\x0b\xb3V\
\x00MMM\xa8\xaf\xaf\xc7\xbe\xd0&\xa6Gq\xe7\xbb\
\x1d\xaf\xa2\xa8\xa8\x08\xeb\xd7\xaf\xe7\xe9A,\x0b \x14\
\x0a\xe1\xf4\xe9\xd3\xa8\xae\xae\xc6+\x8b\xfe\x9e\xc9Q\x5c\
\xfb\xe9\xe8\xef\xb0~\xfdz,[\xb6\x0c\x16\x8b\x85\x81\
L\xb7\x00TUEOO\x0fjkk\xf1L\xefc\
L\x8c\x12\xca[\xf7\xd6\xa3\xa8\xa8\x08N\xa7\x93a\xdc\
m\x01(\x8a\x82\xce\xceNTUU\xe1em;\xd3\
\xa2\x84\xf4\xdf\xce\xe3(..N\x8a\x8b\x84\x9a\xa6!\
\x1a\x8dBUU\x00\x80^\xaf\x87,\xcb\xb1/\x80p\
8\x0c\xaf\xd7\x8b\x95\xc7\xec\x9cA\x94\xf0~\x95\xf6\x0e\
6n\xdc\x88{\xee\xb9\x07\x92$%\xcc\xfb\x8eD\x22\
\x08\x06\x83\x08\x06\x83\x18\x1e\x1e\x86\xa2(\x13\xff\x00\x80\
\xc9d\x82^\xafGJJ\x0a\xccf3\xecv;l\
6\xdb\x94\xc78i\x01\xa8\xaa\x0a\x9f\xcf\x87\xca\xcaJ\
|W\xda\xc9\xd9CI\xe1\xd7\xf6c\xd8\xb4i\x13\xcc\
f\xf3\x8c>5\xe7\xe2S~xx\x18~\xbf\x1f+\
\x8e\xa6\xdf\xd5\x7f[\x91\xf9!\xee\xbb\xef>\xa4\xa7\xa7\
\xc3\xe5r\xdd\xb1\x08&-\x80\xde\xde^TWW\xe3\
\xb9@\x09g\x0d%\x95\xca\xfb\x1b\xb0f\xcd\x1a\xa4\xa6\
\xa6\xc6\xe5\xfbS\x14\x05\xdd\xdd\xddhmmEy\xd3\
\xca\x19\xbd\xd6\x85\xc7\x83\x13;\x02\x9dN7\xb5\x02\x18\
\x19\x19Auu5vt<\xcc\xd9BI\xe9\x5cI\
\x00\xb9\xb9\xb9\xd0\xeb\xf5q\xf5\xa9o\xdd\x1f\x8c\xf9\xeb\
\xfeG\xca!<\xfa\xe8\xa3p\xbb\xdd\x93\xde\x1bqS\
\x01D\xa3Q\xd4\xd6\xd6\xe2\xc9\xc6\xe5\x9c%\x94\xd4.\
n\x1cDNNN\x5c\x5c\x0f\xb0\xfcg\xff\xac\x1f\xe3\
\xd4:\x1f\xf2\xf2\xf2`0\x18n_\x00\x81@\x00_\
\xfa\x83\xc4\xd9AB\xe8|Z\x0f\xab\xd5\x9a\xf4\x8b\x7f\
\xdc\xbb\x85\xcdX\xbbv\xedM\xd7?$I\x92&~\
:~\xfc8g\x05\x09\xa3\xad\xadM\x98\xc5\x0f\x00\xa5\
\xe7\xf3p\xfa\xf4\xe9[\xfe\xbd<\xfef\x9e\xed\xdb\xc0\
YA\xc2\xf0x<\x18\x1c\x1c\x14j\xcc\xa5\xe7\xf3\xd0\
\xde\xde~k\x01\x10\x89f\xa7\xa7\xf8\x96\xc50\x174\
M\x9b\xf3O\xff\x1b\xd5\xd4\xd4\xdc\x5c\x00\xf3\xf9f\x88\
\xe6Sww\xf7\x9c\x1eOUU\xf8\xfd\xfey\x1d\xf3\
w\x86\xcbQ__\xcf\x1d\x00\xd1\xd7Z\x1f\xc2\xb5k\
\xd7\xe6\xe4X\x91H\x04]]]\xb8\xf7-\xc3\xbc\x8f\
\xfbo\xea\x96\xb0\x00\x88\x00\xa0\xb3\xb3s\xd6\x8f\xa1(\
\x0a\xda\xdb\xdb\x91\xffNZ\xdc\x8c{|\xe7\xcf\x02 \
\xa1\xf9|\xbeY}\xfdp8\x0c\xc7oB(z/\
#.\xc7\xcf\x02 \xa1\x05\x02\x81Y]\xfc\x19\xbf\x1d\
\x8a\xeb\xf1\xcb\xb2\x16\xe5, a\x8d\x8e\x8eb6\x1e\
\x8c=66\x86\xe6\xe6\xe6\xb8\x1f\xbf\x1c\x95\xb8\x09 \
q\x85\xc3aD\x22\x91\x98\x9f\xf3777\xa3\xf8\xe4\
\xa2\xf8/\x00N\x01\x12\xd9\x8d\xdf\xaf\x9f)M\xd3&\
\x16\xff\x97k\xb3\x13b\xfczN\x01\x12\x99\xa6i1\
9\x05\xd04\x0dccchmm\xc5\xc3\x1fe%\
\xcc\xf8Y\x00D1X\xfc\xa3\xa3\xa3hiiI\x88\
m?O\x01\x88bhtt\x14\x8d\x8d\x8d\x09\xb7\xf8\
Y\x00D3422\x82\xfa\xfaz<vviB\
\xbe\x7f\x16\x00\xd14\x0d\x0f\x0f\xa3\xa6\xa6\x06\x1b/>\
\x90\xb0c`\x01\x10M\xc3\xd0\xd0\x10\x8e\x1d;\x86\xad\
mk\x12z\x1c\xbc\x08Ht\x97B\xa1\x10\xdc\xaf+\
\x00\xd6'\xfcXX\x00DS\xa4i\x1a\x06\x07\x07\x91\
\xf5\x86\x9a4c\xe2)\x00\xd1\x14D\xa3Q\x0c\x0c\x0c\
\xe0\xe0\xc1\x83I5.\xee\x00\x88\xee@UU\xf4\xf5\
\xf5\xa1\xaa\xaa\x0a/\x85\xb7\xb0\x00\x88DZ\xfc\xdd\xdd\
\xddx\xef\xbd\xf7\xf0\xb7#_M\xba\xf1\xb1\x00\x88n\
#\x12\x89\xa0\xb3\xb3\x13\xcb\x0f[\x00|5)\xc7\xc8\
\x02\x98\x81\x0fV\x7f\x0a\xbb\xdd\x0e\x9dN\x87\xfe\xfe~\
|\xe5t.CI\xa2\xc5\xef\xf5zQPeK\xea\
q\xb2\x00\xa6)\xb4\xcf\x01\xc01\xf1snn.B\
\xab\xaeo\x19\xd3\x0f\x0c0\xa0\x04\xdf\xf6{\xbd^\x1c\
:t\x080~\x83\x05@_\x5c\xf8\xb7\xa7\xd3\xe9\x10\
\xda\xe7@WW\x17\x96\xbdmb`\x09\xba\xf8\x0b\xaa\
lI\xbf\xf8\x01\xfeo\xc0)\xbb\xb2y\xec\x8e\x8b\xff\
Fn\xb7\x1b\xc1\xe7\xadx\xeb\xdez\x86\x97 \xa2\xd1\
(\xba\xba\xba\xf0\xc0\x11\xab0cf\x01L\xc1\xffg\
\xd7\xc2\xedv\xdf\xfd\xf6J\xafGii)\xce\xac\xef\
f\x88\x09\xf0\xc9\xef\xf7\xfb\xe3\xea\xc9\xbd,\x808\xf0\
\x8a\xfa\x06\x0a\x0b\x0bg\xf4\x1a\xf9\xf9\xf9h\xdf\xc6g\
/\xc6#I\x92\xa0\xaa*<\x1e\x0f\x96\xfe\xc9(\xdc\
\xf8Y\x00w\x90\x99\x99\x89\x05\x0b\x16\xccx\x929\x1c\
\x0e\xf8\xbf\x99\xc2@\xe3\xcc\xe0\xe0 .]\xba\x94\xf4\
W\xfbY\x00\xd3d4\x1ao\xf9\xbd\xea\xd3\x0aZ\x96\
\x91\x92\x92\x82\xe0\xf3V\x86\x1aG~\x9c\xfe-\x94\x9e\
\xcf\x13v\xfc,\x80)|zK\x92\x14\xb3\xd7\xd2\xeb\
\xf5\x08\xeds\xa0m\xab\xcap\x89\x05 *\xa7\xd3\x09\
\xdf.\x1dj\xbf\xece\x18\xc4\x02\x10\x91\xcdfC^\
^\x1e.m\x0a\xe1@\xfaQ\x06B,\x00\xd1\x18\x8d\
F\xe4\xe4\xe4\xa0\xa4\xa4\x04\x7f\xcc=\xcd@\x88\x05 \
\xea)\xc1#\x8f<\x82\x13k\xda\xf0\x8a\xfa\x06\x03\xa1\
9\xc1[\x81\xe3\x88\xd9l\xc6\xca\x95+\x91\x99\x99\x89\
\x8c\x0f\x8e\xe2\x85kO0\x14\xe2\x0e@\xa8F\xd6\xeb\
\xe1v\xbb\xb1m\xdb6\x1c\x5c|\x06/]\xf9\x19C\
!\xee\x00D,\x82'\x9ex\x02\x0b\x16,\xc0\xbf\xf1\
\xd2\x00q\x07 \xa6U\xabV\xa1eK\x98A\x10\x0b\
@T.\x97\x0b\xfd{-\x0c\x82X\x00\xa22\x18\x0c\
\x08\xeds\xe0\xd3\xa7\x22\x0c\x83X\x00\xa2r:\x9d\xe8\
\xd9c\xc2\x1f\xbe\xf41\xc3 \x16\x80h$IBj\
j*6l\xd8\x80\xc6'\xf9\xe81b\x01\x08Y\x02\
F\xa3\x11\xd9\xd9\xd9\xe8\xd8\xc1<\x88\x05 $\x9dN\
\x07\x87\xc3\x01\xcfN\x89a\x10\x0b@Tv\xbb\x1d]\
\xbb\xaf?\xb3\xe05\xfd\x9b\x0c\x84X\x00\xa2\xb1X,\
\xe8\xdfkAYY\x19\xde\x5cR\xc7@hJx'\
`\x121\x18\x0cp\xbb\xdd\xb0\xd9l\xa8J\xfb3\x9e\
l\x5c\xceP\x88;\x00\xd1\xa4\xa5\xa5\xa1\xb8\xb8\x18\xa7\
\xd6\xf9\xf0K\xc3[\x0c\x84X\x00\xc2\xfd\xc5\xca2\x0a\
\x0a\x0aPVV\x86\x8a\xcc\x0f\x19\x08\xb1\x00D\xe4r\
\xb9\xb0a\xc3\x06\x96\x00\xb1\x00De6\x9b\xf1\xe0\x83\
\x0f2\x08b\x01\x88j\xd1\xa2Ex\xb7\xb0\x99A\x10\
\x0b@TN\xa7\x93!\x10\x0b@TV\xab\x95O\x1f\
&\x16\x80\xa8\x8cF#\xccf3\x83 \x16\x80\x88\xa2\
\xd1(T\x95\xbf\x91\x88X\x00B\xbav\xed\x1aZZ\
Z\x18\x04\xb1\x00D\xe4\xf7\xfb\xf1O\x96\xbd\x0c\x82X\
\x00\xa2\xe9\xea\xea\xc2\xe5\xcb\x97\x19\x04\xb1\x00D\x13\x0a\
\x85p\xf6\xecY\xfc\xdd\xd8f\x86A7\xe1\xb7\x01\x93\
\x5coo/\xea\xea\xea\xb0\xd3S\xcc0\x88\x05 \x8a\
h4\x8a\xd6\xd6V\xd4\xd5\xd5\xe1[\x03O2\x10\xe2\
)\x80(FGGq\xee\xdc9TTTp\xf1\x13\
w\x00\xa2\x88D\x22\x08\x06\x83hnn\xbe\xfe0\x10\
\xd7K\x0c\x85X\x00\x22\x18\x19\x19\x81\xcf\xe7\xc3\xa9S\
\xa7\xf0\xe2P\x19\x03!\x16\x80(\x86\x86\x86p\xe1\xc2\
\x05<~!\x1f\x00\x17?\xf1\x1a\x80\x10\xa2\xd1(\x86\
\x87\x87QYY\xf9\xd9\xe2'\xe2\x0e@\x98\xc5\xdf\xd3\
\xd3\x83eo\x9b\x00\x942\x10\xe2\x0e@\x14ccc\
\xa8\xae\xae\xfel\xf1\x13q\x07 \x8c\xbe\xbe>\xe4\xfe\
Q\x06\xb0\x8aa\x10w\x00\xa2P\x14\x05\x17/^\xfc\
l\xf1\x13q\x07 \x0c\xbf\xdf\x8f\xba\xba:\xec\xe8x\
\x98a\x10\x0b@$\x8d\x8d\x8d8y\xf2$^\xd6\xb6\
3\x0cb\x01\x88BUU|\xf4\xd1G(\xbb\xbc\x02\
\x00\x17?\xb1\x00\x84Y\xf8\x81@\x00g\xce\x9c\xe17\
\xf8\x88\x05 \x92\x91\x91\x91\x89o\xf0\xf1\xbb\xfb\xc4\x02\
\x10H0\x18DCC\x036]*\x00\x90\xc5@\x88\
\x05 \x02EQ\x10\x08\x04\xf0\xf1\xc7\x1fcw\xd7W\
\x18\x08\xb1\x00D144\x04\x9f\xcf\x87#G\x8e\xe0\
\x07\xa6=\x0c\x84X\x00\xa2\x18\x18\x18@]]\x1d6\
_Y\x05p\xf1\xd3<\xe1mew\xa0iZL_\
OUU\x84B!\x1c8p\xe0\xfa\xe2'b\x01\xc4\
\xf79\xba\xa2(1)\x12EQ\xe0\xf3\xf9\xe0~]\
\xc1\x0f\xcd\xcf1\xdc8\xf0\xa3\xe0~\x1cy\xe0\x22\x0b\
\x80&w\xf5\xeaUtvv\xc6d\xcb\xff\xfe\xfb\xef\
c\xf9a\x0bC\x8d#V\xab\x15\x05\x05\x05,\x00\x9a\
\xdc\x0fL{\xd0\xd4\xd44\xa3\xd7\xf8\xe4\x93O\xb0\x7f\
\xff~lk_\xcb@\xe3\x90^\xafG\xff^\x0b\x0b\
\x80&\xb7\xb5m\x0dzzz\xa6u\xbe_SS\x83\
\x07\x8f;\xf1#\xdb\x0b\x0c2NI\x92\x04\x83\xc1\x80\
k/\xd8X\x004\xb9\xca\xcaJ\x0c\x0f\x0fO\xf9\xcf\
\xfb\xfd~\xa4\x1f\x18\xf8\xec\xc6\x1eJ\x04:\x9d\x0e\xc1\
\xe7\xad8\xfbX/\xbe\xdf\xf9\x1a\x0b\x80>\xf7Rx\
\x0b\x16\xfe\xcf\x18\x9a\x9b\x9b\x11\x89D\xfe\xea\xa7\xfe\x99\
3gPQQ\xc1\xd0\x12\xf4t`\xf1\xe2\xc5\xd8\xbd\
{7\xfey\xf0\xd7\xc9?^\xfe\x95\xdf\x9d\x87\xaa\x17\
\xe07\xe7\xdfDvv6\x9cN'\xd2\xd2\xd2\x00\x5c\
\xff\xfd{\x1e\x8f\x07\xdd\xdd\xdd\xd8\x17\xda\x04\xa4,e\
X\x09\xca`0`\xf1\xe2\xc5\xd8\xbcy3\x0c\x87\x7f\
\x87\x7fL\xf9&\x0b\x80>\xb7\xb7\xbf\x14\xe8\x07~\xd8\
\xf7+\xd8l6h\x9a\x86\xfe\xfe~\xfc\x8c\xbf\x88#\
\xe9J\xa0\xbc\xbc\x1c\xc6c\xff\x87\x7f\x90\xbf\xce\x02\xa0\
\x9b\xfd\xe4\x9e\xef|\xfe\x83\x8by$c\x09\xe4\xe6\xe6\
\xa2\xac\xac\x0c\xda;o\xe0{\xba]\xbc\x06@$\xda\
5\x81\xac\xac,l\xd9\xb2\x05\xbf\x88T\xb0\x00\x88D\
,\x01\xb7\xdb\x8d]\xbbv\xe1\xe7\xe1\xffe\x01\x10\x89\
F\x96e8\x1c\x0e\xec\xd9\xb3\x07\xaf\xe2\xf7,\x00\x22\
\xd1H\x92\x04\xbb\xdd\x8e\xa7\x9f~\x1a\xffnz\x9b\x05\
@$\x22\xab\xd5\x8a\xa7\x9ez\x0a\xffe\xabb\x01\x10\
\x89\xc8f\xb3\xa1\xbc\xbc\x1c\xaf\xbbkX\x00D\xa2\xee\
\x04JJJp\xe8\xbes,\x00\x22\x11\xa5\xa5\xa5a\
\xf5\xea\xd5\x09\xfbL\x01\x16\x00\xd1\x0cH\x92\x04\x8b\xc5\
\x82\xa2\xa2\x22T?\xd4\xca\x02 \x12\xb1\x04\xccf3\
\x96/_\x9ep%\xc0\x02 \x8aQ\x09\xa4\xa6\xa6b\
\xc5\x8a\x15,\x00\xa2D[\xbc\xb1z\x1d\x93\xc9\x84\xbe\
g\xd3X\x00D\x89\xc0d2\xc1`0\xc4\xfc5{\
\x9fIe\x01\x10\xc5\xbb\xd4\xd4\xd4\x98\x17\x00\x00\xa4\xa4\
\xa4$\xc4N@\xfeW\xddA\xce\x02\x12\x96\xcd6{\
\xcf\x01L\x84\xd3\x01\xb9\xb0\xb0\x90\xb3\x80\x84\xe5v\xbb\
g\xfd\x14#\xf0\x9c9\xee\xc6\xddT~\xfd\xf9\x96\xf2\
\xd2\xa5|t\x15\x89+;;{\xd6\x8fa4\x1a\xe3\
\xee\xb1\xe3\x8b\x16-\xba^\x00\x0e\x87\x83\xb3\x80\x84\xb5\
p\xe1\xc299\xce\xf8c\xc7\xafl\x1e\x8b\xafS\x00\
\x00xsI\x1dg\x02\x09\xe7\x83\xd5\x9f\xce\xe9\xf1t\
:\x1d\x5c.\x17:v\xcc\xef\xb8C\xfb\x1c7\x17\xc0\
\xbau\xeb8\x1bH8K\x96,\x99\xf3cJ\x92\x04\
\x87\xc3\x81\xab\xdb\xb5y\x19\xf3\xf9\xd2\xfe[w\x00\xe3\
\x8f\xb6&\x12\x89\xddn\x9f\xb7c;\x1c\x8ey\xd9\x09\
|\xb1\xf4&\xee\x03\xf0\xec\x948#H\x18\xde\xaf\xcb\
1\xbb\x03p\xba;\x01\xbb\xdd\x8e\xb6\xad\xea\x9c\x1d\xb3\
\x7f\xaf\xe5\x961O\x14\x80\xcdfCU\xc1%\xce\x0c\
Jz\x17\x1e\x0f\xc2j\xb5\xce\xfb\xfb\x90$\x09\x19\x19\
\x19sr:\xd0\xfb\xcc\xe47<M\x14\x80,\xcb(\
**\xe2\xec\xa0\xa4\x97\x95\x95\x05Y\x8e\x8f\x9b`e\
Y\x86\xddnG\xd7n\xc3\xac\xbc\xfe\xf9\xd2~\xf4>\
\x93\x8a\x94\x94\x94\xc9\x8f\x7f\xe3\x0ff\xb3\x19-[\xc2\
\x9c!\x94\xd4L&S\x5c\xbd\x1fY\x96a\xb1X\xd0\
\xf7l\x1a\xce\x95\x04b\xf6\xbaW\xb7k\xc8\xcd\xcd\xbd\
\xed\xe2\x07\x00I\xd3\xb4\x9b\xf6\x1f\xaa\xaa\xc2\xeb\xf5\xe2\
\x81#V\xce\x14J\xba\xf3~\xab\xd5\x1a7\x9f\xfe\x93\
\x89F\xa3\x18\x1a\x1a\x82\xd7\xeb\xc5\x9a\x13w\xff\xeb\xa6\
j\xd6\xb6###\x03999w\xbc\xc6!I\x92\
tK\x01\x00@8\x1c\x86\xc7\xe3A\xe1\xbb\xbcI\x88\
\x92\xc7\xe0\xb7\xed\xf3z\xe1\xefn)\x8a\x82\xbe\xbe>\
\xf4\xf6\xf6\x22\x14\x0a!\x1c\x0eCQ\x14(\x8a\x82\x1d\
\x1d\x0f\xdf\xf4g\xeb\x1f\xf5\xc3\xe9t\xc2\xe1pLy\
\x8c\xb7-\x80\xf1\x12\xc8\xf8\xed\x10g\x0d%\xbcK\x9b\
B\xc8\xc9\xc9I\xf8qh\x9a\x06UU\xa1\xaa*4\
M\x83^\xaf\x87N\xa7\x9bv\xa9\xfd\xd5\x02\x18?\x1d\
\xf0\xfb\xfdX\xf6\xb6\x89\xb3\x88\x12R\xdbV\x15N\xa7\
\x93AL\xa7\x00\xc6\x85B!\xd4\xd4\xd4\xdc\xb2\xed \
\x8ag\xdd\xdf0\xc2l63\x88\x99\x16\xc0\xb8\x86\x86\
\x06\xd4\xd6\xd6\xe2em;\xd3\xa3\xb8v\xe3\xfd\xee\x14\
\xa3\x02\x00\x80\xd1\xd1Q455\xe1\xf0\xe1\xc3\xf8\x97\
\x8c\x17\x99\x22\xc5\x8d\xa6\xf2a\xb8\x5c.\xe8\xf5z\x86\
1[\x050.\x1c\x0e\xc3\xe7\xf3a\xc5\xd1t&I\
\xf3\xa6\x22\xf3C\xac[\xb7\x0e\x19\x19\x19\x0cc.\x0b\
\xe0\x8b:::\xd0\xd0\xd0\x80\x9d\x9eb&K\xb3\xea\
\xe8\x8a\xcb\xc8\xcf\xcf\xe7\xa2\x8fA\x01\xfc\x05m\x0c\xcb\
\xde\x90\xc8({\x00\x00\x00\x00IEND\xaeB`\
\x82\
"

qt_resource_name = b"\
\x00\x05\
\x00O\xa6S\
\x00I\
\x00c\x00o\x00n\x00s\
\x00\x09\
\x08\x97\xa2\x07\
\x00s\
\x00t\x00a\x00r\x00t\x00.\x00p\x00n\x00g\
\x00\x07\
\x04\xcaW\xa7\
\x00n\
\x00e\x00w\x00.\x00p\x00n\x00g\
\x00\x08\
\x0bcX\x07\
\x00s\
\x00t\x00o\x00p\x00.\x00p\x00n\x00g\
\x00\x09\
\x0c\x98\xbaG\
\x00p\
\x00a\x00u\x00s\x00e\x00.\x00p\x00n\x00g\
\x00\x08\
\x08\xc8Xg\
\x00s\
\x00a\x00v\x00e\x00.\x00p\x00n\x00g\
\x00\x08\
\x06\xc1Y\x87\
\x00o\
\x00p\x00e\x00n\x00.\x00p\x00n\x00g\
\x00\x07\
\x08sW\x87\
\x00a\
\x00p\x00p\x00.\x00p\x00n\x00g\
\x00\x10\
\x08\x92\xb8\xa7\
\x00t\
\x00o\x00u\x00c\x00h\x00_\x00s\x00c\x00r\x00e\x00e\x00n\x00.\x00p\x00n\x00g\
\x00\x08\
\x02\x8cY\xa7\
\x00p\
\x00l\x00a\x00y\x00.\x00p\x00n\x00g\
"

qt_resource_struct = b"\
\x00\x00\x00\x00\x00\x02\x00\x00\x00\x01\x00\x00\x00\x01\
\x00\x00\x00\x00\x00\x00\x00\x00\
\x00\x00\x00\x00\x00\x02\x00\x00\x00\x09\x00\x00\x00\x02\
\x00\x00\x00\x00\x00\x00\x00\x00\
\x00\x00\x00\xd0\x00\x00\x00\x00\x00\x01\x00\x02\x92\xda\
\x00\x00\x01\x90\xb2l\xaf*\
\x00\x00\x00(\x00\x00\x00\x00\x00\x01\x00\x01T\x8d\
\x00\x00\x01\x96w\xae\x0d\xf1\
\x00\x00\x00\x80\x00\x00\x00\x00\x00\x01\x00\x01\xb5\xa5\
\x00\x00\x01\x96w\xb1Z\xec\
\x00\x00\x00\x96\x00\x00\x00\x00\x00\x01\x00\x01\xd6f\
\x00\x00\x01\x96w\xb8B\xd8\
\x00\x00\x00\xaa\x00\x00\x00\x00\x00\x01\x00\x02\x1eL\
\x00\x00\x01\x96w\xb4\x03\x92\
\x00\x00\x00\x10\x00\x00\x00\x00\x00\x01\x00\x00\x00\x00\
\x00\x00\x01\x90\xfa\xd0\x0f\xfc\
\x00\x00\x00j\x00\x00\x00\x00\x00\x01\x00\x01\x9eR\
\x00\x00\x01\x96w\xb2\x03u\
\x00\x00\x00<\x00\x00\x00\x00\x00\x01\x00\x01\x86\x9e\
\x00\x00\x01\x90\xb2s|a\
\x00\x00\x00R\x00\x00\x00\x00\x00\x01\x00\x01\x90\xb4\
\x00\x00\x01\x90\xb2{s\xb7\
"

def qInitResources():
    QtCore.qRegisterResourceData(0x03, qt_resource_struct, qt_resource_name, qt_resource_data)

def qCleanupResources():
    QtCore.qUnregisterResourceData(0x03, qt_resource_struct, qt_resource_name, qt_resource_data)

qInitResources()
